# OBJ file created by 3D Model Creator
mtllib model.mtl
o model
v -0.279994 -16.1252 -5.91025 0.760784 0.517647 0.196078
v 0.169334 -16.3438 -5.81244 0.756863 0.52549 0.227451
v -1.17405 -15.2303 -5.98667 0.8 0.572549 0.215686
v -0.496221 -15.0416 -6.10111 0.827451 0.603922 0.160784
v 0.328241 -15.5387 -6.01174 0.768627 0.537255 0.203922
v 1.28882 -15.2518 -5.95614 0.807843 0.596078 0.278431
v -1.27147 -14.38 -6.03409 0.870588 0.682353 0.180392
v -0.389738 -14.4723 -6.19078 0.870588 0.666667 0.192157
v 0.555661 -14.6151 -6.13995 0.870588 0.666667 0.207843
v 1.36213 -14.3647 -6.09104 0.878431 0.694118 0.184314
v -1.54069 -13.4919 -6.03031 0.894118 0.698039 0.211765
v -0.511774 -13.4688 -6.22472 0.894118 0.709804 0.2
v 0.12386 -13.7068 -6.23056 0.901961 0.709804 0.235294
v 1.54454 -13.7496 -6.02304 0.886275 0.698039 0.211765
v 1.85899 -12.8776 -5.90821 0.905882 0.72549 0.235294
v -1.50964 -12.5127 -6.01041 0.913725 0.733333 0.192157
v -0.122739 -12.1866 -6.07808 0.921569 0.745098 0.25098
v 1.11114 -12.5507 -6.13954 0.909804 0.729412 0.227451
v 1.62473 -12.5391 -6.08684 0.901961 0.72549 0.211765
v 1.83999 -12.6406 -6.02888 0.894118 0.721569 0.207843
v -1.59594 -11.8999 -5.94183 0.921569 0.737255 0.239216
v -0.299736 -11.0353 -6.01836 0.941176 0.768627 0.290196
v 0.665325 -11.5511 -6.10039 0.921569 0.737255 0.278431
v 1.32524 -11.5289 -5.90236 0.92549 0.745098 0.266667
v -0.92285 -11.0088 -5.96974 0.941176 0.764706 0.301961
v -0.495982 -10.6867 -6.05207 0.941176 0.764706 0.294118
v 0.485816 -11.0124 -6.04661 0.921569 0.752941 0.301961
v 1.21714 -11.0054 -5.89431 0.933333 0.74902 0.301961
v -3.21455 -19.0329 -5.06532 0.439216 0.458824 0.462745
v -2.4965 -19.0329 -5.3056 0.4 0.364706 0.368627
v 2.59207 -19.0329 -5.29612 0.427451 0.447059 0.447059
v 3.19387 -19.0329 -5.03274 0.509804 0.513726 0.509804
v -3.09303 -18.8979 -4.89578 0.34902 0.333333 0.34902
v -2.56103 -18.9631 -5.25456 0.392157 0.356863 0.360784
v -1.502 -18.8448 -5.5153 0.396078 0.360784 0.364706
v -0.335806 -18.2199 -5.08474 0.596078 0.384314 0.164706
v 0.649199 -18.0741 -5.09492 0.6 0.388235 0.137255
v 1.22787 -18.1875 -5.0549 0.572549 0.376471 0.156863
v 3.0798 -18.8095 -4.63678 0.380392 0.396078 0.403922
v 3.32336 -18.9065 -4.73175 0.388235 0.364706 0.364706
v -2.47796 -17.2 -4.7755 0.698039 0.458824 0.14902
v -1.2735 -17.2336 -5.25331 0.67451 0.435294 0.105882
v -0.670767 -17.3613 -5.36868 0.686275 0.435294 0.145098
v 0.225483 -17.4125 -5.38467 0.678431 0.454902 0.121569
v 1.36901 -17.4646 -5.22468 0.686275 0.439216 0.160784
v 2.36279 -17.5788 -4.9699 0.690196 0.439216 0.141176
v -2.73173 -16.2347 -5.09226 0.745098 0.513726 0.176471
v -2.43931 -16.3257 -5.19868 0.74902 0.505882 0.211765
v -1.37621 -16.1942 -5.59786 0.737255 0.501961 0.207843
v -0.669709 -16.5604 -5.65032 0.760784 0.533333 0.270588
v 0.637479 -16.6375 -5.67698 0.764706 0.545098 0.266667
v 1.84773 -16.3834 -5.39755 0.764706 0.541176 0.254902
v 2.88224 -16.2824 -5.01844 0.764706 0.529412 0.176471
v 2.98576 -15.9071 -5.07878 0.784314 0.572549 0.27451
v -3.36833 -15.4545 -4.95082 0.776471 0.552941 0.25098
v -2.53827 -15.8694 -5.30058 0.768627 0.545098 0.247059
v -1.44397 -15.5614 -5.79365 0.764706 0.529412 0.172549
v -0.528397 -15.7049 -5.90676 0.768627 0.541176 0.227451
v 0.621188 -15.8435 -5.90617 0.74902 0.513726 0.2
v 1.73313 -15.3853 -5.8304 0.776471 0.556863 0.262745
v 2.61201 -15.3403 -5.40272 0.827451 0.603922 0.298039
v 2.9641 -15.6437 -5.13716 0.772549 0.541176 0.239216
v -3.70748 -14.7259 -4.88702 0.827451 0.6 0.203922
v -2.32973 -14.9782 -5.55936 0.819608 0.607843 0.203922
v -1.81346 -15.0883 -5.7467 0.811765 0.592157 0.196078
v 0.639457 -15.2822 -5.94525 0.788235 0.596078 0.333333
v 1.65309 -14.6589 -5.97922 0.835294 0.627451 0.176471
v 2.38288 -14.778 -5.6447 0.831373 0.623529 0.176471
v 2.89595 -14.2596 -5.4532 0.886275 0.698039 0.196078
v -3.64189 -13.6579 -5.01765 0.85098 0.65098 0.215686
v -2.66309 -13.4468 -5.53574 0.870588 0.682353 0.188235
v -1.87792 -13.8094 -5.95363 0.87451 0.682353 0.215686
v 2.69667 -13.4555 -5.54927 0.898039 0.709804 0.223529
v 3.31288 -13.2359 -5.18482 0.905882 0.721569 0.2
v -3.55475 -12.2584 -5.10697 0.92549 0.752941 0.243137
v -2.41884 -12.4559 -5.76484 0.909804 0.741176 0.231373
v -2.13825 -12.2332 -5.85536 0.917647 0.733333 0.223529
v 1.69737 -12.1561 -5.75603 0.913725 0.737255 0.235294
v 1.91056 -12.4275 -5.86178 0.909804 0.733333 0.239216
v 3.49935 -12.7903 -5.05821 0.894118 0.713726 0.211765
v -2.99212 -11.3502 -5.28083 0.921569 0.745098 0.254902
v -2.34578 -11.7762 -5.65129 0.909804 0.733333 0.243137
v -1.76993 -11.394 -5.92877 0.929412 0.752941 0.25098
v 1.82635 -11.3239 -5.73112 0.92549 0.733333 0.278431
v 2.51163 -11.4836 -5.688 0.917647 0.745098 0.266667
v 4.00297 -11.7305 -4.491 0.917647 0.729412 0.247059
v -3.0675 -10.5071 -5.14601 0.929412 0.745098 0.290196
v -2.42185 -10.5257 -5.43225 0.941176 0.760784 0.298039
v -1.44657 -10.4081 -5.68065 0.929412 0.752941 0.282353
v -0.581167 -10.6432 -5.93132 0.941176 0.764706 0.298039
v 0.603382 -10.5705 -5.94353 0.937255 0.752941 0.294118
v 1.28052 -10.3592 -5.80629 0.92549 0.74902 0.294118
v 1.98279 -10.3551 -5.51243 0.929412 0.756863 0.286275
v 3.27544 -10.2497 -4.80378 0.933333 0.760784 0.266667
v -3.3407 -10.471 -4.93878 0.92549 0.741176 0.282353
v -2.62774 -9.96867 -5.18269 0.94902 0.756863 0.298039
v -1.44403 -9.26653 -5.40168 0.945098 0.760784 0.298039
v -0.541106 -9.54072 -5.64995 0.94902 0.772549 0.301961
v 0.525776 -9.51235 -5.57944 0.945098 0.768627 0.301961
v 1.79638 -9.59569 -5.40278 0.952941 0.776471 0.321569
v 2.47604 -9.88446 -5.18092 0.941176 0.764706 0.278431
v 2.99349 -9.98555 -4.95329 0.937255 0.760784 0.301961
v -2.17336 -8.69521 -4.83028 0.952941 0.776471 0.305882
v -1.26151 -8.64148 -5.18605 0.945098 0.772549 0.286275
v -0.690916 -8.94097 -5.40737 0.933333 0.760784 0.305882
v 0.365385 -8.32457 -5.19296 0.94902 0.784314 0.313726
v 1.2591 -8.71081 -5.27027 0.937255 0.764706 0.313726
v 1.61579 -8.67033 -5.10531 0.952941 0.776471 0.32549
v -0.302485 -7.85002 -4.84368 0.941176 0.776471 0.313726
v 0.327162 -7.93386 -5.01147 0.937255 0.780392 0.301961
v 1.13191 -8.38497 -5.13159 0.937255 0.764706 0.294118
v -3.95145 -18.7562 -3.74883 0.25098 0.223529 0.203922
v -3.5955 -19.0329 -4.57616 0.384314 0.372549 0.372549
v 3.61116 -19.0329 -4.65219 0.505882 0.517647 0.54902
v 4.01081 -19.0286 -4.23995 0.47451 0.494118 0.52549
v -3.33384 -18.3872 -3.89135 0.486275 0.345098 0.227451
v -2.86975 -18.3323 -4.32524 0.498039 0.364706 0.196078
v -1.31706 -18.3525 -5.05337 0.529412 0.368627 0.203922
v -0.651791 -18.5724 -4.91119 0.47451 0.423529 0.376471
v 0.832612 -18.7473 -5.02693 0.262745 0.211765 0.2
v 1.41995 -18.4365 -4.9666 0.45098 0.34902 0.262745
v 2.82018 -18.3787 -4.43383 0.494118 0.356863 0.203922
v 3.38157 -17.9821 -4.13057 0.603922 0.368627 0.180392
v 3.9526 -18.9034 -4.21211 0.439216 0.45098 0.478431
v -3.88483 -16.4371 -4.15996 0.737255 0.505882 0.203922
v -3.60091 -17.2458 -4.00097 0.639216 0.427451 0.141176
v -2.60741 -17.4684 -4.63237 0.639216 0.415686 0.168627
v -1.61043 -17.7238 -5.04943 0.635294 0.415686 0.164706
v 1.66417 -17.8753 -5.06648 0.619608 0.372549 0.160784
v 2.77735 -17.7314 -4.58919 0.647059 0.411765 0.141176
v 3.04703 -17.2534 -4.55481 0.713726 0.486275 0.152941
v -4.14503 -16.1126 -4.23851 0.733333 0.501961 0.196078
v -3.07927 -16.0279 -4.91415 0.768627 0.564706 0.301961
v -2.94369 -16.642 -4.74922 0.768627 0.533333 0.203922
v -2.01104 -16.7116 -5.03122 0.745098 0.505882 0.192157
v 2.98712 -16.7407 -4.78198 0.745098 0.494118 0.184314
v 3.15022 -16.5673 -4.72518 0.745098 0.529412 0.227451
v 4.0191 -16.6869 -3.98014 0.768627 0.54902 0.211765
v -4.28021 -15.371 -4.35125 0.780392 0.560784 0.254902
v -3.79737 -15.4469 -4.68986 0.792157 0.564706 0.262745
v 2.51176 -15.9795 -5.14714 0.752941 0.501961 0.184314
v 3.55166 -15.7693 -4.77733 0.788235 0.54902 0.188235
v 4.29576 -15.632 -4.14953 0.796078 0.568627 0.215686
v -4.20992 -14.3398 -4.53703 0.854902 0.639216 0.180392
v -3.8633 -14.5306 -4.80027 0.854902 0.631373 0.188235
v 3.84257 -14.6375 -4.69063 0.847059 0.631373 0.172549
v 4.50118 -14.449 -4.2387 0.85098 0.654902 0.176471
v -4.46989 -13.8043 -4.26529 0.85098 0.654902 0.25098
v -3.62567 -13.3437 -4.84546 0.854902 0.658824 0.176471
v 4.42155 -13.2031 -4.38152 0.890196 0.713726 0.227451
v -4.55533 -11.9648 -4.05428 0.909804 0.729412 0.25098
v -3.92834 -12.0165 -4.85322 0.917647 0.729412 0.247059
v 4.03244 -12.5091 -4.64703 0.87451 0.670588 0.219608
v 4.51722 -12.6485 -4.29885 0.886275 0.694118 0.235294
v -4.39525 -11.013 -4.21597 0.921569 0.733333 0.309804
v -3.7487 -11.5603 -4.90156 0.905882 0.72549 0.25098
v -2.56089 -12.0425 -5.28988 0.933333 0.756863 0.227451
v 2.91626 -11.4797 -4.91418 0.937255 0.780392 0.262745
v 3.87537 -11.4775 -4.57898 0.905882 0.721569 0.266667
v 4.15293 -11.508 -4.3723 0.909804 0.737255 0.258824
v -4.1187 -10.5562 -4.34832 0.921569 0.737255 0.309804
v -3.7398 -10.626 -4.68004 0.921569 0.745098 0.286275
v 3.79537 -10.2068 -4.34614 0.937255 0.752941 0.290196
v 4.24241 -10.5729 -4.01479 0.937255 0.772549 0.305882
v -3.88494 -9.85891 -4.28517 0.921569 0.737255 0.282353
v -3.50138 -9.96569 -4.63437 0.921569 0.741176 0.305882
v -2.83512 -9.22749 -4.91676 0.933333 0.760784 0.309804
v 2.6358 -8.87754 -4.6924 0.92549 0.760784 0.290196
v 3.34029 -9.57701 -4.62009 0.933333 0.756863 0.294118
v 4.09853 -9.74254 -4.02518 0.929412 0.764706 0.298039
v -3.70712 -8.87426 -4.0323 0.933333 0.752941 0.317647
v -3.0014 -8.71095 -4.46703 0.937255 0.760784 0.301961
v -1.57558 -8.00043 -4.74928 0.941176 0.780392 0.337255
v 1.78264 -8.13832 -4.76936 0.94902 0.784314 0.317647
v 2.46349 -8.17412 -4.45691 0.952941 0.788235 0.309804
v 3.19372 -8.5111 -4.26265 0.933333 0.764706 0.32549
v -3.3661 -8.30868 -3.97169 0.945098 0.764706 0.305882
v -2.57498 -7.74942 -4.07487 0.937255 0.772549 0.337255
v -1.57077 -7.38263 -4.22922 0.952941 0.784314 0.368627
v -0.99228 -7.65866 -4.67635 0.941176 0.776471 0.337255
v 0.940409 -7.80496 -4.74817 0.941176 0.772549 0.313726
v 1.88649 -7.85846 -4.52563 0.937255 0.776471 0.32549
v 2.40695 -7.64985 -4.283 0.941176 0.776471 0.333333
v 3.07189 -8.17271 -4.11241 0.941176 0.772549 0.329412
v -1.83265 -6.89387 -3.73701 0.929412 0.741176 0.356863
v -0.604423 -7.08869 -4.28792 0.937255 0.764706 0.380392
v 0.495763 -7.06275 -4.32572 0.92549 0.756863 0.384314
v 1.16521 -6.85948 -3.9368 0.917647 0.752941 0.360784
v -4.0338 -18.8088 -3.58519 0.243137 0.188235 0.180392
v -3.46622 -18.98 -3.28441 0.290196 0.360784 0.454902
v 4.6173 -19.0119 -3.58631 0.45098 0.454902 0.494118
v 5.08077 -19.0329 -3.00476 0.47451 0.482353 0.501961
v -4.24584 -18.2459 -2.71669 0.552941 0.333333 0.160784
v -3.62617 -18.5212 -3.62714 0.368627 0.313726 0.278431
v -2.8371 -18.8882 -3.84591 0.247059 0.227451 0.203922
v 3.10841 -18.6661 -4.08915 0.254902 0.235294 0.254902
v 3.66859 -18.236 -3.71216 0.560784 0.364706 0.14902
v 4.03178 -18.4305 -3.60002 0.427451 0.352941 0.313726
v 5.04047 -18.9686 -3.08898 0.384314 0.384314 0.4
v -4.39937 -17.2419 -3.25942 0.666667 0.415686 0.14902
v -3.88479 -18.0967 -3.46185 0.568627 0.368627 0.152941
v 3.78014 -17.791 -3.81344 0.631373 0.4 0.14902
v 4.48624 -17.8985 -3.17956 0.627451 0.4 0.121569
v -4.85864 -16.2797 -3.14929 0.745098 0.482353 0.188235
v -4.46174 -16.4555 -3.55079 0.74902 0.513726 0.172549
v 4.71212 -16.6881 -3.12597 0.760784 0.537255 0.2
v 4.77118 -15.8718 -3.44331 0.807843 0.576471 0.184314
v -4.65531 -15.2853 -3.87341 0.764706 0.537255 0.258824
v -4.45388 -15.7424 -4.06954 0.72549 0.513726 0.286275
v 4.68774 -15.425 -3.75722 0.788235 0.541176 0.227451
v 5.07754 -15.3975 -3.14957 0.780392 0.556863 0.211765
v -5.15626 -13.9557 -3.48246 0.839216 0.631373 0.196078
v -4.79045 -14.7502 -3.84794 0.823529 0.596078 0.203922
v 4.70821 -14.6241 -3.95493 0.858824 0.639216 0.215686
v 5.28104 -14.7771 -3.00482 0.827451 0.603922 0.184314
v -5.36613 -13.5031 -3.52489 0.835294 0.623529 0.207843
v 5.01695 -14.2104 -3.55084 0.878431 0.686275 0.188235
v 5.26534 -13.5835 -3.31706 0.87451 0.694118 0.192157
v -5.35904 -12.5837 -3.27986 0.894118 0.694118 0.2
v 4.33439 -12.1366 -4.2341 0.882353 0.694118 0.223529
v 5.12491 -12.6024 -3.34712 0.870588 0.67451 0.196078
v -5.26973 -11.1796 -3.04434 0.905882 0.717647 0.239216
v -4.88157 -11.1238 -3.65929 0.913725 0.721569 0.282353
v 4.3991 -11.3802 -4.04328 0.917647 0.741176 0.247059
v 4.87617 -11.4718 -3.58194 0.92549 0.74902 0.2
v -5.03046 -10.9396 -3.45357 0.917647 0.72549 0.270588
v -4.46793 -10.0993 -3.84802 0.913725 0.729412 0.286275
v 4.63032 -10.3695 -3.65369 0.933333 0.764706 0.321569
v 4.70844 -10.7451 -3.51703 0.921569 0.752941 0.309804
v -5.03723 -10.0455 -3.00145 0.913725 0.713726 0.254902
v -4.51846 -9.45088 -3.56273 0.933333 0.737255 0.294118
v -4.22281 -9.22608 -3.76511 0.933333 0.74902 0.298039
v 3.93683 -9.39304 -3.87246 0.921569 0.756863 0.286275
v 4.51094 -9.93898 -3.4345 0.929412 0.764706 0.301961
v -4.02314 -8.34918 -3.42113 0.933333 0.752941 0.313726
v -3.82262 -8.53444 -3.74745 0.933333 0.752941 0.313726
v 3.38468 -8.31641 -3.92957 0.933333 0.756863 0.298039
v 3.85429 -8.40416 -3.37462 0.913725 0.752941 0.290196
v -4.00526 -8.0417 -3.20561 0.92549 0.74902 0.301961
v -3.35336 -7.87039 -3.6565 0.921569 0.74902 0.341176
v -2.41704 -7.22472 -3.75358 0.945098 0.780392 0.384314
v 2.77758 -7.41677 -3.52451 0.941176 0.776471 0.345098
v 3.56829 -7.86224 -3.23722 0.937255 0.772549 0.329412
v 3.90317 -8.08247 -3.05831 0.933333 0.760784 0.32549
v -2.73908 -6.73748 -2.88028 0.905882 0.729412 0.356863
v -1.98071 -6.62218 -3.36737 0.917647 0.741176 0.380392
v -1.24927 -6.46959 -3.48136 0.898039 0.717647 0.419608
v -0.902147 -6.5794 -3.69025 0.901961 0.721569 0.392157
v 0.407345 -6.71201 -3.92802 0.901961 0.733333 0.368627
v 1.87369 -6.42578 -2.96871 0.870588 0.698039 0.447059
v 2.36829 -6.73744 -3.25316 0.898039 0.729412 0.396078
v 3.14972 -6.87569 -2.67966 0.921569 0.752941 0.352941
v -0.43743 -6.06514 -3.05498 0.866667 0.705882 0.482353
v 0.0498272 -6.3206 -3.37784 0.870588 0.690196 0.439216
v -4.20899 -19.0224 -2.26778 0.403922 0.447059 0.521569
v -3.88562 -19.0185 -2.79941 0.282353 0.305882 0.388235
v 5.2911 -19.0329 -2.49101 0.47451 0.494118 0.505882
v -4.40042 -18.4188 -2.34731 0.486275 0.345098 0.247059
v -3.92618 -18.8444 -3.03562 0.282353 0.247059 0.286275
v 4.44739 -18.8724 -3.03465 0.243137 0.196078 0.184314
v 4.49888 -18.42 -2.86707 0.494118 0.45098 0.494118
v 4.94285 -18.187 -2.61114 0.588235 0.388235 0.188235
v -5.34591 -16.7543 -1.81658 0.733333 0.494118 0.164706
v -4.838 -17.2271 -2.43977 0.65098 0.419608 0.180392
v 4.70536 -17.4693 -2.80159 0.701961 0.482353 0.14902
v 4.94084 -17.2938 -2.27327 0.729412 0.482353 0.168627
v -5.22017 -16.6054 -2.42243 0.737255 0.517647 0.184314
v -4.91962 -16.7015 -2.86111 0.741176 0.494118 0.14902
v 4.93359 -16.7835 -2.73861 0.74902 0.521569 0.207843
v 5.05804 -16.5232 -2.51939 0.768627 0.556863 0.184314
v -5.50469 -15.6022 -2.36453 0.752941 0.537255 0.294118
v -5.06533 -15.2257 -2.89766 0.768627 0.545098 0.258824
v 5.02025 -15.9337 -2.99363 0.8 0.572549 0.215686
v 5.47635 -15.6199 -2.2728 0.807843 0.580392 0.192157
v -5.72148 -14.5053 -2.38568 0.831373 0.611765 0.2
v 5.49768 -14.0919 -2.73544 0.87451 0.694118 0.168627
v -5.75475 -13.1173 -2.56691 0.854902 0.658824 0.176471
v -5.85813 -13.5201 -2.62356 0.819608 0.615686 0.25098
v 5.68944 -13.7086 -2.38812 0.878431 0.701961 0.196078
v -6.02517 -12.5643 -2.16919 0.898039 0.698039 0.207843
v -5.57836 -12.5374 -2.84492 0.894118 0.694118 0.235294
v -4.96058 -11.8919 -2.92916 0.94902 0.768627 0.215686
v 5.8325 -12.9221 -2.06651 0.878431 0.694118 0.239216
v -5.57293 -11.4852 -2.45594 0.901961 0.713726 0.223529
v -5.05183 -11.7845 -2.91755 0.933333 0.760784 0.243137
v 5.53281 -11.5742 -2.46757 0.92549 0.752941 0.266667
v -5.62822 -10.6638 -2.10987 0.92549 0.737255 0.290196
v 5.40844 -10.8997 -2.3272 0.929412 0.764706 0.301961
v -5.37646 -9.8345 -2.18046 0.909804 0.709804 0.266667
v -4.53131 -8.92253 -3.07339 0.929412 0.737255 0.337255
v 4.71234 -9.36032 -2.92602 0.937255 0.760784 0.301961
v 5.05271 -9.57628 -2.41467 0.941176 0.760784 0.309804
v -5.01318 -8.87723 -2.29391 0.92549 0.741176 0.282353
v -4.56974 -8.17911 -2.4352 0.929412 0.737255 0.290196
v 3.85321 -8.0689 -2.59526 0.937255 0.776471 0.317647
v 4.63436 -8.36676 -1.96293 0.913725 0.752941 0.301961
v 4.96056 -9.18219 -2.25403 0.937255 0.764706 0.345098
v -4.32409 -7.8526 -2.48019 0.929412 0.745098 0.305882
v -3.42575 -7.45077 -3.09087 0.933333 0.764706 0.360784
v 3.65529 -7.45826 -2.64414 0.933333 0.760784 0.368627
v 3.74809 -7.67399 -2.72316 0.941176 0.772549 0.364706
v -3.76341 -6.97601 -2.17436 0.905882 0.733333 0.368627
v -3.30773 -6.67813 -2.33725 0.909804 0.72549 0.372549
v -2.66905 -6.38354 -2.47558 0.87451 0.701961 0.462745
v -1.92122 -6.16018 -2.56876 0.847059 0.709804 0.533333
v -1.04208 -6.23657 -3.09464 0.878431 0.701961 0.384314
v 0.777254 -6.04641 -2.88346 0.87451 0.717647 0.486275
v 1.37744 -6.11171 -2.78934 0.886275 0.709804 0.423529
v 2.47886 -6.5579 -2.82119 0.886275 0.705882 0.368627
v 3.30237 -6.73744 -2.2906 0.913725 0.74902 0.368627
v -2.09488 -5.93621 -2.11219 0.839216 0.690196 0.588235
v -1.41903 -5.94621 -2.508 0.835294 0.709804 0.603922
v -0.64463 -5.95361 -2.8744 0.839216 0.709804 0.552941
v 0.415885 -5.95305 -2.76723 0.823529 0.701961 0.588235
v 1.42344 -5.96517 -2.57266 0.85098 0.705882 0.588235
v 2.11176 -5.97029 -2.12901 0.854902 0.686275 0.454902
v -4.50611 -19.0072 -1.66207 0.364706 0.345098 0.376471
v -5.03379 -18.6177 -1.46976 0.321569 0.227451 0.223529
v -4.77047 -18.5307 -1.67157 0.4 0.294118 0.258824
v 4.88225 -18.2867 -1.49471 0.54902 0.356863 0.219608
v -5.24279 -17.1725 -1.12605 0.686275 0.435294 0.168627
v -4.85134 -17.9735 -1.52274 0.603922 0.411765 0.172549
v 4.91824 -17.813 -1.58861 0.654902 0.419608 0.117647
v 5.13507 -17.2881 -1.49207 0.729412 0.482353 0.152941
v -5.59193 -16.4017 -1.43903 0.756863 0.611765 0.423529
v 5.42043 -16.2116 -1.82095 0.784314 0.552941 0.219608
v -5.90534 -15.1814 -1.44189 0.772549 0.54902 0.188235
v -5.58422 -16.079 -1.80971 0.737255 0.533333 0.258824
v 5.74855 -15.2083 -1.51086 0.784314 0.584314 0.372549
v 6.02239 -14.7479 -0.915113 0.827451 0.615686 0.2
v -5.89074 -14.3328 -1.91501 0.835294 0.619608 0.196078
v -5.72677 -14.7502 -2.1791 0.811765 0.596078 0.192157
v 5.85928 -14.1188 -1.90221 0.866667 0.67451 0.207843
v 5.9984 -14.2747 -1.26845 0.882353 0.690196 0.176471
v -6.09171 -13.9121 -1.1516 0.831373 0.607843 0.184314
v 5.91273 -13.8533 -1.80436 0.882353 0.694118 0.2
v 5.99 -13.7684 -1.49166 0.878431 0.701961 0.215686
v -6.11593 -12.7827 -1.38538 0.898039 0.698039 0.235294
v -5.89471 -12.4847 -1.86155 0.901961 0.709804 0.207843
v 5.95827 -12.4565 -1.75016 0.847059 0.619608 0.227451
v 6.0157 -12.6367 -1.50034 0.878431 0.670588 0.254902
v -5.78725 -11.3936 -1.6192 0.917647 0.72549 0.262745
v -5.7315 -11.2657 -2.15877 0.913725 0.721569 0.25098
v 5.82265 -11.6579 -1.5298 0.917647 0.733333 0.27451
v 5.97468 -12.2939 -1.34851 0.854902 0.627451 0.223529
v -5.90937 -10.7854 -1.22467 0.929412 0.733333 0.270588
v -5.82377 -10.6562 -1.46677 0.921569 0.733333 0.27451
v 5.52413 -10.0532 -0.775862 0.956863 0.784314 0.309804
v -5.50767 -9.50419 -1.46745 0.929412 0.737255 0.270588
v 5.2769 -9.31459 -1.49969 0.937255 0.768627 0.32549
v -5.17642 -8.65895 -1.27986 0.933333 0.745098 0.313726
v -4.85792 -8.34495 -1.9279 0.921569 0.733333 0.301961
v 4.93543 -8.26865 -1.29394 0.921569 0.756863 0.313726
v 5.10481 -8.67345 -1.27855 0.94902 0.784314 0.317647
v -4.87419 -7.91223 -1.1568 0.933333 0.756863 0.294118
v -4.26402 -7.37338 -1.54951 0.937255 0.752941 0.356863
v -3.72489 -6.94516 -1.96367 0.909804 0.72549 0.368627
v 3.67097 -7.02666 -1.93719 0.929412 0.760784 0.388235
v 4.48223 -7.61715 -1.3076 0.945098 0.780392 0.368627
v -3.85629 -6.74822 -1.31301 0.909804 0.729412 0.356863
v -3.56802 -6.55554 -1.41017 0.898039 0.721569 0.392157
v -2.95221 -6.32248 -1.78769 0.878431 0.690196 0.431373
v 2.91473 -6.44073 -1.9896 0.858824 0.698039 0.439216
v 3.37068 -6.50698 -1.50757 0.878431 0.705882 0.411765
v 4.15212 -7.03526 -0.677685 0.929412 0.760784 0.392157
v -2.62355 -6.02447 -1.40527 0.823529 0.705882 0.572549
v 2.48991 -6.06289 -1.62193 0.870588 0.686275 0.439216
v -4.99398 -18.3921 -0.646272 0.513726 0.341176 0.223529
v -4.83687 -18.5654 -1.13659 0.458824 0.309804 0.247059
v 4.9307 -18.1986 -0.642419 0.572549 0.396078 0.164706
v -5.2222 -17.4967 -0.0857129 0.654902 0.501961 0.321569
v 4.99661 -17.8127 -1.08168 0.643137 0.403922 0.145098
v 5.26084 -17.3101 -0.393351 0.72549 0.486275 0.160784
v -5.75834 -15.968 -0.50169 0.729412 0.560784 0.368627
v 5.6241 -16.4457 -0.560453 0.784314 0.564706 0.196078
v -6.03629 -15.1677 -0.318559 0.737255 0.54902 0.345098
v -5.98936 -15.2234 -0.664881 0.760784 0.52549 0.219608
v 5.93546 -15.5261 -0.53101 0.811765 0.592157 0.203922
v 6.08944 -14.9429 -0.219256 0.827451 0.6 0.215686
v -6.08532 -14.8118 -0.494639 0.807843 0.576471 0.203922
v 6.11796 -14.2215 -0.437506 0.886275 0.698039 0.203922
v -6.20308 -13.5789 -0.535251 0.878431 0.678431 0.215686
v 6.07986 -13.5254 -0.888133 0.882353 0.701961 0.207843
v -6.17079 -12.868 -0.713148 0.890196 0.709804 0.223529
v 6.15075 -12.6942 -0.520494 0.890196 0.705882 0.231373
v -6.07296 -11.9808 0.0283393 0.913725 0.729412 0.215686
v 5.87287 -11.2542 -1.06403 0.92549 0.74902 0.254902
v 6.03161 -11.6325 -0.532386 0.905882 0.721569 0.239216
v -5.94492 -10.8332 -0.579895 0.921569 0.72549 0.254902
v -5.75368 -10.1552 -0.7856 0.909804 0.709804 0.254902
v 5.7644 -10.5123 0.0541713 0.937255 0.780392 0.278431
v 5.93526 -11.18 -0.267374 0.929412 0.768627 0.254902
v -5.51858 -9.25407 -0.529963 0.92549 0.733333 0.266667
v 5.29249 -9.01343 -0.639593 0.945098 0.780392 0.305882
v -5.20412 -8.48936 -0.468044 0.941176 0.74902 0.278431
v -5.08937 -8.37272 -0.401373 0.945098 0.760784 0.298039
v 5.00163 -8.21812 -0.888617 0.913725 0.74902 0.305882
v 5.09641 -8.47849 -0.925816 0.92549 0.760784 0.317647
v -5.05611 -8.1497 -0.439958 0.945098 0.760784 0.321569
v -4.80832 -7.74547 -0.474906 0.94902 0.764706 0.345098
v 4.71032 -7.76495 -0.540817 0.941176 0.776471 0.329412
v 5.01174 -8.22445 -0.690963 0.917647 0.74902 0.313726
v -4.14713 -6.90381 -0.420912 0.933333 0.737255 0.345098
v -3.5885 -6.46929 -0.0422036 0.894118 0.705882 0.415686
v -3.19199 -6.27259 -0.881997 0.886275 0.709804 0.447059
v 2.75711 -6.1216 -1.28086 0.866667 0.698039 0.435294
v 3.46838 -6.37366 -0.425955 0.878431 0.709804 0.454902
v 4.1031 -6.80664 -0.158323 0.929412 0.768627 0.376471
v -3.06798 -6.08132 -0.303078 0.862745 0.701961 0.529412
v -2.75645 -5.99511 -0.712448 0.807843 0.686275 0.568627
v 2.77601 -5.95622 -0.67747 0.858824 0.690196 0.462745
v 3.14254 -6.1907 -0.830006 0.866667 0.705882 0.439216
v -5.57558 -18.6848 0.458809 0.364706 0.341176 0.34902
v -4.92435 -18.435 0.561776 0.517647 0.352941 0.231373
v 4.82358 -18.7242 -0.13179 0.486275 0.443137 0.462745
v 5.03625 -18.0818 0.330344 0.670588 0.458824 0.172549
v -5.26652 -17.4134 0.492337 0.682353 0.466667 0.231373
v -5.02157 -17.9274 0.742579 0.639216 0.415686 0.2
v 5.0705 -17.5242 1.01974 0.701961 0.482353 0.168627
v 5.38457 -17.2708 0.606545 0.701961 0.466667 0.196078
v -5.3447 -16.7035 1.00505 0.756863 0.513726 0.188235
v 5.72473 -16.4614 0.0998202 0.705882 0.45098 0.188235
v 5.93831 -15.9328 0.231611 0.72549 0.501961 0.215686
v -6.00344 -15.2329 0.321033 0.72549 0.568627 0.376471
v -5.88837 -15.5858 0.646412 0.733333 0.572549 0.360784
v 6.2313 -14.8009 0.428472 0.823529 0.611765 0.188235
v -6.11539 -14.3121 0.0915164 0.839216 0.619608 0.184314
v 6.31374 -14.5945 0.250092 0.827451 0.611765 0.227451
v -6.1136 -13.7685 0.723861 0.878431 0.662745 0.164706
v 6.33543 -14.0474 0.325444 0.835294 0.631373 0.196078
v -6.11241 -12.9604 0.962693 0.890196 0.690196 0.192157
v 6.18144 -12.9748 0.810165 0.878431 0.678431 0.227451
v -6.02399 -11.6828 0.927933 0.917647 0.733333 0.215686
v -5.97494 -11.2481 0.500548 0.913725 0.72549 0.254902
v 5.64491 -10.8011 0.606438 0.94902 0.752941 0.262745
v 6.19506 -11.6604 0.542825 0.898039 0.713726 0.243137
v -5.91871 -10.7946 0.2425 0.917647 0.717647 0.286275
v -5.78789 -10.2639 0.684674 0.917647 0.721569 0.270588
v 5.67143 -10.5947 0.649781 0.94902 0.752941 0.262745
v 5.84836 -10.5935 0.415621 0.94902 0.752941 0.262745
v -5.66554 -9.79 0.452292 0.933333 0.733333 0.278431
v 5.71296 -9.53699 0.330608 0.894118 0.654902 0.258824
v 5.67499 -9.6789 0.790003 0.905882 0.67451 0.282353
v -5.20197 -8.55451 0.1648 0.933333 0.74902 0.321569
v 4.84157 -8.16146 0.493401 0.929412 0.67451 0.34902
v 5.14273 -8.36989 0.185203 0.890196 0.643137 0.32549
v -4.87387 -7.82439 0.232337 0.94902 0.772549 0.368627
v -4.92536 -8.17901 0.849158 0.94902 0.760784 0.321569
v 4.71065 -7.42467 0.495472 0.894118 0.619608 0.290196
v 4.8657 -7.72708 0.404212 0.898039 0.643137 0.282353
v -4.375 -7.26248 0.531362 0.945098 0.768627 0.360784
v -3.58623 -6.52838 1.095 0.929412 0.721569 0.372549
v -2.85697 -6.03476 0.537849 0.831373 0.65098 0.462745
v 3.87712 -6.64599 0.745209 0.870588 0.635294 0.380392
v 4.3278 -6.99411 0.355082 0.878431 0.623529 0.345098
v 3.21208 -5.92218 0.514503 0.807843 0.666667 0.541176
v -5.57968 -19.0329 1.528 0.372549 0.34902 0.352941
v -5.64465 -18.9215 1.50095 0.384314 0.341176 0.313726
v -4.76645 -18.4242 1.99513 0.466667 0.321569 0.203922
v 4.56979 -18.5267 1.51445 0.584314 0.376471 0.223529
v 4.90691 -18.0558 1.02142 0.65098 0.427451 0.176471
v -5.16341 -17.2952 1.34013 0.694118 0.454902 0.168627
v -4.8527 -17.9359 1.66006 0.631373 0.431373 0.203922
v 4.99802 -17.5572 1.69286 0.698039 0.478431 0.2
v 5.27307 -17.3315 1.4341 0.666667 0.447059 0.211765
v -5.4486 -16.339 1.75861 0.733333 0.572549 0.388235
v 5.52545 -16.4441 1.73215 0.698039 0.47451 0.196078
v 6.03477 -15.4562 0.859009 0.772549 0.537255 0.152941
v -5.98461 -15.0777 0.756607 0.772549 0.584314 0.352941
v -5.78602 -15.1352 1.50946 0.721569 0.556863 0.380392
v 5.95331 -15.1702 1.82252 0.776471 0.545098 0.180392
v 6.06325 -15.1139 1.29907 0.776471 0.545098 0.172549
v -6.01509 -14.0701 1.45185 0.839216 0.635294 0.184314
v -5.90924 -14.4647 1.73946 0.8 0.580392 0.196078
v 6.11697 -14.7705 1.47007 0.807843 0.592157 0.188235
v -6.03528 -13.5373 1.55055 0.878431 0.67451 0.172549
v -5.9779 -13.7181 1.78455 0.866667 0.670588 0.168627
v 6.16575 -14.0342 1.61968 0.796078 0.596078 0.223529
v -6.0378 -12.5952 1.29168 0.901961 0.705882 0.211765
v -5.83981 -12.248 1.86668 0.905882 0.709804 0.223529
v 6.07956 -12.8187 1.86039 0.882353 0.690196 0.231373
v -5.97852 -11.7247 1.33749 0.917647 0.741176 0.235294
v -5.82796 -11.1786 1.38289 0.909804 0.72549 0.258824
v 5.95561 -11.3095 1.38823 0.913725 0.733333 0.298039
v -5.36236 -9.60681 1.46337 0.937255 0.745098 0.270588
v 5.71693 -10.4352 1.03002 0.92549 0.72549 0.270588
v 5.79042 -10.6713 1.40684 0.921569 0.721569 0.290196
v -5.20336 -8.91769 1.36325 0.929412 0.737255 0.270588
v 5.46441 -9.20918 1.42423 0.901961 0.670588 0.266667
v -4.92181 -8.28474 1.38083 0.941176 0.74902 0.313726
v -4.92751 -8.45466 1.6702 0.941176 0.760784 0.286275
v 4.72275 -8.2145 1.51196 0.921569 0.65098 0.270588
v 5.45449 -9.06034 0.917257 0.901961 0.654902 0.290196
v -4.94094 -8.41167 1.49496 0.941176 0.74902 0.313726
v 4.35509 -7.21141 1.43656 0.921569 0.647059 0.313726
v 4.92668 -7.79422 1.00008 0.913725 0.666667 0.258824
v -3.943 -6.82284 1.19858 0.929412 0.737255 0.360784
v -3.43319 -6.51996 1.59855 0.894118 0.709804 0.392157
v -2.78789 -6.27065 1.74202 0.866667 0.705882 0.462745
v 2.77031 -6.139 2.02225 0.87451 0.662745 0.423529
v 3.58437 -6.39591 1.35222 0.898039 0.639216 0.388235
v 4.1551 -6.84481 1.38655 0.890196 0.643137 0.368627
v 2.5683 -5.98115 1.8928 0.8 0.709804 0.627451
v 3.09309 -5.951 1.19629 0.803922 0.65098 0.580392
v -5.26545 -19.0344 2.55063 0.407843 0.376471 0.352941
v -4.0896 -19.0265 2.73259 0.423529 0.482353 0.576471
v -3.67307 -19.0227 3.19089 0.376471 0.443137 0.517647
v -5.40047 -18.9511 2.33679 0.384314 0.352941 0.34902
v -4.02615 -18.5962 2.86323 0.278431 0.219608 0.239216
v -3.82378 -18.9139 3.05307 0.403922 0.505882 0.588235
v 4.19833 -17.8476 2.8457 0.647059 0.439216 0.168627
v -4.84318 -17.2087 2.19029 0.682353 0.443137 0.172549
v -4.687 -17.6616 2.35796 0.588235 0.388235 0.196078
v 4.89081 -17.2947 2.56226 0.639216 0.435294 0.196078
v 5.10231 -17.0123 2.48725 0.713726 0.486275 0.145098
v -5.27221 -16.3483 2.32741 0.705882 0.572549 0.337255
v -4.79238 -16.673 2.72512 0.72549 0.482353 0.243137
v 5.07937 -16.7665 2.63081 0.686275 0.470588 0.239216
v 5.19375 -16.3683 2.84368 0.690196 0.458824 0.160784
v -5.37614 -15.7589 2.46505 0.690196 0.529412 0.4
v 5.64897 -15.4613 2.49512 0.772549 0.533333 0.160784
v 6.11167 -14.5054 1.69509 0.815686 0.607843 0.196078
v -5.64231 -14.43 2.45896 0.796078 0.568627 0.176471
v 5.37571 -14.3072 2.95407 0.807843 0.592157 0.207843
v 5.81192 -14.5139 2.41466 0.811765 0.596078 0.12549
v 6.0988 -14.4462 2.24158 0.796078 0.584314 0.211765
v -5.84864 -13.6645 2.07346 0.862745 0.654902 0.196078
v 5.94657 -13.3647 2.34074 0.85098 0.654902 0.215686
v 5.99414 -13.5444 2.25131 0.839216 0.635294 0.2
v -5.61893 -12.6854 2.64323 0.886275 0.682353 0.211765
v 5.87975 -12.7779 2.426 0.882353 0.701961 0.219608
v 6.11828 -12.5045 2.21358 0.882353 0.698039 0.227451
v -5.48298 -11.9867 2.83456 0.901961 0.705882 0.243137
v 5.61863 -11.7655 2.7317 0.898039 0.721569 0.215686
v 5.90259 -12.1372 2.24946 0.890196 0.709804 0.239216
v -5.23076 -10.407 2.73286 0.890196 0.686275 0.258824
v 4.83189 -10.0276 2.96223 0.945098 0.741176 0.266667
v 5.58852 -10.8747 2.47117 0.917647 0.717647 0.215686
v -5.0851 -9.57012 2.47829 0.933333 0.733333 0.262745
v -4.97366 -9.44008 2.80757 0.921569 0.713726 0.294118
v 5.19758 -10.1974 2.2141 0.933333 0.721569 0.247059
v 5.25176 -9.35582 2.13665 0.913725 0.686275 0.266667
v -4.77196 -8.64337 2.34577 0.909804 0.721569 0.286275
v -4.53265 -8.26845 2.57818 0.92549 0.733333 0.305882
v 4.24699 -8.36211 2.67316 0.937255 0.686275 0.262745
v 4.68919 -8.62217 2.67594 0.909804 0.682353 0.305882
v 5.01335 -8.88885 2.36295 0.905882 0.67451 0.305882
v -4.50067 -7.99096 2.12883 0.92549 0.737255 0.305882
v -3.78953 -7.03063 2.1153 0.921569 0.729412 0.341176
v 3.5908 -7.31557 3.01061 0.905882 0.690196 0.321569
v 4.27159 -7.74967 2.54873 0.917647 0.694118 0.341176
v -3.87769 -6.85855 1.70097 0.929412 0.733333 0.368627
v -3.35553 -6.82413 2.48138 0.905882 0.721569 0.396078
v -2.73766 -6.60893 2.78685 0.886275 0.698039 0.411765
v -1.6768 -6.08581 2.73616 0.858824 0.690196 0.47451
v 1.90881 -6.17902 2.89953 0.858824 0.686275 0.462745
v 2.50442 -6.23259 2.56057 0.862745 0.654902 0.423529
v 3.33614 -6.64028 2.46555 0.870588 0.658824 0.376471
v 3.99314 -6.90601 1.76346 0.886275 0.65098 0.345098
v -1.97856 -6.0668 2.41897 0.847059 0.709804 0.529412
v -1.79175 -5.96258 2.08533 0.807843 0.682353 0.533333
v 1.4086 -6.02237 2.65539 0.854902 0.682353 0.47451
v 2.2881 -6.03433 2.36133 0.87451 0.662745 0.431373
v -4.94798 -18.9371 2.73168 0.411765 0.356863 0.368627
v -4.84686 -19.0458 3.40809 0.490196 0.494118 0.478431
v -3.41725 -19.0316 3.54392 0.423529 0.447059 0.509804
v -2.90264 -19.0072 3.99515 0.482353 0.52549 0.584314
v -3.89182 -18.0717 3.2981 0.568627 0.341176 0.152941
v -3.47269 -18.5226 3.54957 0.333333 0.239216 0.219608
v -2.39776 -18.869 3.70593 0.517647 0.32549 0.227451
v 1.46639 -18.9157 4.20132 0.588235 0.380392 0.160784
v 2.61128 -18.7964 3.68509 0.592157 0.368627 0.192157
v 3.40017 -18.3615 3.45153 0.65098 0.435294 0.192157
v 3.72945 -17.9387 3.53096 0.639216 0.435294 0.188235
v -4.35883 -17.6913 3.03585 0.584314 0.372549 0.164706
v -3.68397 -17.6979 3.7481 0.603922 0.376471 0.192157
v 3.49877 -17.5871 4.0543 0.654902 0.431373 0.203922
v 4.46028 -17.0698 3.45953 0.65098 0.431373 0.2
v -5.15078 -16.1808 2.8623 0.713726 0.529412 0.388235
v -4.88736 -16.3731 2.999 0.698039 0.509804 0.294118
v -3.80887 -16.6114 3.86126 0.768627 0.545098 0.270588
v 4.84769 -16.7325 3.13243 0.670588 0.443137 0.239216
v 5.00849 -16.2922 3.28629 0.658824 0.431373 0.2
v -4.93685 -15.628 3.37387 0.690196 0.505882 0.352941
v -4.68537 -15.5637 3.7785 0.678431 0.482353 0.317647
v -3.78238 -16.1043 4.10883 0.721569 0.494118 0.270588
v 4.64391 -15.6637 3.93714 0.74902 0.505882 0.219608
v 5.38353 -15.1134 3.09322 0.788235 0.541176 0.188235
v -4.96857 -14.1458 3.63442 0.8 0.580392 0.2
v 5.31049 -14.3542 3.53778 0.811765 0.576471 0.168627
v -5.33573 -12.9407 3.39159 0.854902 0.643137 0.203922
v 5.67104 -13.5748 2.90099 0.803922 0.588235 0.180392
v -5.23099 -12.5867 3.54581 0.878431 0.678431 0.219608
v 5.46704 -12.858 3.28067 0.882353 0.686275 0.235294
v -5.28428 -11.9605 3.38911 0.886275 0.690196 0.239216
v -4.84854 -11.4061 3.81177 0.890196 0.701961 0.254902
v 4.89178 -11.2582 3.90375 0.898039 0.709804 0.27451
v 5.20242 -11.1964 3.36492 0.921569 0.737255 0.235294
v -5.08423 -10.5551 3.29159 0.886275 0.686275 0.278431
v -4.72961 -10.3537 3.76032 0.882353 0.678431 0.266667
v -4.00723 -10.5921 4.25261 0.929412 0.729412 0.258824
v 4.86777 -10.625 3.6224 0.921569 0.72549 0.239216
v 5.14233 -10.6174 3.20454 0.913725 0.713726 0.254902
v -4.79645 -9.91299 3.43685 0.886275 0.67451 0.247059
v -4.5192 -9.52257 3.69931 0.894118 0.682353 0.278431
v -3.51837 -9.55559 4.2567 0.901961 0.701961 0.27451
v 4.77541 -9.52764 3.19065 0.913725 0.686275 0.254902
v 4.96119 -9.79332 2.94968 0.921569 0.701961 0.290196
v -4.55028 -8.95804 3.14467 0.898039 0.694118 0.301961
v -4.05005 -8.94392 3.7168 0.886275 0.694118 0.286275
v 3.66379 -8.4884 4.00043 0.917647 0.690196 0.294118
v 4.45444 -8.72809 3.12628 0.92549 0.686275 0.290196
v -3.76698 -7.96446 3.26424 0.905882 0.721569 0.313726
v -3.25912 -7.40232 3.50451 0.92549 0.737255 0.333333
v -2.98252 -7.33866 3.69545 0.913725 0.733333 0.34902
v 2.83203 -7.23761 3.8026 0.894118 0.686275 0.364706
v 3.28307 -7.65547 3.80424 0.913725 0.705882 0.337255
v 4.1457 -8.39047 3.32635 0.905882 0.682353 0.254902
v -3.0932 -6.99476 3.16664 0.909804 0.721569 0.360784
v -2.55695 -6.93219 3.54078 0.913725 0.721569 0.352941
v -1.17107 -6.37486 3.33667 0.898039 0.760784 0.584314
v -0.0826744 -6.28324 3.58127 0.870588 0.701961 0.509804
v 0.451452 -6.27911 3.61278 0.85098 0.698039 0.498039
v 1.75643 -6.41074 3.42332 0.847059 0.690196 0.501961
v 2.1899 -6.62144 3.53572 0.913725 0.694118 0.356863
v 2.66099 -6.67885 3.12376 0.901961 0.682353 0.392157
v -1.05912 -5.93707 3.04199 0.807843 0.682353 0.537255
v 0.899192 -6.19052 3.32904 0.847059 0.658824 0.427451
v -1.94159 -18.948 4.40432 0.305882 0.372549 0.411765
v -1.29337 -18.9462 4.75526 0.286275 0.254902 0.286275
v -0.907372 -18.9322 4.88706 0.235294 0.211765 0.235294
v 1.12071 -18.8783 4.82254 0.239216 0.270588 0.282353
v 1.50941 -18.8847 4.63303 0.282353 0.282353 0.313726
v -2.81988 -17.8803 4.25415 0.560784 0.32549 0.188235
v -2.78602 -18.4507 4.10987 0.443137 0.321569 0.27451
v -1.41704 -18.642 4.70576 0.407843 0.298039 0.211765
v -0.568829 -18.5916 4.9322 0.513726 0.352941 0.215686
v 0.99345 -18.4358 4.75713 0.631373 0.431373 0.184314
v 1.61542 -18.5838 4.55806 0.623529 0.411765 0.188235
v 2.33987 -18.3732 4.30943 0.65098 0.407843 0.231373
v 3.20042 -18.2085 3.79222 0.654902 0.411765 0.215686
v -4.05432 -17.347 3.55414 0.615686 0.45098 0.294118
v -3.20161 -17.3914 4.29993 0.647059 0.470588 0.305882
v -2.54981 -17.3533 4.74346 0.639216 0.431373 0.215686
v -1.65666 -17.9264 4.90394 0.643137 0.415686 0.172549
v 1.57703 -17.9808 4.95093 0.682353 0.447059 0.164706
v 2.6 -17.9051 4.4349 0.658824 0.443137 0.176471
v 3.22237 -17.2195 4.56435 0.67451 0.447059 0.215686
v 4.2141 -16.9335 3.85664 0.682353 0.447059 0.203922
v -4.05193 -16.1395 4.18224 0.721569 0.521569 0.305882
v -3.36306 -16.3203 4.76362 0.694118 0.505882 0.313726
v -2.9119 -16.7261 4.83806 0.690196 0.458824 0.176471
v 2.98095 -16.977 4.76995 0.72549 0.478431 0.176471
v 3.94784 -16.6665 4.21969 0.690196 0.439216 0.188235
v 4.24728 -16.4411 4.14729 0.678431 0.505882 0.34902
v -4.36863 -15.5991 4.13213 0.690196 0.52549 0.380392
v -3.99256 -15.69 4.39302 0.768627 0.521569 0.152941
v 3.80232 -15.6259 4.81547 0.74902 0.509804 0.188235
v 4.1356 -15.4317 4.60742 0.752941 0.517647 0.227451
v -4.14735 -14.5474 4.50265 0.713726 0.596078 0.486275
v -3.8974 -14.3989 4.5182 0.811765 0.596078 0.34902
v 4.47376 -14.1256 4.54851 0.827451 0.603922 0.180392
v 5.07388 -14.0547 3.95755 0.827451 0.603922 0.188235
v -4.84345 -13.3055 4.16926 0.831373 0.607843 0.207843
v -4.4611 -13.4351 4.52075 0.843137 0.619608 0.188235
v -3.9984 -14.0438 4.48055 0.811765 0.596078 0.34902
v 4.80314 -13.5494 4.28069 0.839216 0.627451 0.2
v 5.10575 -13.4801 3.99834 0.835294 0.623529 0.203922
v -4.84276 -12.8607 4.15551 0.862745 0.643137 0.219608
v -4.63616 -12.3499 4.36122 0.854902 0.647059 0.227451
v 4.26134 -12.0892 4.64223 0.882353 0.686275 0.207843
v 5.06876 -12.535 3.89617 0.87451 0.67451 0.227451
v -4.4751 -11.5633 4.38465 0.890196 0.686275 0.247059
v -3.92572 -11.0523 4.73291 0.882353 0.678431 0.27451
v 3.85509 -11.004 4.89593 0.901961 0.705882 0.270588
v 4.57255 -10.9493 4.16659 0.905882 0.713726 0.231373
v -4.3123 -11.0746 4.37999 0.894118 0.694118 0.27451
v -3.77559 -10.61 4.71852 0.886275 0.67451 0.270588
v 3.90819 -10.7903 4.79337 0.901961 0.705882 0.266667
v 4.41554 -10.128 4.03246 0.913725 0.713726 0.266667
v -4.2219 -9.8049 4.03622 0.886275 0.678431 0.309804
v -3.40013 -9.64707 4.70278 0.898039 0.690196 0.266667
v -3.18601 -9.37987 4.70084 0.898039 0.705882 0.286275
v 3.6121 -9.8982 4.70108 0.909804 0.709804 0.286275
v 4.16372 -9.76868 4.18593 0.913725 0.705882 0.282353
v -4.27959 -9.24448 3.833 0.882353 0.686275 0.309804
v -2.78906 -8.71494 4.66599 0.905882 0.713726 0.317647
v -2.63446 -8.32625 4.54505 0.929412 0.737255 0.32549
v -1.96295 -7.99543 4.58072 0.92549 0.733333 0.32549
v 1.98248 -8.04476 4.81182 0.921569 0.713726 0.313726
v 2.25474 -8.36069 4.89797 0.913725 0.709804 0.294118
v 2.8282 -8.40592 4.55118 0.909804 0.698039 0.282353
v 4.01627 -9.06873 4.06248 0.913725 0.694118 0.27451
v -2.94071 -7.87197 4.06585 0.921569 0.733333 0.301961
v -2.63103 -7.53945 4.07125 0.933333 0.737255 0.364706
v -1.5505 -7.32713 4.47078 0.913725 0.709804 0.309804
v -0.704153 -7.44001 4.81985 0.905882 0.709804 0.32549
v 0.447883 -7.32618 4.56548 0.909804 0.713726 0.321569
v 1.3795 -7.8364 4.81697 0.905882 0.705882 0.282353
v 2.68833 -7.5669 4.14871 0.917647 0.713726 0.305882
v 3.08703 -7.84831 4.14953 0.909804 0.694118 0.34902
v -2.06135 -7.18798 4.15427 0.92549 0.729412 0.34902
v -1.55636 -6.87796 4.08653 0.917647 0.721569 0.341176
v -0.817925 -7.12926 4.46474 0.917647 0.72549 0.345098
v 0.395122 -6.57425 3.97396 0.913725 0.717647 0.388235
v 1.45764 -6.68793 3.89878 0.921569 0.709804 0.388235
v 2.12546 -7.18557 4.08149 0.909804 0.705882 0.333333
v -0.189846 -19.0303 5.03455 0.403922 0.431373 0.486275
v 0.547544 -18.8154 4.82662 0.286275 0.247059 0.219608
v -1.22774 -17.9576 5.05361 0.686275 0.470588 0.137255
v -0.35816 -18.0676 5.09735 0.670588 0.45098 0.188235
v 0.708403 -18.2786 5.00206 0.647059 0.423529 0.2
v 1.03252 -17.9963 5.08376 0.662745 0.431373 0.152941
v -2.29935 -16.7624 5.17003 0.694118 0.466667 0.180392
v -1.6007 -17.6122 5.09487 0.670588 0.45098 0.145098
v -0.393724 -17.2111 5.5739 0.690196 0.462745 0.219608
v 0.638603 -17.2667 5.52852 0.670588 0.462745 0.188235
v 1.60529 -17.1607 5.32972 0.729412 0.521569 0.341176
v 2.67742 -17.2732 4.85423 0.690196 0.482353 0.301961
v -3.16319 -16.1504 5.0597 0.705882 0.52549 0.380392
v -2.662 -16.0783 5.24148 0.666667 0.466667 0.262745
v -1.06147 -16.6164 5.66063 0.709804 0.568627 0.360784
v -0.279639 -16.6635 5.80825 0.701961 0.521569 0.333333
v 0.448117 -16.7458 5.76298 0.666667 0.458824 0.196078
v 1.62935 -16.355 5.72576 0.694118 0.45098 0.196078
v 2.52049 -16.1908 5.41806 0.713726 0.470588 0.188235
v 3.27522 -16.5061 4.80118 0.698039 0.458824 0.266667
v -3.48581 -15.6672 4.86977 0.733333 0.568627 0.45098
v -3.04586 -14.8095 5.35353 0.67451 0.521569 0.376471
v -1.77121 -15.631 5.79541 0.705882 0.47451 0.227451
v -0.0198037 -16.0071 5.97863 0.733333 0.490196 0.117647
v 2.04167 -15.9195 5.70944 0.768627 0.521569 0.2
v 2.57666 -15.6295 5.60054 0.768627 0.533333 0.188235
v 3.4416 -15.595 5.12027 0.776471 0.521569 0.184314
v -3.5944 -14.312 5.03514 0.760784 0.513726 0.192157
v -2.6679 -14.263 5.76918 0.780392 0.564706 0.298039
v -1.73391 -14.2838 5.76265 0.772549 0.572549 0.27451
v 2.81442 -14.6116 5.70743 0.760784 0.580392 0.388235
v 3.24668 -15.1269 5.31249 0.776471 0.572549 0.305882
v 3.74352 -14.0819 5.15545 0.843137 0.631373 0.227451
v -3.75802 -13.3718 5.08696 0.835294 0.635294 0.141176
v -3.33529 -13.8432 5.4247 0.831373 0.580392 0.184314
v -2.93275 -13.8234 5.66794 0.815686 0.572549 0.168627
v 2.48179 -13.5149 5.91288 0.870588 0.654902 0.192157
v 3.58865 -13.2375 5.3551 0.870588 0.654902 0.227451
v 3.99432 -13.3332 5.07748 0.854902 0.647059 0.231373
v -4.2725 -12.4149 4.67279 0.866667 0.662745 0.192157
v -3.40252 -12.4468 5.38446 0.866667 0.647059 0.2
v -2.93967 -12.4907 5.64702 0.87451 0.670588 0.2
v 3.16221 -12.6266 5.57275 0.878431 0.666667 0.215686
v 3.68511 -12.502 5.26015 0.886275 0.682353 0.227451
v 3.80555 -12.6945 5.20139 0.862745 0.658824 0.231373
v -3.10103 -11.3785 5.3689 0.894118 0.701961 0.243137
v -2.37622 -11.8697 5.84652 0.894118 0.701961 0.235294
v -2.05808 -11.2409 5.87092 0.909804 0.709804 0.247059
v 1.84312 -11.1632 5.99192 0.901961 0.713726 0.270588
v 2.52541 -11.0917 5.65829 0.905882 0.705882 0.27451
v 3.52666 -11.1626 5.15459 0.921569 0.721569 0.305882
v -3.52417 -10.4545 4.86046 0.886275 0.682353 0.227451
v -2.35869 -10.4962 5.62072 0.913725 0.705882 0.270588
v -1.96312 -10.306 5.74405 0.901961 0.698039 0.270588
v 1.03822 -10.2409 5.91202 0.905882 0.694118 0.266667
v 1.45949 -10.4379 5.91421 0.905882 0.701961 0.247059
v 2.59789 -10.1164 5.41997 0.921569 0.72549 0.258824
v 3.27819 -10.671 5.22288 0.901961 0.701961 0.243137
v -3.26871 -9.77348 4.9208 0.898039 0.694118 0.298039
v -2.38692 -9.81357 5.36968 0.913725 0.709804 0.270588
v -0.83105 -9.03056 5.43782 0.92549 0.717647 0.27451
v -0.52393 -9.91129 5.86369 0.905882 0.701961 0.247059
v 0.809078 -9.16505 5.5982 0.909804 0.705882 0.278431
v 1.29841 -9.67967 5.67326 0.905882 0.705882 0.243137
v 2.52366 -9.46546 5.24581 0.890196 0.682353 0.258824
v 3.12464 -9.42255 4.90041 0.898039 0.698039 0.262745
v -2.06487 -8.74137 5.1061 0.917647 0.713726 0.27451
v -1.75709 -8.48245 5.06953 0.937255 0.741176 0.301961
v 0.0877287 -8.16478 5.19415 0.913725 0.717647 0.313726
v 0.720582 -8.41502 5.30183 0.921569 0.717647 0.309804
v 1.38825 -8.58521 5.24993 0.913725 0.709804 0.294118
v 1.87296 -8.84319 5.24128 0.917647 0.709804 0.321569
v -1.10175 -7.70116 4.87023 0.913725 0.713726 0.32549
v -0.77182 -7.85339 4.98803 0.913725 0.717647 0.32549
v 0.821337 -7.66298 4.87987 0.921569 0.717647 0.317647
v 1.64682 -8.11765 4.99889 0.913725 0.709804 0.317647
v -1.20809 -15.71 5.95827 0.713726 0.478431 0.184314
v -0.287343 -15.9585 6.02665 0.733333 0.47451 0.160784
v 0.472511 -16.042 5.97295 0.729412 0.498039 0.188235
v 1.10611 -16.4922 5.79408 0.701961 0.486275 0.266667
v -1.45225 -15.4022 6.03187 0.686275 0.490196 0.298039
v 0.0490356 -15.0989 6.17773 0.694118 0.466667 0.27451
v 0.47603 -15.5591 6.11738 0.729412 0.498039 0.168627
v 1.5874 -15.7354 5.89742 0.745098 0.501961 0.176471
v 2.32652 -14.9763 5.86678 0.721569 0.52549 0.301961
v -2.30195 -14.6311 5.76069 0.729412 0.6 0.45098
v -1.37541 -14.7259 6.10602 0.709804 0.588235 0.45098
v -0.390002 -13.7402 6.31662 0.843137 0.647059 0.14902
v 1.12366 -14.2354 6.25336 0.803922 0.545098 0.164706
v 1.38613 -14.4559 6.17975 0.745098 0.521569 0.309804
v 1.88568 -14.7268 5.99311 0.67451 0.52549 0.360784
v -2.46638 -13.5592 5.84526 0.847059 0.643137 0.152941
v -1.28655 -13.8237 6.18656 0.835294 0.615686 0.14902
v -0.250911 -12.8809 6.4126 0.890196 0.678431 0.192157
v 0.519547 -13.7343 6.3688 0.858824 0.635294 0.184314
v 1.43686 -13.4917 6.24773 0.862745 0.662745 0.172549
v 1.89294 -13.6785 6.15464 0.85098 0.643137 0.2
v -2.05133 -12.617 5.98206 0.878431 0.678431 0.188235
v -1.27502 -13.0907 6.16847 0.882353 0.690196 0.168627
v -0.204725 -12.3505 6.40716 0.901961 0.701961 0.207843
v 0.837371 -12.3004 6.30627 0.882353 0.698039 0.223529
v 1.09412 -12.8807 6.3051 0.886275 0.67451 0.2
v 2.14559 -12.836 6.08115 0.878431 0.678431 0.215686
v -2.02332 -11.9233 6.00151 0.905882 0.709804 0.219608
v -1.16408 -11.601 6.08508 0.886275 0.705882 0.239216
v -0.248037 -12.004 6.31392 0.901961 0.705882 0.227451
v 0.27099 -12.0801 6.33761 0.898039 0.705882 0.227451
v 1.64874 -11.5285 6.09792 0.905882 0.709804 0.235294
v 2.20532 -12.1973 5.95741 0.901961 0.705882 0.219608
v -1.66356 -10.5278 5.83898 0.898039 0.690196 0.27451
v -0.37523 -10.6199 6.10617 0.894118 0.705882 0.254902
v 0.502744 -10.4482 6.05409 0.905882 0.701961 0.262745
v 1.04902 -11.1064 6.10275 0.901961 0.705882 0.262745
v -0.100167 -10.1591 6.00714 0.913725 0.709804 0.270588
v 0.525324 -9.97838 5.9804 0.913725 0.709804 0.282353
vt 0.242466 0.222547
vt 0.254635 0.205885
vt 0.219179 0.290736
vt 0.237084 0.305113
vt 0.258681 0.267236
vt 0.283916 0.289094
vt 0.216947 0.355525
vt 0.239994 0.348495
vt 0.264364 0.33761
vt 0.285015 0.356691
vt 0.210189 0.423199
vt 0.236944 0.424961
vt 0.253163 0.40682
vt 0.289952 0.403565
vt 0.298517 0.470004
vt 0.210835 0.497811
vt 0.246787 0.52266
vt 0.278496 0.494919
vt 0.291515 0.495801
vt 0.297144 0.488068
vt 0.208238 0.544504
vt 0.24208 0.610387
vt 0.26729 0.571084
vt 0.285152 0.572776
vt 0.22559 0.61241
vt 0.236986 0.636948
vt 0.26276 0.612132
vt 0.282409 0.612667
vt 0.16 0.000979864
vt 0.180003 0.000979719
vt 0.32244 0.000979864
vt 0.34 0.000979864
vt 0.160323 0.0112654
vt 0.177822 0.0062995
vt 0.207683 0.0153113
vt 0.239504 0.0629344
vt 0.270171 0.0740378
vt 0.287925 0.0653998
vt 0.343312 0.0180013
vt 0.347451 0.0106105
vt 0.173821 0.140646
vt 0.212148 0.138085
vt 0.230218 0.128357
vt 0.256661 0.124457
vt 0.290786 0.12048
vt 0.320632 0.111784
vt 0.171636 0.214197
vt 0.180176 0.207263
vt 0.211633 0.217285
vt 0.231224 0.189385
vt 0.267797 0.183505
vt 0.302493 0.202871
vt 0.332972 0.210563
vt 0.334586 0.239166
vt 0.154917 0.273652
vt 0.178922 0.242039
vt 0.211125 0.265507
vt 0.2358 0.254568
vt 0.266678 0.24401
vt 0.295986 0.27892
vt 0.321672 0.282352
vt 0.333291 0.259234
vt 0.146707 0.329168
vt 0.186842 0.309948
vt 0.20135 0.301553
vt 0.267053 0.286777
vt 0.292929 0.334271
vt 0.313574 0.325197
vt 0.327697 0.364699
vt 0.150076 0.410553
vt 0.178636 0.426637
vt 0.201371 0.399005
vt 0.321993 0.425975
vt 0.340491 0.442706
vt 0.153222 0.517187
vt 0.186772 0.502141
vt 0.194275 0.519106
vt 0.295639 0.524984
vt 0.300146 0.504302
vt 0.346323 0.476663
vt 0.167956 0.586396
vt 0.187381 0.553929
vt 0.203828 0.583053
vt 0.299099 0.588393
vt 0.316179 0.57623
vt 0.365866 0.557418
vt 0.164448 0.650633
vt 0.183254 0.649218
vt 0.210315 0.65818
vt 0.234455 0.640268
vt 0.266102 0.645802
vt 0.284547 0.661905
vt 0.304954 0.662216
vt 0.345244 0.670247
vt 0.155346 0.653383
vt 0.175317 0.691664
vt 0.208425 0.745165
vt 0.234804 0.724272
vt 0.264954 0.726434
vt 0.301088 0.720084
vt 0.320955 0.69808
vt 0.336518 0.690377
vt 0.182708 0.7887
vt 0.212023 0.792794
vt 0.229774 0.769973
vt 0.26118 0.816941
vt 0.287323 0.78751
vt 0.298784 0.790595
vt 0.240074 0.853101
vt 0.260375 0.846713
vt 0.284553 0.812339
vt 0.120813 0.0220667
vt 0.144009 0.000979864
vt 0.355055 0.000979864
vt 0.370581 0.0013092
vt 0.137256 0.0501843
vt 0.156767 0.0543695
vt 0.209422 0.0528304
vt 0.229 0.0360736
vt 0.276124 0.0227466
vt 0.29432 0.0464276
vt 0.340163 0.0508336
vt 0.359184 0.0810501
vt 0.369943 0.0108474
vt 0.130441 0.198781
vt 0.133368 0.137153
vt 0.168406 0.120197
vt 0.200863 0.100732
vt 0.30051 0.0891911
vt 0.336617 0.100157
vt 0.343837 0.136577
vt 0.126775 0.223508
vt 0.160912 0.229961
vt 0.16169 0.183167
vt 0.18948 0.177858
vt 0.338865 0.175645
vt 0.343586 0.188854
vt 0.375775 0.17974
vt 0.12631 0.28001
vt 0.141675 0.274228
vt 0.322255 0.23365
vt 0.351746 0.249664
vt 0.377755 0.260124
vt 0.130949 0.358592
vt 0.142146 0.344052
vt 0.359234 0.335904
vt 0.379779 0.350265
vt 0.121273 0.39939
vt 0.147761 0.43449
vt 0.375724 0.445205
vt 0.115748 0.539559
vt 0.141701 0.535619
vt 0.363749 0.498083
vt 0.378941 0.487466
vt 0.121687 0.612084
vt 0.146087 0.570386
vt 0.178244 0.533637
vt 0.33524 0.576527
vt 0.361785 0.57669
vt 0.370906 0.574365
vt 0.129315 0.646898
vt 0.142699 0.641576
vt 0.36425 0.673522
vt 0.379386 0.645621
vt 0.13279 0.700027
vt 0.147022 0.691891
vt 0.166754 0.74814
vt 0.331455 0.774806
vt 0.34963 0.721507
vt 0.376437 0.708894
vt 0.131683 0.775056
vt 0.155841 0.7875
vt 0.199018 0.84164
vt 0.306928 0.831134
vt 0.330364 0.828406
vt 0.352338 0.802728
vt 0.138105 0.818152
vt 0.160307 0.860767
vt 0.193402 0.888716
vt 0.216722 0.867683
vt 0.281119 0.856535
vt 0.312857 0.852458
vt 0.331486 0.868354
vt 0.352108 0.828513
vt 0.177434 0.925959
vt 0.227712 0.911114
vt 0.268161 0.913091
vt 0.295799 0.92858
vt 0.11564 0.0180544
vt 0.120715 0.00501443
vt 0.394897 0.00258323
vt 0.415 0.000979864
vt 0.0905917 0.0609468
vt 0.125021 0.0399718
vt 0.148845 0.0120038
vt 0.353446 0.028934
vt 0.374061 0.0617075
vt 0.383994 0.0468851
vt 0.412496 0.00587948
vt 0.101484 0.137452
vt 0.115848 0.0723174
vt 0.374302 0.0956128
vt 0.401871 0.0874188
vt 0.0915294 0.210774
vt 0.106983 0.197379
vt 0.406778 0.179653
vt 0.400507 0.241852
vt 0.11045 0.286543
vt 0.117828 0.251711
vt 0.392466 0.275901
vt 0.411636 0.27799
vt 0.0945402 0.38786
vt 0.107704 0.32732
vt 0.388804 0.336927
vt 0.417669 0.325269
vt 0.0925 0.422346
vt 0.401973 0.368447
vt 0.410528 0.416221
vt 0.0874101 0.492405
vt 0.376863 0.526472
vt 0.40792 0.490976
vt 0.0833754 0.599389
vt 0.102377 0.603644
vt 0.381704 0.584107
vt 0.399166 0.577125
vt 0.0957524 0.617682
vt 0.113158 0.681706
vt 0.393677 0.661117
vt 0.397893 0.632501
vt 0.0855244 0.68581
vt 0.106264 0.731119
vt 0.11589 0.748247
vt 0.376312 0.735526
vt 0.396432 0.693926
vt 0.112157 0.815066
vt 0.12342 0.80095
vt 0.363165 0.817563
vt 0.385545 0.810877
vt 0.107422 0.838496
vt 0.131878 0.851549
vt 0.158948 0.900748
vt 0.356224 0.886114
vt 0.382736 0.852171
vt 0.394221 0.835389
vt 0.128998 0.937875
vt 0.165377 0.946661
vt 0.195166 0.958288
vt 0.21184 0.949921
vt 0.266446 0.939817
vt 0.339605 0.961627
vt 0.350151 0.937879
vt 0.387806 0.927344
vt 0.227365 0.989107
vt 0.252348 0.969641
vt 0.0786541 0.00178271
vt 0.0993639 0.00207716
vt 0.42997 0.000979864
vt 0.077991 0.0477746
vt 0.104751 0.0153422
vt 0.404702 0.0132104
vt 0.409698 0.0476808
vt 0.42265 0.0654408
vt 0.0521337 0.174611
vt 0.0743375 0.138582
vt 0.414528 0.120129
vt 0.431369 0.133502
vt 0.0691493 0.18595
vt 0.0838362 0.178628
vt 0.419349 0.17238
vt 0.426451 0.192221
vt 0.0645717 0.262396
vt 0.0827 0.291084
vt 0.414422 0.237136
vt 0.43739 0.261051
vt 0.0628739 0.345978
vt 0.426519 0.377476
vt 0.0667759 0.45174
vt 0.0670145 0.421051
vt 0.43675 0.406685
vt 0.055 0.49388
vt 0.0750591 0.495933
vt 0.0848925 0.545115
vt 0.445806 0.466613
vt 0.0660628 0.576106
vt 0.083354 0.5533
vt 0.433232 0.569328
vt 0.0570825 0.638694
vt 0.435329 0.620723
vt 0.0613205 0.701887
vt 0.0948536 0.771378
vt 0.411563 0.738019
vt 0.429047 0.721563
vt 0.0682991 0.77483
vt 0.0779251 0.828026
vt 0.405662 0.836423
vt 0.436235 0.813726
vt 0.432121 0.751592
vt 0.0828818 0.852905
vt 0.116828 0.883524
vt 0.400331 0.882953
vt 0.4 0.866515
vt 0.0833827 0.9197
vt 0.0979033 0.942398
vt 0.119018 0.964845
vt 0.147796 0.981865
vt 0.198305 0.976044
vt 0.291905 0.990534
vt 0.323003 0.985559
vt 0.364734 0.951559
vt 0.403483 0.937879
vt 0.125655 0.998931
vt 0.168052 0.998169
vt 0.214888 0.997606
vt 0.273742 0.997648
vt 0.330432 0.996724
vt 0.374353 0.996334
vt 0.0562399 0.00293959
vt 0.0452129 0.0326165
vt 0.05364 0.0392501
vt 0.452717 0.0578376
vt 0.0336718 0.142743
vt 0.0484056 0.0817044
vt 0.450276 0.09394
vt 0.454994 0.133933
vt 0.0400871 0.201479
vt 0.448418 0.21596
vt 0.0381148 0.29446
vt 0.0498784 0.226068
vt 0.459095 0.292413
vt 0.476 0.327496
vt 0.0500243 0.359122
vt 0.0578677 0.327321
vt 0.450039 0.37543
vt 0.466833 0.363547
vt 0.0297365 0.391178
vt 0.45286 0.395662
vt 0.461157 0.402132
vt 0.0354534 0.47724
vt 0.0486837 0.499947
vt 0.454529 0.502098
vt 0.4611 0.488365
vt 0.0434193 0.583085
vt 0.0573303 0.59283
vt 0.459109 0.562945
vt 0.46467 0.514483
vt 0.0325233 0.629433
vt 0.0392678 0.639273
vt 0.477792 0.685225
vt 0.041442 0.727056
vt 0.45593 0.741503
vt 0.0385769 0.791462
vt 0.0601277 0.815389
vt 0.459192 0.821202
vt 0.460941 0.790358
vt 0.0370865 0.848362
vt 0.0554743 0.889421
vt 0.077214 0.92205
vt 0.42272 0.91584
vt 0.454823 0.870846
vt 0.0522306 0.937057
vt 0.0599034 0.951739
vt 0.0866574 0.969498
vt 0.404673 0.960487
vt 0.433064 0.955439
vt 0.474251 0.915185
vt 0.0782645 0.992206
vt 0.408111 0.989278
vt 0.0204824 0.0498091
vt 0.0367325 0.0366073
vt 0.47938 0.0645535
vt 0.002612 0.118037
vt 0.466069 0.0939613
vt 0.488122 0.132253
vt 0.0138313 0.234523
vt 0.484192 0.198125
vt 0.00839148 0.295504
vt 0.0175958 0.291261
vt 0.485799 0.268193
vt 0.494272 0.312637
vt 0.0129084 0.322626
vt 0.488638 0.367607
vt 0.0136992 0.416572
vt 0.476914 0.420648
vt 0.0183121 0.470735
vt 0.486564 0.483984
vt 0.999257 0.53834
vt 0.471474 0.593711
vt 0.485988 0.564884
vt 0.0154758 0.625784
vt 0.0215973 0.677446
vt 0.501496 0.650241
vt 0.492835 0.599359
vt 0.0152373 0.746115
vt 0.480859 0.764451
vt 0.0142755 0.804385
vt 0.0125258 0.813272
vt 0.472016 0.825053
vt 0.4714 0.805213
vt 0.0138141 0.830266
vt 0.0156685 0.861068
vt 0.481806 0.859584
vt 0.478195 0.824571
vt 0.0160982 0.925201
vt 0.00187169 0.958312
vt 0.0429064 0.9733
vt 0.430784 0.984805
vt 0.480551 0.965598
vt 0.493862 0.932606
vt 0.0156717 0.987874
vt 0.0402551 0.994443
vt 0.461904 0.997407
vt 0.458903 0.979539
vt 0.986933 0.0275095
vt 0.981922 0.0465408
vt 0.495653 0.0245066
vt 0.510425 0.0734558
vt 0.985165 0.124386
vt 0.976634 0.0852158
vt 0.531587 0.11594
vt 0.517853 0.135252
vt 0.970417 0.17848
vt 0.502775 0.196929
vt 0.506204 0.237208
vt 0.991497 0.290534
vt 0.982598 0.263642
vt 0.510926 0.323452
vt 0.997618 0.360697
vt 0.506301 0.339182
vt 0.981243 0.402121
vt 0.508168 0.380868
vt 0.975138 0.463695
vt 0.520741 0.462599
vt 0.975675 0.561046
vt 0.986698 0.594175
vt 0.517033 0.628234
vt 0.51391 0.562754
vt 0.993483 0.628727
vt 0.98126 0.669169
vt 0.518155 0.643959
vt 0.511292 0.644049
vt 0.987321 0.705278
vt 0.5092 0.724557
vt 0.522014 0.713743
vt 0.99496 0.79942
vt 0.516164 0.82937
vt 0.505729 0.813488
vt 0.992419 0.855055
vt 0.972828 0.828033
vt 0.516679 0.885513
vt 0.513191 0.862469
vt 0.980764 0.897871
vt 0.952836 0.953809
vt 0.970384 0.991422
vt 0.530222 0.944847
vt 0.513029 0.918321
vt 0.525278 1
vt 0.957458 0.000979864
vt 0.958637 0.00947236
vt 0.936908 0.0473628
vt 0.550932 0.0395522
vt 0.532663 0.0754376
vt 0.959584 0.133393
vt 0.947541 0.0845705
vt 0.551977 0.113431
vt 0.542263 0.130624
vt 0.950311 0.206254
vt 0.548348 0.198246
vt 0.522503 0.273523
vt 0.979985 0.30236
vt 0.959385 0.297983
vt 0.547281 0.295313
vt 0.533591 0.299603
vt 0.962306 0.379137
vt 0.954437 0.349069
vt 0.537537 0.32577
vt 0.959976 0.41974
vt 0.953829 0.405961
vt 0.540885 0.381874
vt 0.966457 0.491529
vt 0.95076 0.517985
vt 0.547262 0.474496
vt 0.964971 0.557854
vt 0.962921 0.599469
vt 0.536448 0.589495
vt 0.9576 0.719236
vt 0.528371 0.656117
vt 0.537933 0.638122
vt 0.959219 0.771746
vt 0.540579 0.749535
vt 0.956468 0.819976
vt 0.947988 0.807029
vt 0.549312 0.825328
vt 0.526516 0.760877
vt 0.953239 0.810305
vt 0.55071 0.901763
vt 0.531874 0.857353
vt 0.953033 0.931371
vt 0.930646 0.954451
vt 0.911113 0.973447
vt 0.600357 0.983479
vt 0.557414 0.963902
vt 0.55126 0.929697
vt 0.601082 0.995507
vt 0.558735 0.997804
vt 0.928206 0.000864467
vt 0.90625 0.0014698
vt 0.886162 0.00175626
vt 0.935005 0.00721571
vt 0.901614 0.034255
vt 0.892763 0.0100469
vt 0.594806 0.0912976
vt 0.932404 0.139985
vt 0.925816 0.105469
vt 0.576805 0.133427
vt 0.572189 0.154949
vt 0.933836 0.205546
vt 0.917711 0.180806
vt 0.57606 0.173678
vt 0.579726 0.204022
vt 0.931577 0.250459
vt 0.566197 0.273132
vt 0.54306 0.345974
vt 0.934589 0.351716
vt 0.579971 0.361076
vt 0.56267 0.345326
vt 0.556057 0.350479
vt 0.945777 0.410047
vt 0.559683 0.432888
vt 0.557182 0.419197
vt 0.930019 0.484649
vt 0.562281 0.477604
vt 0.55525 0.498437
vt 0.924062 0.537889
vt 0.572023 0.554748
vt 0.557949 0.526424
vt 0.923374 0.65826
vt 0.58753 0.687169
vt 0.566262 0.622622
vt 0.927825 0.722032
vt 0.918211 0.731941
vt 0.564093 0.674233
vt 0.561496 0.738362
vt 0.927285 0.792649
vt 0.917691 0.821218
vt 0.589409 0.814081
vt 0.582533 0.794265
vt 0.5701 0.773944
vt 0.929682 0.842362
vt 0.918972 0.915538
vt 0.611048 0.893826
vt 0.58562 0.860748
vt 0.934208 0.92865
vt 0.89866 0.931273
vt 0.873583 0.947671
vt 0.837503 0.987532
vt 0.65734 0.980429
vt 0.626764 0.976347
vt 0.601294 0.945282
vt 0.566187 0.925034
vt 0.859114 0.98898
vt 0.862971 0.996922
vt 0.672376 0.992366
vt 0.627506 0.991454
vt 0.919716 0.00828045
vt 0.902463 0
vt 0.872104 0.00108291
vt 0.85 0.00293959
vt 0.888113 0.07422
vt 0.873258 0.0398649
vt 0.841398 0.0134738
vt 0.696554 0.00991172
vt 0.651884 0.0190036
vt 0.626193 0.0521399
vt 0.62065 0.0843605
vt 0.903176 0.103211
vt 0.873627 0.102704
vt 0.636685 0.111148
vt 0.604995 0.150571
vt 0.919275 0.218307
vt 0.912405 0.203657
vt 0.873913 0.185499
vt 0.591304 0.17627
vt 0.592419 0.209818
vt 0.904586 0.260426
vt 0.891988 0.26533
vt 0.86842 0.224136
vt 0.611921 0.257712
vt 0.583001 0.299638
vt 0.899487 0.373373
vt 0.593531 0.357495
vt 0.909884 0.465196
vt 0.575255 0.41688
vt 0.905191 0.492175
vt 0.58602 0.471503
vt 0.909238 0.539889
vt 0.893963 0.58213
vt 0.607196 0.593402
vt 0.591374 0.598111
vt 0.908557 0.646981
vt 0.893092 0.662322
vt 0.870273 0.64416
vt 0.60182 0.641653
vt 0.588694 0.64223
vt 0.901047 0.695906
vt 0.890825 0.725655
vt 0.859932 0.72314
vt 0.593746 0.72527
vt 0.585371 0.705025
vt 0.903755 0.768672
vt 0.881825 0.769748
vt 0.631986 0.804458
vt 0.597396 0.786194
vt 0.886361 0.844381
vt 0.869228 0.887216
vt 0.858073 0.892066
vt 0.648119 0.899766
vt 0.636683 0.867926
vt 0.607617 0.81192
vt 0.873133 0.918271
vt 0.849541 0.923039
vt 0.803721 0.965506
vt 0.753673 0.972488
vt 0.730215 0.972803
vt 0.674552 0.962773
vt 0.661743 0.946718
vt 0.637705 0.942343
vt 0.803323 0.998866
vt 0.708013 0.979553
vt 0.816083 0.00744912
vt 0.792266 0.00758879
vt 0.779217 0.00865528
vt 0.713659 0.0127625
vt 0.699874 0.0122775
vt 0.843163 0.0888074
vt 0.844813 0.0453445
vt 0.796551 0.0307669
vt 0.768275 0.0346051
vt 0.717234 0.0464767
vt 0.695792 0.0352023
vt 0.670832 0.0512532
vt 0.638437 0.0638008
vt 0.885448 0.129441
vt 0.851862 0.126059
vt 0.8285 0.128965
vt 0.80185 0.0852951
vt 0.700921 0.0811532
vt 0.665607 0.0869186
vt 0.652162 0.139157
vt 0.617956 0.16095
vt 0.872482 0.221451
vt 0.847838 0.207681
vt 0.836229 0.176756
vt 0.661103 0.157637
vt 0.630295 0.181295
vt 0.623104 0.198475
vt 0.879427 0.262634
vt 0.867405 0.255709
vt 0.643626 0.260592
vt 0.63358 0.275388
vt 0.868466 0.342769
vt 0.863281 0.354087
vt 0.626319 0.374913
vt 0.605427 0.38031
vt 0.886883 0.437401
vt 0.873943 0.427529
vt 0.865959 0.381147
vt 0.615856 0.418814
vt 0.605735 0.424098
vt 0.887132 0.471297
vt 0.879862 0.51022
vt 0.631805 0.530084
vt 0.6043 0.496116
vt 0.876625 0.570155
vt 0.860206 0.609093
vt 0.643841 0.61277
vt 0.617612 0.616942
vt 0.873761 0.607396
vt 0.857404 0.642798
vt 0.641135 0.629055
vt 0.617788 0.679521
vt 0.878578 0.704143
vt 0.849631 0.716169
vt 0.844799 0.736529
vt 0.64573 0.697033
vt 0.625423 0.706902
vt 0.883753 0.746846
vt 0.835746 0.787196
vt 0.833606 0.816814
vt 0.814434 0.842021
vt 0.687801 0.838262
vt 0.681337 0.814189
vt 0.661506 0.810743
vt 0.62591 0.760238
vt 0.849659 0.851429
vt 0.841312 0.876767
vt 0.80313 0.892945
vt 0.773088 0.884344
vt 0.734436 0.893017
vt 0.705609 0.854139
vt 0.658492 0.874675
vt 0.648202 0.853232
vt 0.823307 0.903548
vt 0.807915 0.927171
vt 0.778837 0.908022
vt 0.734227 0.950313
vt 0.693057 0.941651
vt 0.673588 0.903732
vt 0.755999 0.00117592
vt 0.732022 0.0175538
vt 0.787931 0.0829148
vt 0.761164 0.0745354
vt 0.727609 0.0584589
vt 0.718109 0.079972
vt 0.816602 0.173994
vt 0.798449 0.10924
vt 0.761224 0.139801
vt 0.731697 0.135562
vt 0.703439 0.143642
vt 0.669779 0.135065
vt 0.838924 0.220626
vt 0.824791 0.226117
vt 0.779502 0.185112
vt 0.757657 0.181528
vt 0.737649 0.175255
vt 0.705876 0.205037
vt 0.6807 0.217543
vt 0.654721 0.193521
vt 0.848876 0.257441
vt 0.832326 0.322796
vt 0.797207 0.260203
vt 0.750527 0.231545
vt 0.695342 0.238218
vt 0.681373 0.260313
vt 0.655814 0.262944
vt 0.848671 0.360706
vt 0.818938 0.364438
vt 0.796516 0.362853
vt 0.677087 0.337877
vt 0.662692 0.298614
vt 0.650043 0.378237
vt 0.851265 0.432347
vt 0.837735 0.396427
vt 0.825995 0.397941
vt 0.686753 0.421446
vt 0.656035 0.442584
vt 0.643913 0.43529
vt 0.867883 0.505262
vt 0.839693 0.502833
vt 0.826389 0.499489
vt 0.667854 0.489131
vt 0.652739 0.498631
vt 0.64947 0.483957
vt 0.833362 0.584235
vt 0.81144 0.546808
vt 0.803662 0.594723
vt 0.702506 0.600643
vt 0.683188 0.60609
vt 0.654503 0.600685
vt 0.849846 0.654646
vt 0.813236 0.651464
vt 0.802413 0.665961
vt 0.722333 0.670921
vt 0.711494 0.655912
vt 0.678863 0.680407
vt 0.660792 0.63815
vt 0.843319 0.706536
vt 0.816572 0.703481
vt 0.774136 0.763146
vt 0.764183 0.696035
vt 0.727156 0.752898
vt 0.714192 0.713685
vt 0.678635 0.730007
vt 0.659659 0.733277
vt 0.811161 0.785182
vt 0.803101 0.804911
vt 0.747312 0.829117
vt 0.728501 0.810049
vt 0.708856 0.797081
vt 0.695377 0.777424
vt 0.785408 0.864445
vt 0.774433 0.852845
vt 0.723461 0.867353
vt 0.699351 0.832709
vt 0.781838 0.25418
vt 0.757583 0.235248
vt 0.737436 0.228881
vt 0.719978 0.194577
vt 0.787603 0.277637
vt 0.748737 0.300746
vt 0.73764 0.265682
vt 0.708152 0.252248
vt 0.689913 0.310087
vt 0.810504 0.336392
vt 0.785262 0.329171
vt 0.759814 0.404279
vt 0.721704 0.366544
vt 0.714882 0.349741
vt 0.701484 0.329101
vt 0.813548 0.418068
vt 0.782633 0.397916
vt 0.756224 0.469754
vt 0.737045 0.404729
vt 0.714023 0.423211
vt 0.702511 0.408982
vt 0.802576 0.489867
vt 0.78244 0.45377
vt 0.755084 0.51017
vt 0.72899 0.51399
vt 0.722654 0.469767
vt 0.696016 0.473179
vt 0.801752 0.542722
vt 0.780083 0.567281
vt 0.756249 0.536571
vt 0.743199 0.530772
vt 0.707973 0.572803
vt 0.693573 0.521847
vt 0.794174 0.649056
vt 0.759768 0.642038
vt 0.736814 0.655127
vt 0.722907 0.604973
vt 0.752654 0.67715
vt 0.736055 0.690924
vn 0.0 0.0 1.0
vn 0.0 0.0 1.0
vn 0.0 0.0 1.0
vn 0.0 0.0 1.0
vn 0.0 0.0 1.0
vn 0.0 0.0 1.0
vn 0.0 0.0 1.0
vn 0.0 0.0 1.0
vn 0.0 0.0 1.0
vn 0.0 0.0 1.0
vn 0.0 0.0 1.0
vn 0.0 0.0 1.0
vn 0.0 0.0 1.0
vn 0.0 0.0 1.0
vn 0.0 0.0 1.0
vn 0.0 0.0 1.0
vn 0.0 0.0 1.0
vn 0.0 0.0 1.0
vn 0.0 0.0 1.0
vn 0.0 0.0 1.0
vn 0.0 0.0 1.0
vn 0.0 0.0 1.0
vn 0.0 0.0 1.0
vn 0.0 0.0 1.0
vn 0.0 0.0 1.0
vn 0.0 0.0 1.0
vn 0.0 0.0 1.0
vn 0.0 0.0 1.0
vn 0.0 0.0 1.0
vn 0.0 0.0 1.0
vn 0.0 0.0 1.0
vn 0.0 0.0 1.0
vn 0.0 0.0 1.0
vn 0.0 0.0 1.0
vn 0.0 0.0 1.0
vn 0.0 0.0 1.0
vn 0.0 0.0 1.0
vn 0.0 0.0 1.0
vn 0.0 0.0 1.0
vn 0.0 0.0 1.0
vn 0.0 0.0 1.0
vn 0.0 0.0 1.0
vn 0.0 0.0 1.0
vn 0.0 0.0 1.0
vn 0.0 0.0 1.0
vn 0.0 0.0 1.0
vn 0.0 0.0 1.0
vn 0.0 0.0 1.0
vn 0.0 0.0 1.0
vn 0.0 0.0 1.0
vn 0.0 0.0 1.0
vn 0.0 0.0 1.0
vn 0.0 0.0 1.0
vn 0.0 0.0 1.0
vn 0.0 0.0 1.0
vn 0.0 0.0 1.0
vn 0.0 0.0 1.0
vn 0.0 0.0 1.0
vn 0.0 0.0 1.0
vn 0.0 0.0 1.0
vn 0.0 0.0 1.0
vn 0.0 0.0 1.0
vn 0.0 0.0 1.0
vn 0.0 0.0 1.0
vn 0.0 0.0 1.0
vn 0.0 0.0 1.0
vn 0.0 0.0 1.0
vn 0.0 0.0 1.0
vn 0.0 0.0 1.0
vn 0.0 0.0 1.0
vn 0.0 0.0 1.0
vn 0.0 0.0 1.0
vn 0.0 0.0 1.0
vn 0.0 0.0 1.0
vn 0.0 0.0 1.0
vn 0.0 0.0 1.0
vn 0.0 0.0 1.0
vn 0.0 0.0 1.0
vn 0.0 0.0 1.0
vn 0.0 0.0 1.0
vn 0.0 0.0 1.0
vn 0.0 0.0 1.0
vn 0.0 0.0 1.0
vn 0.0 0.0 1.0
vn 0.0 0.0 1.0
vn 0.0 0.0 1.0
vn 0.0 0.0 1.0
vn 0.0 0.0 1.0
vn 0.0 0.0 1.0
vn 0.0 0.0 1.0
vn 0.0 0.0 1.0
vn 0.0 0.0 1.0
vn 0.0 0.0 1.0
vn 0.0 0.0 1.0
vn 0.0 0.0 1.0
vn 0.0 0.0 1.0
vn 0.0 0.0 1.0
vn 0.0 0.0 1.0
vn 0.0 0.0 1.0
vn 0.0 0.0 1.0
vn 0.0 0.0 1.0
vn 0.0 0.0 1.0
vn 0.0 0.0 1.0
vn 0.0 0.0 1.0
vn 0.0 0.0 1.0
vn 0.0 0.0 1.0
vn 0.0 0.0 1.0
vn 0.0 0.0 1.0
vn 0.0 0.0 1.0
vn 0.0 0.0 1.0
vn 0.0 0.0 1.0
vn 0.0 0.0 1.0
vn 0.0 0.0 1.0
vn 0.0 0.0 1.0
vn 0.0 0.0 1.0
vn 0.0 0.0 1.0
vn 0.0 0.0 1.0
vn 0.0 0.0 1.0
vn 0.0 0.0 1.0
vn 0.0 0.0 1.0
vn 0.0 0.0 1.0
vn 0.0 0.0 1.0
vn 0.0 0.0 1.0
vn 0.0 0.0 1.0
vn 0.0 0.0 1.0
vn 0.0 0.0 1.0
vn 0.0 0.0 1.0
vn 0.0 0.0 1.0
vn 0.0 0.0 1.0
vn 0.0 0.0 1.0
vn 0.0 0.0 1.0
vn 0.0 0.0 1.0
vn 0.0 0.0 1.0
vn 0.0 0.0 1.0
vn 0.0 0.0 1.0
vn 0.0 0.0 1.0
vn 0.0 0.0 1.0
vn 0.0 0.0 1.0
vn 0.0 0.0 1.0
vn 0.0 0.0 1.0
vn 0.0 0.0 1.0
vn 0.0 0.0 1.0
vn 0.0 0.0 1.0
vn 0.0 0.0 1.0
vn 0.0 0.0 1.0
vn 0.0 0.0 1.0
vn 0.0 0.0 1.0
vn 0.0 0.0 1.0
vn 0.0 0.0 1.0
vn 0.0 0.0 1.0
vn 0.0 0.0 1.0
vn 0.0 0.0 1.0
vn 0.0 0.0 1.0
vn 0.0 0.0 1.0
vn 0.0 0.0 1.0
vn 0.0 0.0 1.0
vn 0.0 0.0 1.0
vn 0.0 0.0 1.0
vn 0.0 0.0 1.0
vn 0.0 0.0 1.0
vn 0.0 0.0 1.0
vn 0.0 0.0 1.0
vn 0.0 0.0 1.0
vn 0.0 0.0 1.0
vn 0.0 0.0 1.0
vn 0.0 0.0 1.0
vn 0.0 0.0 1.0
vn 0.0 0.0 1.0
vn 0.0 0.0 1.0
vn 0.0 0.0 1.0
vn 0.0 0.0 1.0
vn 0.0 0.0 1.0
vn 0.0 0.0 1.0
vn 0.0 0.0 1.0
vn 0.0 0.0 1.0
vn 0.0 0.0 1.0
vn 0.0 0.0 1.0
vn 0.0 0.0 1.0
vn 0.0 0.0 1.0
vn 0.0 0.0 1.0
vn 0.0 0.0 1.0
vn 0.0 0.0 1.0
vn 0.0 0.0 1.0
vn 0.0 0.0 1.0
vn 0.0 0.0 1.0
vn 0.0 0.0 1.0
vn 0.0 0.0 1.0
vn 0.0 0.0 1.0
vn 0.0 0.0 1.0
vn 0.0 0.0 1.0
vn 0.0 0.0 1.0
vn 0.0 0.0 1.0
vn 0.0 0.0 1.0
vn 0.0 0.0 1.0
vn 0.0 0.0 1.0
vn 0.0 0.0 1.0
vn 0.0 0.0 1.0
vn 0.0 0.0 1.0
vn 0.0 0.0 1.0
vn 0.0 0.0 1.0
vn 0.0 0.0 1.0
vn 0.0 0.0 1.0
vn 0.0 0.0 1.0
vn 0.0 0.0 1.0
vn 0.0 0.0 1.0
vn 0.0 0.0 1.0
vn 0.0 0.0 1.0
vn 0.0 0.0 1.0
vn 0.0 0.0 1.0
vn 0.0 0.0 1.0
vn 0.0 0.0 1.0
vn 0.0 0.0 1.0
vn 0.0 0.0 1.0
vn 0.0 0.0 1.0
vn 0.0 0.0 1.0
vn 0.0 0.0 1.0
vn 0.0 0.0 1.0
vn 0.0 0.0 1.0
vn 0.0 0.0 1.0
vn 0.0 0.0 1.0
vn 0.0 0.0 1.0
vn 0.0 0.0 1.0
vn 0.0 0.0 1.0
vn 0.0 0.0 1.0
vn 0.0 0.0 1.0
vn 0.0 0.0 1.0
vn 0.0 0.0 1.0
vn 0.0 0.0 1.0
vn 0.0 0.0 1.0
vn 0.0 0.0 1.0
vn 0.0 0.0 1.0
vn 0.0 0.0 1.0
vn 0.0 0.0 1.0
vn 0.0 0.0 1.0
vn 0.0 0.0 1.0
vn 0.0 0.0 1.0
vn 0.0 0.0 1.0
vn 0.0 0.0 1.0
vn 0.0 0.0 1.0
vn 0.0 0.0 1.0
vn 0.0 0.0 1.0
vn 0.0 0.0 1.0
vn 0.0 0.0 1.0
vn 0.0 0.0 1.0
vn 0.0 0.0 1.0
vn 0.0 0.0 1.0
vn 0.0 0.0 1.0
vn 0.0 0.0 1.0
vn 0.0 0.0 1.0
vn 0.0 0.0 1.0
vn 0.0 0.0 1.0
vn 0.0 0.0 1.0
vn 0.0 0.0 1.0
vn 0.0 0.0 1.0
vn 0.0 0.0 1.0
vn 0.0 0.0 1.0
vn 0.0 0.0 1.0
vn 0.0 0.0 1.0
vn 0.0 0.0 1.0
vn 0.0 0.0 1.0
vn 0.0 0.0 1.0
vn 0.0 0.0 1.0
vn 0.0 0.0 1.0
vn 0.0 0.0 1.0
vn 0.0 0.0 1.0
vn 0.0 0.0 1.0
vn 0.0 0.0 1.0
vn 0.0 0.0 1.0
vn 0.0 0.0 1.0
vn 0.0 0.0 1.0
vn 0.0 0.0 1.0
vn 0.0 0.0 1.0
vn 0.0 0.0 1.0
vn 0.0 0.0 1.0
vn 0.0 0.0 1.0
vn 0.0 0.0 1.0
vn 0.0 0.0 1.0
vn 0.0 0.0 1.0
vn 0.0 0.0 1.0
vn 0.0 0.0 1.0
vn 0.0 0.0 1.0
vn 0.0 0.0 1.0
vn 0.0 0.0 1.0
vn 0.0 0.0 1.0
vn 0.0 0.0 1.0
vn 0.0 0.0 1.0
vn 0.0 0.0 1.0
vn 0.0 0.0 1.0
vn 0.0 0.0 1.0
vn 0.0 0.0 1.0
vn 0.0 0.0 1.0
vn 0.0 0.0 1.0
vn 0.0 0.0 1.0
vn 0.0 0.0 1.0
vn 0.0 0.0 1.0
vn 0.0 0.0 1.0
vn 0.0 0.0 1.0
vn 0.0 0.0 1.0
vn 0.0 0.0 1.0
vn 0.0 0.0 1.0
vn 0.0 0.0 1.0
vn 0.0 0.0 1.0
vn 0.0 0.0 1.0
vn 0.0 0.0 1.0
vn 0.0 0.0 1.0
vn 0.0 0.0 1.0
vn 0.0 0.0 1.0
vn 0.0 0.0 1.0
vn 0.0 0.0 1.0
vn 0.0 0.0 1.0
vn 0.0 0.0 1.0
vn 0.0 0.0 1.0
vn 0.0 0.0 1.0
vn 0.0 0.0 1.0
vn 0.0 0.0 1.0
vn 0.0 0.0 1.0
vn 0.0 0.0 1.0
vn 0.0 0.0 1.0
vn 0.0 0.0 1.0
vn 0.0 0.0 1.0
vn 0.0 0.0 1.0
vn 0.0 0.0 1.0
vn 0.0 0.0 1.0
vn 0.0 0.0 1.0
vn 0.0 0.0 1.0
vn 0.0 0.0 1.0
vn 0.0 0.0 1.0
vn 0.0 0.0 1.0
vn 0.0 0.0 1.0
vn 0.0 0.0 1.0
vn 0.0 0.0 1.0
vn 0.0 0.0 1.0
vn 0.0 0.0 1.0
vn 0.0 0.0 1.0
vn 0.0 0.0 1.0
vn 0.0 0.0 1.0
vn 0.0 0.0 1.0
vn 0.0 0.0 1.0
vn 0.0 0.0 1.0
vn 0.0 0.0 1.0
vn 0.0 0.0 1.0
vn 0.0 0.0 1.0
vn 0.0 0.0 1.0
vn 0.0 0.0 1.0
vn 0.0 0.0 1.0
vn 0.0 0.0 1.0
vn 0.0 0.0 1.0
vn 0.0 0.0 1.0
vn 0.0 0.0 1.0
vn 0.0 0.0 1.0
vn 0.0 0.0 1.0
vn 0.0 0.0 1.0
vn 0.0 0.0 1.0
vn 0.0 0.0 1.0
vn 0.0 0.0 1.0
vn 0.0 0.0 1.0
vn 0.0 0.0 1.0
vn 0.0 0.0 1.0
vn 0.0 0.0 1.0
vn 0.0 0.0 1.0
vn 0.0 0.0 1.0
vn 0.0 0.0 1.0
vn 0.0 0.0 1.0
vn 0.0 0.0 1.0
vn 0.0 0.0 1.0
vn 0.0 0.0 1.0
vn 0.0 0.0 1.0
vn 0.0 0.0 1.0
vn 0.0 0.0 1.0
vn 0.0 0.0 1.0
vn 0.0 0.0 1.0
vn 0.0 0.0 1.0
vn 0.0 0.0 1.0
vn 0.0 0.0 1.0
vn 0.0 0.0 1.0
vn 0.0 0.0 1.0
vn 0.0 0.0 1.0
vn 0.0 0.0 1.0
vn 0.0 0.0 1.0
vn 0.0 0.0 1.0
vn 0.0 0.0 1.0
vn 0.0 0.0 1.0
vn 0.0 0.0 1.0
vn 0.0 0.0 1.0
vn 0.0 0.0 1.0
vn 0.0 0.0 1.0
vn 0.0 0.0 1.0
vn 0.0 0.0 1.0
vn 0.0 0.0 1.0
vn 0.0 0.0 1.0
vn 0.0 0.0 1.0
vn 0.0 0.0 1.0
vn 0.0 0.0 1.0
vn 0.0 0.0 1.0
vn 0.0 0.0 1.0
vn 0.0 0.0 1.0
vn 0.0 0.0 1.0
vn 0.0 0.0 1.0
vn 0.0 0.0 1.0
vn 0.0 0.0 1.0
vn 0.0 0.0 1.0
vn 0.0 0.0 1.0
vn 0.0 0.0 1.0
vn 0.0 0.0 1.0
vn 0.0 0.0 1.0
vn 0.0 0.0 1.0
vn 0.0 0.0 1.0
vn 0.0 0.0 1.0
vn 0.0 0.0 1.0
vn 0.0 0.0 1.0
vn 0.0 0.0 1.0
vn 0.0 0.0 1.0
vn 0.0 0.0 1.0
vn 0.0 0.0 1.0
vn 0.0 0.0 1.0
vn 0.0 0.0 1.0
vn 0.0 0.0 1.0
vn 0.0 0.0 1.0
vn 0.0 0.0 1.0
vn 0.0 0.0 1.0
vn 0.0 0.0 1.0
vn 0.0 0.0 1.0
vn 0.0 0.0 1.0
vn 0.0 0.0 1.0
vn 0.0 0.0 1.0
vn 0.0 0.0 1.0
vn 0.0 0.0 1.0
vn 0.0 0.0 1.0
vn 0.0 0.0 1.0
vn 0.0 0.0 1.0
vn 0.0 0.0 1.0
vn 0.0 0.0 1.0
vn 0.0 0.0 1.0
vn 0.0 0.0 1.0
vn 0.0 0.0 1.0
vn 0.0 0.0 1.0
vn 0.0 0.0 1.0
vn 0.0 0.0 1.0
vn 0.0 0.0 1.0
vn 0.0 0.0 1.0
vn 0.0 0.0 1.0
vn 0.0 0.0 1.0
vn 0.0 0.0 1.0
vn 0.0 0.0 1.0
vn 0.0 0.0 1.0
vn 0.0 0.0 1.0
vn 0.0 0.0 1.0
vn 0.0 0.0 1.0
vn 0.0 0.0 1.0
vn 0.0 0.0 1.0
vn 0.0 0.0 1.0
vn 0.0 0.0 1.0
vn 0.0 0.0 1.0
vn 0.0 0.0 1.0
vn 0.0 0.0 1.0
vn 0.0 0.0 1.0
vn 0.0 0.0 1.0
vn 0.0 0.0 1.0
vn 0.0 0.0 1.0
vn 0.0 0.0 1.0
vn 0.0 0.0 1.0
vn 0.0 0.0 1.0
vn 0.0 0.0 1.0
vn 0.0 0.0 1.0
vn 0.0 0.0 1.0
vn 0.0 0.0 1.0
vn 0.0 0.0 1.0
vn 0.0 0.0 1.0
vn 0.0 0.0 1.0
vn 0.0 0.0 1.0
vn 0.0 0.0 1.0
vn 0.0 0.0 1.0
vn 0.0 0.0 1.0
vn 0.0 0.0 1.0
vn 0.0 0.0 1.0
vn 0.0 0.0 1.0
vn 0.0 0.0 1.0
vn 0.0 0.0 1.0
vn 0.0 0.0 1.0
vn 0.0 0.0 1.0
vn 0.0 0.0 1.0
vn 0.0 0.0 1.0
vn 0.0 0.0 1.0
vn 0.0 0.0 1.0
vn 0.0 0.0 1.0
vn 0.0 0.0 1.0
vn 0.0 0.0 1.0
vn 0.0 0.0 1.0
vn 0.0 0.0 1.0
vn 0.0 0.0 1.0
vn 0.0 0.0 1.0
vn 0.0 0.0 1.0
vn 0.0 0.0 1.0
vn 0.0 0.0 1.0
vn 0.0 0.0 1.0
vn 0.0 0.0 1.0
vn 0.0 0.0 1.0
vn 0.0 0.0 1.0
vn 0.0 0.0 1.0
vn 0.0 0.0 1.0
vn 0.0 0.0 1.0
vn 0.0 0.0 1.0
vn 0.0 0.0 1.0
vn 0.0 0.0 1.0
vn 0.0 0.0 1.0
vn 0.0 0.0 1.0
vn 0.0 0.0 1.0
vn 0.0 0.0 1.0
vn 0.0 0.0 1.0
vn 0.0 0.0 1.0
vn 0.0 0.0 1.0
vn 0.0 0.0 1.0
vn 0.0 0.0 1.0
vn 0.0 0.0 1.0
vn 0.0 0.0 1.0
vn 0.0 0.0 1.0
vn 0.0 0.0 1.0
vn 0.0 0.0 1.0
vn 0.0 0.0 1.0
vn 0.0 0.0 1.0
vn 0.0 0.0 1.0
vn 0.0 0.0 1.0
vn 0.0 0.0 1.0
vn 0.0 0.0 1.0
vn 0.0 0.0 1.0
vn 0.0 0.0 1.0
vn 0.0 0.0 1.0
vn 0.0 0.0 1.0
vn 0.0 0.0 1.0
vn 0.0 0.0 1.0
vn 0.0 0.0 1.0
vn 0.0 0.0 1.0
vn 0.0 0.0 1.0
vn 0.0 0.0 1.0
vn 0.0 0.0 1.0
vn 0.0 0.0 1.0
vn 0.0 0.0 1.0
vn 0.0 0.0 1.0
vn 0.0 0.0 1.0
vn 0.0 0.0 1.0
vn 0.0 0.0 1.0
vn 0.0 0.0 1.0
vn 0.0 0.0 1.0
vn 0.0 0.0 1.0
vn 0.0 0.0 1.0
vn 0.0 0.0 1.0
vn 0.0 0.0 1.0
vn 0.0 0.0 1.0
vn 0.0 0.0 1.0
vn 0.0 0.0 1.0
vn 0.0 0.0 1.0
vn 0.0 0.0 1.0
vn 0.0 0.0 1.0
vn 0.0 0.0 1.0
vn 0.0 0.0 1.0
vn 0.0 0.0 1.0
vn 0.0 0.0 1.0
vn 0.0 0.0 1.0
vn 0.0 0.0 1.0
vn 0.0 0.0 1.0
vn 0.0 0.0 1.0
vn 0.0 0.0 1.0
vn 0.0 0.0 1.0
vn 0.0 0.0 1.0
vn 0.0 0.0 1.0
vn 0.0 0.0 1.0
vn 0.0 0.0 1.0
vn 0.0 0.0 1.0
vn 0.0 0.0 1.0
vn 0.0 0.0 1.0
vn 0.0 0.0 1.0
vn 0.0 0.0 1.0
vn 0.0 0.0 1.0
vn 0.0 0.0 1.0
vn 0.0 0.0 1.0
vn 0.0 0.0 1.0
vn 0.0 0.0 1.0
vn 0.0 0.0 1.0
vn 0.0 0.0 1.0
vn 0.0 0.0 1.0
vn 0.0 0.0 1.0
vn 0.0 0.0 1.0
vn 0.0 0.0 1.0
vn 0.0 0.0 1.0
vn 0.0 0.0 1.0
vn 0.0 0.0 1.0
vn 0.0 0.0 1.0
vn 0.0 0.0 1.0
vn 0.0 0.0 1.0
vn 0.0 0.0 1.0
vn 0.0 0.0 1.0
vn 0.0 0.0 1.0
vn 0.0 0.0 1.0
vn 0.0 0.0 1.0
vn 0.0 0.0 1.0
vn 0.0 0.0 1.0
vn 0.0 0.0 1.0
vn 0.0 0.0 1.0
vn 0.0 0.0 1.0
vn 0.0 0.0 1.0
vn 0.0 0.0 1.0
vn 0.0 0.0 1.0
vn 0.0 0.0 1.0
vn 0.0 0.0 1.0
vn 0.0 0.0 1.0
vn 0.0 0.0 1.0
vn 0.0 0.0 1.0
vn 0.0 0.0 1.0
vn 0.0 0.0 1.0
vn 0.0 0.0 1.0
vn 0.0 0.0 1.0
vn 0.0 0.0 1.0
vn 0.0 0.0 1.0
vn 0.0 0.0 1.0
vn 0.0 0.0 1.0
vn 0.0 0.0 1.0
vn 0.0 0.0 1.0
vn 0.0 0.0 1.0
vn 0.0 0.0 1.0
vn 0.0 0.0 1.0
vn 0.0 0.0 1.0
vn 0.0 0.0 1.0
vn 0.0 0.0 1.0
vn 0.0 0.0 1.0
vn 0.0 0.0 1.0
vn 0.0 0.0 1.0
vn 0.0 0.0 1.0
vn 0.0 0.0 1.0
vn 0.0 0.0 1.0
vn 0.0 0.0 1.0
vn 0.0 0.0 1.0
vn 0.0 0.0 1.0
vn 0.0 0.0 1.0
vn 0.0 0.0 1.0
vn 0.0 0.0 1.0
vn 0.0 0.0 1.0
vn 0.0 0.0 1.0
vn 0.0 0.0 1.0
vn 0.0 0.0 1.0
vn 0.0 0.0 1.0
vn 0.0 0.0 1.0
vn 0.0 0.0 1.0
vn 0.0 0.0 1.0
vn 0.0 0.0 1.0
vn 0.0 0.0 1.0
vn 0.0 0.0 1.0
vn 0.0 0.0 1.0
vn 0.0 0.0 1.0
vn 0.0 0.0 1.0
vn 0.0 0.0 1.0
vn 0.0 0.0 1.0
vn 0.0 0.0 1.0
vn 0.0 0.0 1.0
vn 0.0 0.0 1.0
vn 0.0 0.0 1.0
vn 0.0 0.0 1.0
vn 0.0 0.0 1.0
vn 0.0 0.0 1.0
vn 0.0 0.0 1.0
vn 0.0 0.0 1.0
vn 0.0 0.0 1.0
vn 0.0 0.0 1.0
vn 0.0 0.0 1.0
vn 0.0 0.0 1.0
vn 0.0 0.0 1.0
vn 0.0 0.0 1.0
vn 0.0 0.0 1.0
vn 0.0 0.0 1.0
vn 0.0 0.0 1.0
vn 0.0 0.0 1.0
vn 0.0 0.0 1.0
vn 0.0 0.0 1.0
vn 0.0 0.0 1.0
vn 0.0 0.0 1.0
vn 0.0 0.0 1.0
vn 0.0 0.0 1.0
vn 0.0 0.0 1.0
vn 0.0 0.0 1.0
vn 0.0 0.0 1.0
vn 0.0 0.0 1.0
vn 0.0 0.0 1.0
vn 0.0 0.0 1.0
vn 0.0 0.0 1.0
vn 0.0 0.0 1.0
vn 0.0 0.0 1.0
vn 0.0 0.0 1.0
vn 0.0 0.0 1.0
vn 0.0 0.0 1.0
vn 0.0 0.0 1.0
vn 0.0 0.0 1.0
vn 0.0 0.0 1.0
vn 0.0 0.0 1.0
vn 0.0 0.0 1.0
vn 0.0 0.0 1.0
vn 0.0 0.0 1.0
vn 0.0 0.0 1.0
vn 0.0 0.0 1.0
vn 0.0 0.0 1.0
vn 0.0 0.0 1.0
vn 0.0 0.0 1.0
vn 0.0 0.0 1.0
vn 0.0 0.0 1.0
vn 0.0 0.0 1.0
vn 0.0 0.0 1.0
vn 0.0 0.0 1.0
vn 0.0 0.0 1.0
vn 0.0 0.0 1.0
vn 0.0 0.0 1.0
vn 0.0 0.0 1.0
vn 0.0 0.0 1.0
vn 0.0 0.0 1.0
vn 0.0 0.0 1.0
vn 0.0 0.0 1.0
vn 0.0 0.0 1.0
vn 0.0 0.0 1.0
vn 0.0 0.0 1.0
vn 0.0 0.0 1.0
vn 0.0 0.0 1.0
vn 0.0 0.0 1.0
vn 0.0 0.0 1.0
vn 0.0 0.0 1.0
vn 0.0 0.0 1.0
vn 0.0 0.0 1.0
vn 0.0 0.0 1.0
vn 0.0 0.0 1.0
vn 0.0 0.0 1.0
vn 0.0 0.0 1.0
vn 0.0 0.0 1.0
vn 0.0 0.0 1.0
vn 0.0 0.0 1.0
vn 0.0 0.0 1.0
vn 0.0 0.0 1.0
vn 0.0 0.0 1.0
vn 0.0 0.0 1.0
vn 0.0 0.0 1.0
vn 0.0 0.0 1.0
vn 0.0 0.0 1.0
vn 0.0 0.0 1.0
vn 0.0 0.0 1.0
vn 0.0 0.0 1.0
vn 0.0 0.0 1.0
vn 0.0 0.0 1.0
vn 0.0 0.0 1.0
vn 0.0 0.0 1.0
vn 0.0 0.0 1.0
vn 0.0 0.0 1.0
vn 0.0 0.0 1.0
vn 0.0 0.0 1.0
vn 0.0 0.0 1.0
vn 0.0 0.0 1.0
vn 0.0 0.0 1.0
vn 0.0 0.0 1.0
vn 0.0 0.0 1.0
vn 0.0 0.0 1.0
vn 0.0 0.0 1.0
vn 0.0 0.0 1.0
vn 0.0 0.0 1.0
vn 0.0 0.0 1.0
vn 0.0 0.0 1.0
vn 0.0 0.0 1.0
vn 0.0 0.0 1.0
vn 0.0 0.0 1.0
vn 0.0 0.0 1.0
vn 0.0 0.0 1.0
vn 0.0 0.0 1.0
vn 0.0 0.0 1.0
vn 0.0 0.0 1.0
vn 0.0 0.0 1.0
vn 0.0 0.0 1.0
vn 0.0 0.0 1.0
vn 0.0 0.0 1.0
vn 0.0 0.0 1.0
vn 0.0 0.0 1.0
vn 0.0 0.0 1.0
vn 0.0 0.0 1.0
vn 0.0 0.0 1.0
vn 0.0 0.0 1.0
vn 0.0 0.0 1.0
vn 0.0 0.0 1.0
vn 0.0 0.0 1.0
vn 0.0 0.0 1.0
vn 0.0 0.0 1.0
vn 0.0 0.0 1.0
vn 0.0 0.0 1.0
vn 0.0 0.0 1.0
vn 0.0 0.0 1.0
vn 0.0 0.0 1.0
vn 0.0 0.0 1.0
vn 0.0 0.0 1.0
vn 0.0 0.0 1.0
vn 0.0 0.0 1.0
vn 0.0 0.0 1.0
vn 0.0 0.0 1.0
vn 0.0 0.0 1.0
vn 0.0 0.0 1.0
vn 0.0 0.0 1.0
vn 0.0 0.0 1.0
vn 0.0 0.0 1.0
vn 0.0 0.0 1.0
vn 0.0 0.0 1.0
vn 0.0 0.0 1.0
vn 0.0 0.0 1.0
vn 0.0 0.0 1.0
vn 0.0 0.0 1.0
vn 0.0 0.0 1.0
vn 0.0 0.0 1.0
vn 0.0 0.0 1.0
vn 0.0 0.0 1.0
vn 0.0 0.0 1.0
vn 0.0 0.0 1.0
vn 0.0 0.0 1.0
vn 0.0 0.0 1.0
vn 0.0 0.0 1.0
vn 0.0 0.0 1.0
vn 0.0 0.0 1.0
vn 0.0 0.0 1.0
vn 0.0 0.0 1.0
vn 0.0 0.0 1.0
vn 0.0 0.0 1.0
vn 0.0 0.0 1.0
vn 0.0 0.0 1.0
vn 0.0 0.0 1.0
usemtl model_material
f 1/1/1 2/2/2 58/58/58
f 50/50/50 1/1/1 58/58/58
f 135/135/135 50/50/50 58/58/58
f 49/49/49 135/135/135 58/58/58
f 57/57/57 49/49/49 58/58/58
f 3/3/3 57/57/57 58/58/58
f 7/7/7 3/3/3 58/58/58
f 4/4/4 7/7/7 58/58/58
f 9/9/9 4/4/4 58/58/58
f 66/66/66 9/9/9 58/58/58
f 5/5/5 66/66/66 58/58/58
f 59/59/59 5/5/5 58/58/58
f 59/59/59 2/2/2 58/58/58
f 52/52/52 59/59/59 2/2/2
f 51/51/51 52/52/52 2/2/2
f 44/44/44 51/51/51 2/2/2
f 43/43/43 44/44/44 2/2/2
f 50/50/50 43/43/43 2/2/2
f 50/50/50 1/1/1 2/2/2
f 42/42/42 43/43/43 50/50/50
f 42/42/42 135/135/135 50/50/50
f 128/128/128 42/42/42 135/135/135
f 34/34/34 128/128/128 135/135/135
f 117/117/117 34/34/34 135/135/135
f 127/127/127 117/117/117 135/135/135
f 41/41/41 127/127/127 135/135/135
f 126/126/126 41/41/41 135/135/135
f 125/125/125 126/126/126 135/135/135
f 134/134/134 125/125/125 135/135/135
f 133/133/133 134/134/134 135/135/135
f 47/47/47 133/133/133 135/135/135
f 48/48/48 47/47/47 135/135/135
f 56/56/56 48/48/48 135/135/135
f 64/64/64 56/56/56 135/135/135
f 65/65/65 64/64/64 135/135/135
f 57/57/57 65/65/65 135/135/135
f 57/57/57 49/49/49 135/135/135
f 7/7/7 65/65/65 57/57/57
f 7/7/7 3/3/3 57/57/57
f 64/64/64 65/65/65 7/7/7
f 71/71/71 64/64/64 7/7/7
f 72/72/72 71/71/71 7/7/7
f 11/11/11 72/72/72 7/7/7
f 17/17/17 11/11/11 7/7/7
f 12/12/12 17/17/17 7/7/7
f 13/13/13 12/12/12 7/7/7
f 8/8/8 13/13/13 7/7/7
f 8/8/8 4/4/4 7/7/7
f 9/9/9 8/8/8 4/4/4
f 13/13/13 8/8/8 9/9/9
f 14/14/14 13/13/13 9/9/9
f 10/10/10 14/14/14 9/9/9
f 67/67/67 10/10/10 9/9/9
f 6/6/6 67/67/67 9/9/9
f 6/6/6 66/66/66 9/9/9
f 52/52/52 6/6/6 66/66/66
f 59/59/59 52/52/52 66/66/66
f 59/59/59 5/5/5 66/66/66
f 60/60/60 6/6/6 52/52/52
f 68/68/68 60/60/60 52/52/52
f 61/61/61 68/68/68 52/52/52
f 146/146/146 61/61/61 52/52/52
f 62/62/62 146/146/146 52/52/52
f 141/141/141 62/62/62 52/52/52
f 54/54/54 141/141/141 52/52/52
f 53/53/53 54/54/54 52/52/52
f 138/138/138 53/53/53 52/52/52
f 137/137/137 138/138/138 52/52/52
f 136/136/136 137/137/137 52/52/52
f 131/131/131 136/136/136 52/52/52
f 46/46/46 131/131/131 52/52/52
f 129/129/129 46/46/46 52/52/52
f 45/45/45 129/129/129 52/52/52
f 37/37/37 45/45/45 52/52/52
f 44/44/44 37/37/37 52/52/52
f 44/44/44 51/51/51 52/52/52
f 36/36/36 37/37/37 44/44/44
f 118/118/118 36/36/36 44/44/44
f 118/118/118 43/43/43 44/44/44
f 128/128/128 118/118/118 43/43/43
f 128/128/128 42/42/42 43/43/43
f 118/118/118 34/34/34 128/128/128
f 30/30/30 118/118/118 34/34/34
f 126/126/126 127/127/127 117/117/117
f 126/126/126 41/41/41 127/127/127
f 201/201/201 126/126/126 117/117/117
f 116/116/116 201/201/201 117/117/117
f 190/190/190 116/116/116 117/117/117
f 195/195/195 190/190/190 117/117/117
f 113/113/113 195/195/195 117/117/117
f 33/33/33 113/113/113 117/117/117
f 33/33/33 34/34/34 117/117/117
f 264/264/264 201/201/201 126/126/126
f 200/200/200 264/264/264 126/126/126
f 268/268/268 200/200/200 126/126/126
f 204/204/204 268/268/268 126/126/126
f 205/205/205 204/204/204 126/126/126
f 205/205/205 125/125/125 126/126/126
f 272/272/272 205/205/205 125/125/125
f 208/208/208 272/272/272 125/125/125
f 209/209/209 208/208/208 125/125/125
f 132/132/132 209/209/209 125/125/125
f 140/140/140 132/132/132 125/125/125
f 55/55/55 140/140/140 125/125/125
f 133/133/133 55/55/55 125/125/125
f 133/133/133 134/134/134 125/125/125
f 71/71/71 55/55/55 133/133/133
f 64/64/64 71/71/71 133/133/133
f 56/56/56 64/64/64 133/133/133
f 56/56/56 47/47/47 133/133/133
f 48/48/48 56/56/56 47/47/47
f 140/140/140 55/55/55 71/71/71
f 63/63/63 140/140/140 71/71/71
f 145/145/145 63/63/63 71/71/71
f 144/144/144 145/145/145 71/71/71
f 70/70/70 144/144/144 71/71/71
f 149/149/149 70/70/70 71/71/71
f 151/151/151 149/149/149 71/71/71
f 75/75/75 151/151/151 71/71/71
f 81/81/81 75/75/75 71/71/71
f 157/157/157 81/81/81 71/71/71
f 82/82/82 157/157/157 71/71/71
f 76/76/76 82/82/82 71/71/71
f 77/77/77 76/76/76 71/71/71
f 21/21/21 77/77/77 71/71/71
f 16/16/16 21/21/21 71/71/71
f 17/17/17 16/16/16 71/71/71
f 11/11/11 17/17/17 71/71/71
f 11/11/11 72/72/72 71/71/71
f 21/21/21 16/16/16 17/17/17
f 89/89/89 21/21/21 17/17/17
f 25/25/25 89/89/89 17/17/17
f 90/90/90 25/25/25 17/17/17
f 22/22/22 90/90/90 17/17/17
f 99/99/99 22/22/22 17/17/17
f 91/91/91 99/99/99 17/17/17
f 27/27/27 91/91/91 17/17/17
f 28/28/28 27/27/27 17/17/17
f 23/23/23 28/28/28 17/17/17
f 24/24/24 23/23/23 17/17/17
f 158/158/158 24/24/24 17/17/17
f 78/78/78 158/158/158 17/17/17
f 79/79/79 78/78/78 17/17/17
f 18/18/18 79/79/79 17/17/17
f 15/15/15 18/18/18 17/17/17
f 14/14/14 15/15/15 17/17/17
f 13/13/13 14/14/14 17/17/17
f 13/13/13 12/12/12 17/17/17
f 73/73/73 15/15/15 14/14/14
f 69/69/69 73/73/73 14/14/14
f 68/68/68 69/69/69 14/14/14
f 68/68/68 60/60/60 67/67/67
f 67/67/67 68/68/68 14/14/14
f 67/67/67 10/10/10 14/14/14
f 60/60/60 6/6/6 67/67/67
f 146/146/146 69/69/69 68/68/68
f 146/146/146 61/61/61 68/68/68
f 73/73/73 69/69/69 146/146/146
f 74/74/74 73/73/73 146/146/146
f 80/80/80 74/74/74 146/146/146
f 153/153/153 80/80/80 146/146/146
f 150/150/150 153/153/153 146/146/146
f 221/221/221 150/150/150 146/146/146
f 217/217/217 221/221/221 146/146/146
f 147/147/147 217/217/217 146/146/146
f 214/214/214 147/147/147 146/146/146
f 211/211/211 214/214/214 146/146/146
f 210/210/210 211/211/211 146/146/146
f 207/207/207 210/210/210 146/146/146
f 143/143/143 207/207/207 146/146/146
f 138/138/138 143/143/143 146/146/146
f 138/138/138 53/53/53 142/142/142
f 142/142/142 138/138/138 146/146/146
f 54/54/54 142/142/142 146/146/146
f 54/54/54 53/53/53 142/142/142
f 54/54/54 62/62/62 146/146/146
f 54/54/54 141/141/141 62/62/62
f 207/207/207 143/143/143 138/138/138
f 270/270/270 207/207/207 138/138/138
f 206/206/206 270/270/270 138/138/138
f 266/266/266 206/206/206 138/138/138
f 265/265/265 266/266/266 138/138/138
f 262/262/262 265/265/265 138/138/138
f 203/203/203 262/262/262 138/138/138
f 198/198/198 203/203/203 138/138/138
f 202/202/202 198/198/198 138/138/138
f 123/123/123 202/202/202 138/138/138
f 131/131/131 123/123/123 138/138/138
f 136/136/136 131/131/131 138/138/138
f 136/136/136 137/137/137 138/138/138
f 130/130/130 131/131/131 46/46/46
f 122/122/122 130/130/130 46/46/46
f 31/31/31 122/122/122 46/46/46
f 31/31/31 129/129/129 46/46/46
f 121/121/121 31/31/31 129/129/129
f 38/38/38 121/121/121 129/129/129
f 37/37/37 38/38/38 129/129/129
f 37/37/37 45/45/45 129/129/129
f 121/121/121 38/38/38 37/37/37
f 120/120/120 121/121/121 37/37/37
f 119/119/119 120/120/120 37/37/37
f 119/119/119 36/36/36 37/37/37
f 119/119/119 118/118/118 36/36/36
f 35/35/35 119/119/119 118/118/118
f 35/35/35 30/30/30 118/118/118
f 194/194/194 116/116/116 201/201/201
f 112/112/112 194/194/194 201/201/201
f 189/189/189 112/112/112 201/201/201
f 259/259/259 189/189/189 201/201/201
f 255/255/255 259/259/259 201/201/201
f 193/193/193 255/255/255 201/201/201
f 322/322/322 193/193/193 201/201/201
f 322/322/322 264/264/264 201/201/201
f 194/194/194 190/190/190 116/116/116
f 29/29/29 113/113/113 33/33/33
f 29/29/29 34/34/34 33/33/33
f 321/321/321 322/322/322 264/264/264
f 374/374/374 321/321/321 264/264/264
f 263/263/263 374/374/374 264/264/264
f 328/328/328 263/263/263 264/264/264
f 267/267/267 328/328/328 264/264/264
f 268/268/268 267/267/267 264/264/264
f 268/268/268 200/200/200 264/264/264
f 328/328/328 267/267/267 268/268/268
f 271/271/271 328/328/328 268/268/268
f 271/271/271 204/204/204 268/268/268
f 272/272/272 271/271/271 204/204/204
f 272/272/272 205/205/205 204/204/204
f 331/331/331 271/271/271 272/272/272
f 332/332/332 331/331/331 272/272/272
f 275/275/275 332/332/332 272/272/272
f 278/278/278 275/275/275 272/272/272
f 212/212/212 278/278/278 272/272/272
f 148/148/148 212/212/212 272/272/272
f 213/213/213 148/148/148 272/272/272
f 213/213/213 208/208/208 272/272/272
f 144/144/144 213/213/213 208/208/208
f 145/145/145 144/144/144 208/208/208
f 63/63/63 145/145/145 208/208/208
f 139/139/139 63/63/63 208/208/208
f 139/139/139 209/209/209 208/208/208
f 140/140/140 139/139/139 209/209/209
f 140/140/140 132/132/132 209/209/209
f 139/139/139 63/63/63 140/140/140
f 148/148/148 213/213/213 144/144/144
f 148/148/148 70/70/70 144/144/144
f 149/149/149 148/148/148 70/70/70
f 148/148/148 151/151/151 149/149/149
f 212/212/212 148/148/148 151/151/151
f 216/216/216 212/212/212 151/151/151
f 277/277/277 216/216/216 151/151/151
f 219/219/219 277/277/277 151/151/151
f 281/281/281 219/219/219 151/151/151
f 339/339/339 281/281/281 151/151/151
f 342/342/342 339/339/339 151/151/151
f 282/282/282 342/342/342 151/151/151
f 285/285/285 282/282/282 151/151/151
f 222/222/222 285/285/285 151/151/151
f 226/226/226 222/222/222 151/151/151
f 223/223/223 226/226/226 151/151/151
f 230/230/230 223/223/223 151/151/151
f 290/290/290 230/230/230 151/151/151
f 227/227/227 290/290/290 151/151/151
f 155/155/155 227/227/227 151/151/151
f 165/165/165 155/155/155 151/151/151
f 161/161/161 165/165/165 151/151/151
f 166/166/166 161/161/161 151/151/151
f 162/162/162 166/166/166 151/151/151
f 95/95/95 162/162/162 151/151/151
f 156/156/156 95/95/95 151/151/151
f 152/152/152 156/156/156 151/151/151
f 152/152/152 75/75/75 151/151/151
f 156/156/156 152/152/152 75/75/75
f 156/156/156 81/81/81 75/75/75
f 95/95/95 156/156/156 81/81/81
f 87/87/87 95/95/95 81/81/81
f 96/96/96 87/87/87 81/81/81
f 88/88/88 96/96/96 81/81/81
f 89/89/89 88/88/88 81/81/81
f 89/89/89 21/21/21 82/82/82
f 82/82/82 89/89/89 81/81/81
f 82/82/82 157/157/157 81/81/81
f 77/77/77 21/21/21 82/82/82
f 77/77/77 76/76/76 82/82/82
f 96/96/96 88/88/88 89/89/89
f 103/103/103 96/96/96 89/89/89
f 97/97/97 103/103/103 89/89/89
f 105/105/105 97/97/97 89/89/89
f 98/98/98 105/105/105 89/89/89
f 99/99/99 98/98/98 89/89/89
f 99/99/99 22/22/22 90/90/90
f 90/90/90 99/99/99 89/89/89
f 90/90/90 25/25/25 89/89/89
f 105/105/105 98/98/98 99/99/99
f 109/109/109 105/105/105 99/99/99
f 106/106/106 109/109/109 99/99/99
f 181/181/181 106/106/106 99/99/99
f 111/111/111 181/181/181 99/99/99
f 107/107/107 111/111/111 99/99/99
f 108/108/108 107/107/107 99/99/99
f 168/168/168 108/108/108 99/99/99
f 100/100/100 168/168/168 99/99/99
f 93/93/93 100/100/100 99/99/99
f 92/92/92 93/93/93 99/99/99
f 92/92/92 91/91/91 99/99/99
f 28/28/28 92/92/92 91/91/91
f 28/28/28 27/27/27 91/91/91
f 93/93/93 92/92/92 28/28/28
f 158/158/158 93/93/93 28/28/28
f 158/158/158 24/24/24 84/84/84
f 84/84/84 158/158/158 28/28/28
f 24/24/24 84/84/84 28/28/28
f 24/24/24 23/23/23 28/28/28
f 101/101/101 93/93/93 158/158/158
f 102/102/102 101/101/101 158/158/158
f 94/94/94 102/102/102 158/158/158
f 233/233/233 94/94/94 158/158/158
f 163/163/163 233/233/233 158/158/158
f 234/234/234 163/163/163 158/158/158
f 164/164/164 234/234/234 158/158/158
f 229/229/229 164/164/164 158/158/158
f 224/224/224 229/229/229 158/158/158
f 159/159/159 224/224/224 158/158/158
f 160/160/160 159/159/159 158/158/158
f 86/86/86 160/160/160 158/158/158
f 220/220/220 86/86/86 158/158/158
f 153/153/153 220/220/220 158/158/158
f 80/80/80 153/153/153 158/158/158
f 74/74/74 80/80/80 158/158/158
f 73/73/73 74/74/74 158/158/158
f 15/15/15 73/73/73 158/158/158
f 79/79/79 15/15/15 158/158/158
f 79/79/79 78/78/78 158/158/158
f 20/20/20 15/15/15 79/79/79
f 19/19/19 20/20/20 79/79/79
f 19/19/19 18/18/18 79/79/79
f 20/20/20 19/19/19 18/18/18
f 20/20/20 15/15/15 18/18/18
f 221/221/221 220/220/220 153/153/153
f 221/221/221 150/150/150 154/154/154
f 154/154/154 221/221/221 153/153/153
f 154/154/154 150/150/150 153/153/153
f 86/86/86 220/220/220 221/221/221
f 225/225/225 86/86/86 221/221/221
f 288/288/288 225/225/225 221/221/221
f 286/286/286 288/288/288 221/221/221
f 344/344/344 286/286/286 221/221/221
f 345/345/345 344/344/344 221/221/221
f 283/283/283 345/345/345 221/221/221
f 279/279/279 283/283/283 221/221/221
f 276/276/276 279/279/279 221/221/221
f 218/218/218 276/276/276 221/221/221
f 218/218/218 217/217/217 221/221/221
f 276/276/276 218/218/218 217/217/217
f 329/329/329 276/276/276 217/217/217
f 215/215/215 329/329/329 217/217/217
f 211/211/211 215/215/215 217/217/217
f 214/214/214 211/211/211 217/217/217
f 214/214/214 147/147/147 217/217/217
f 329/329/329 215/215/215 211/211/211
f 274/274/274 329/329/329 211/211/211
f 326/326/326 274/274/274 211/211/211
f 270/270/270 326/326/326 211/211/211
f 270/270/270 207/207/207 273/273/273
f 273/273/273 270/270/270 211/211/211
f 207/207/207 273/273/273 211/211/211
f 207/207/207 210/210/210 211/211/211
f 373/373/373 326/326/326 270/270/270
f 324/324/324 373/373/373 270/270/270
f 266/266/266 324/324/324 270/270/270
f 266/266/266 206/206/206 269/269/269
f 269/269/269 266/266/266 270/270/270
f 269/269/269 206/206/206 270/270/270
f 372/372/372 324/324/324 266/266/266
f 323/323/323 372/372/372 266/266/266
f 320/320/320 323/323/323 266/266/266
f 262/262/262 320/320/320 266/266/266
f 262/262/262 265/265/265 266/266/266
f 257/257/257 203/203/203 262/262/262
f 261/261/261 257/257/257 203/203/203
f 261/261/261 198/198/198 203/203/203
f 197/197/197 202/202/202 198/198/198
f 123/123/123 197/197/197 198/198/198
f 123/123/123 202/202/202 197/197/197
f 122/122/122 123/123/123 198/198/198
f 122/122/122 130/130/130 123/123/123
f 196/196/196 122/122/122 198/198/198
f 39/39/39 196/196/196 198/198/198
f 40/40/40 39/39/39 198/198/198
f 124/124/124 40/40/40 198/198/198
f 191/191/191 124/124/124 198/198/198
f 260/260/260 191/191/191 198/198/198
f 257/257/257 260/260/260 198/198/198
f 257/257/257 261/261/261 198/198/198
f 131/131/131 123/123/123 130/130/130
f 39/39/39 31/31/31 122/122/122
f 39/39/39 196/196/196 122/122/122
f 120/120/120 121/121/121 31/31/31
f 40/40/40 32/32/32 31/31/31
f 40/40/40 39/39/39 31/31/31
f 112/112/112 190/190/190 194/194/194
f 190/190/190 189/189/189 112/112/112
f 259/259/259 190/190/190 189/189/189
f 256/256/256 190/190/190 259/259/259
f 256/256/256 255/255/255 259/259/259
f 369/369/369 317/317/317 255/255/255
f 318/318/318 369/369/369 255/255/255
f 319/319/319 318/318/318 255/255/255
f 322/322/322 319/319/319 255/255/255
f 322/322/322 193/193/193 258/258/258
f 258/258/258 322/322/322 255/255/255
f 258/258/258 193/193/193 255/255/255
f 318/318/318 319/319/319 322/322/322
f 369/369/369 318/318/318 322/322/322
f 368/368/368 369/369/369 322/322/322
f 418/418/418 368/368/368 322/322/322
f 371/371/371 418/418/418 322/322/322
f 421/421/421 371/371/371 322/322/322
f 421/421/421 321/321/321 322/322/322
f 421/421/421 374/374/374 321/321/321
f 470/470/470 421/421/421 374/374/374
f 425/425/425 470/470/470 374/374/374
f 469/469/469 425/425/425 374/374/374
f 424/424/424 469/469/469 374/374/374
f 427/427/427 424/424/424 374/374/374
f 376/376/376 427/427/427 374/374/374
f 380/380/380 376/376/376 374/374/374
f 377/377/377 380/380/380 374/374/374
f 335/335/335 377/377/377 374/374/374
f 327/327/327 335/335/335 374/374/374
f 328/328/328 327/327/327 374/374/374
f 328/328/328 263/263/263 325/325/325
f 325/325/325 328/328/328 374/374/374
f 325/325/325 263/263/263 374/374/374
f 271/271/271 327/327/327 328/328/328
f 327/327/327 331/331/331 271/271/271
f 335/335/335 327/327/327 331/331/331
f 339/339/339 335/335/335 331/331/331
f 339/339/339 281/281/281 277/277/277
f 277/277/277 281/281/281 219/219/219
f 277/277/277 339/339/339 331/331/331
f 278/278/278 277/277/277 331/331/331
f 275/275/275 278/278/278 331/331/331
f 275/275/275 332/332/332 331/331/331
f 216/216/216 212/212/212 278/278/278
f 280/280/280 277/277/277 216/216/216
f 278/278/278 280/280/280 277/277/277
f 338/338/338 335/335/335 339/339/339
f 384/384/384 338/338/338 339/339/339
f 386/386/386 384/384/384 339/339/339
f 386/386/386 342/342/342 339/339/339
f 437/437/437 386/386/386 342/342/342
f 389/389/389 437/437/437 342/342/342
f 390/390/390 389/389/389 342/342/342
f 346/346/346 390/390/390 342/342/342
f 347/347/347 346/346/346 342/342/342
f 287/287/287 347/347/347 342/342/342
f 343/343/343 287/287/287 342/342/342
f 284/284/284 343/343/343 342/342/342
f 285/285/285 284/284/284 342/342/342
f 285/285/285 282/282/282 342/342/342
f 284/284/284 222/222/222 285/285/285
f 343/343/343 284/284/284 222/222/222
f 287/287/287 343/343/343 222/222/222
f 289/289/289 287/287/287 222/222/222
f 230/230/230 289/289/289 222/222/222
f 230/230/230 223/223/223 226/226/226
f 230/230/230 226/226/226 222/222/222
f 351/351/351 289/289/289 230/230/230
f 293/293/293 351/351/351 230/230/230
f 293/293/293 290/290/290 230/230/230
f 352/352/352 293/293/293 290/290/290
f 356/356/356 352/352/352 290/290/290
f 294/294/294 356/356/356 290/290/290
f 298/298/298 294/294/294 290/290/290
f 299/299/299 298/298/298 290/290/290
f 239/239/239 299/299/299 290/290/290
f 235/235/235 239/239/239 290/290/290
f 177/177/177 235/235/235 290/290/290
f 236/236/236 177/177/177 290/290/290
f 171/171/171 236/236/236 290/290/290
f 232/232/232 171/171/171 290/290/290
f 231/231/231 232/232/232 290/290/290
f 231/231/231 227/227/227 290/290/290
f 232/232/232 231/231/231 227/227/227
f 171/171/171 232/232/232 227/227/227
f 165/165/165 171/171/171 227/227/227
f 165/165/165 155/155/155 227/227/227
f 172/172/172 171/171/171 165/165/165
f 103/103/103 172/172/172 165/165/165
f 103/103/103 96/96/96 166/166/166
f 166/166/166 103/103/103 165/165/165
f 166/166/166 161/161/161 165/165/165
f 95/95/95 96/96/96 166/166/166
f 95/95/95 162/162/162 166/166/166
f 96/96/96 87/87/87 95/95/95
f 177/177/177 172/172/172 103/103/103
f 177/177/177 235/235/235 240/240/240
f 240/240/240 177/177/177 103/103/103
f 178/178/178 240/240/240 103/103/103
f 179/179/179 178/178/178 103/103/103
f 173/173/173 179/179/179 103/103/103
f 180/180/180 173/173/173 103/103/103
f 109/109/109 180/180/180 103/103/103
f 109/109/109 105/105/105 104/104/104
f 104/104/104 109/109/109 103/103/103
f 104/104/104 97/97/97 103/103/103
f 104/104/104 105/105/105 97/97/97
f 186/186/186 180/180/180 109/109/109
f 254/254/254 186/186/186 109/109/109
f 249/249/249 254/254/254 109/109/109
f 187/187/187 249/249/249 109/109/109
f 181/181/181 187/187/187 109/109/109
f 181/181/181 106/106/106 110/110/110
f 110/110/110 181/181/181 109/109/109
f 110/110/110 106/106/106 109/109/109
f 108/108/108 111/111/111 181/181/181
f 168/168/168 108/108/108 181/181/181
f 174/174/174 168/168/168 181/181/181
f 182/182/182 174/174/174 181/181/181
f 242/242/242 182/182/182 181/181/181
f 188/188/188 242/242/242 181/181/181
f 188/188/188 187/187/187 181/181/181
f 108/108/108 107/107/107 111/111/111
f 182/182/182 174/174/174 168/168/168
f 175/175/175 182/182/182 168/168/168
f 242/242/242 175/175/175 168/168/168
f 242/242/242 182/182/182 175/175/175
f 184/184/184 242/242/242 168/168/168
f 176/176/176 184/184/184 168/168/168
f 237/237/237 176/176/176 168/168/168
f 238/238/238 237/237/237 168/168/168
f 233/233/233 238/238/238 168/168/168
f 233/233/233 94/94/94 169/169/169
f 169/169/169 233/233/233 168/168/168
f 102/102/102 169/169/169 168/168/168
f 101/101/101 102/102/102 168/168/168
f 101/101/101 100/100/100 168/168/168
f 101/101/101 93/93/93 100/100/100
f 169/169/169 94/94/94 102/102/102
f 296/296/296 238/238/238 233/233/233
f 297/297/297 296/296/296 233/233/233
f 291/291/291 297/297/297 233/233/233
f 234/234/234 291/291/291 233/233/233
f 234/234/234 163/163/163 170/170/170
f 170/170/170 234/234/234 233/233/233
f 170/170/170 163/163/163 233/233/233
f 292/292/292 291/291/291 234/234/234
f 348/348/348 292/292/292 234/234/234
f 288/288/288 348/348/348 234/234/234
f 288/288/288 225/225/225 229/229/229
f 229/229/229 225/225/225 224/224/224
f 229/229/229 288/288/288 234/234/234
f 228/228/228 229/229/229 234/234/234
f 228/228/228 164/164/164 234/234/234
f 228/228/228 229/229/229 164/164/164
f 160/160/160 159/159/159 224/224/224
f 225/225/225 224/224/224 160/160/160
f 160/160/160 225/225/225 86/86/86
f 392/392/392 348/348/348 288/288/288
f 387/387/387 392/392/392 288/288/288
f 344/344/344 387/387/387 288/288/288
f 344/344/344 286/286/286 288/288/288
f 388/388/388 387/387/387 344/344/344
f 432/432/432 388/388/388 344/344/344
f 432/432/432 345/345/345 344/344/344
f 385/385/385 432/432/432 345/345/345
f 383/383/383 385/385/385 345/345/345
f 341/341/341 383/383/383 345/345/345
f 340/340/340 341/341/341 345/345/345
f 340/340/340 283/283/283 345/345/345
f 341/341/341 340/340/340 283/283/283
f 383/383/383 341/341/341 283/283/283
f 337/337/337 383/383/383 283/283/283
f 336/336/336 337/337/337 283/283/283
f 333/333/333 336/336/336 283/283/283
f 333/333/333 279/279/279 283/283/283
f 329/329/329 333/333/333 279/279/279
f 329/329/329 276/276/276 279/279/279
f 336/336/336 333/333/333 329/329/329
f 337/337/337 336/336/336 329/329/329
f 334/334/334 337/337/337 329/329/329
f 383/383/383 334/334/334 329/329/329
f 383/383/383 337/337/337 334/334/334
f 330/330/330 383/383/383 329/329/329
f 379/379/379 330/330/330 329/329/329
f 378/378/378 379/379/379 329/329/329
f 423/423/423 378/378/378 329/329/329
f 422/422/422 423/423/423 329/329/329
f 375/375/375 422/422/422 329/329/329
f 373/373/373 375/375/375 329/329/329
f 326/326/326 373/373/373 329/329/329
f 326/326/326 274/274/274 329/329/329
f 422/422/422 375/375/375 373/373/373
f 467/467/467 422/422/422 373/373/373
f 420/420/420 467/467/467 373/373/373
f 419/419/419 420/420/420 373/373/373
f 461/461/461 419/419/419 373/373/373
f 416/416/416 461/461/461 373/373/373
f 415/415/415 416/416/416 373/373/373
f 370/370/370 415/415/415 373/373/373
f 372/372/372 370/370/370 373/373/373
f 372/372/372 324/324/324 373/373/373
f 320/320/320 370/370/370 372/372/372
f 320/320/320 323/323/323 372/372/372
f 415/415/415 370/370/370 320/320/320
f 257/257/257 415/415/415 320/320/320
f 257/257/257 262/262/262 320/320/320
f 32/32/32 124/124/124 40/40/40
f 32/32/32 124/124/124 191/191/191
f 115/115/115 32/32/32 191/191/191
f 199/199/199 260/260/260 191/191/191
f 199/199/199 257/257/257 260/260/260
f 368/368/368 418/418/418 317/317/317
f 368/368/368 369/369/369 317/317/317
f 414/414/414 317/317/317 418/418/418
f 458/458/458 414/414/414 418/418/418
f 459/459/459 458/458/458 418/418/418
f 463/463/463 459/459/459 418/418/418
f 513/513/513 463/463/463 418/418/418
f 512/512/512 513/513/513 418/418/418
f 462/462/462 512/512/512 418/418/418
f 421/421/421 462/462/462 418/418/418
f 421/421/421 371/371/371 417/417/417
f 417/417/417 421/421/421 418/418/418
f 417/417/417 371/371/371 418/418/418
f 512/512/512 462/462/462 421/421/421
f 581/581/581 512/512/512 421/421/421
f 517/517/517 581/581/581 421/421/421
f 580/580/580 517/517/517 421/421/421
f 516/516/516 580/580/580 421/421/421
f 466/466/466 516/516/516 421/421/421
f 520/520/520 466/466/466 421/421/421
f 520/520/520 470/470/470 421/421/421
f 589/589/589 520/520/520 470/470/470
f 523/523/523 589/589/589 470/470/470
f 527/527/527 523/523/523 470/470/470
f 474/474/474 527/527/527 470/470/470
f 473/473/473 474/474/474 470/470/470
f 429/429/429 473/473/473 470/470/470
f 469/469/469 429/429/429 470/470/470
f 469/469/469 425/425/425 470/470/470
f 427/427/427 429/429/429 469/469/469
f 427/427/427 424/424/424 469/469/469
f 386/386/386 429/429/429 427/427/427
f 384/384/384 386/386/386 427/427/427
f 382/382/382 384/384/384 427/427/427
f 335/335/335 382/382/382 427/427/427
f 335/335/335 377/377/377 380/380/380
f 380/380/380 335/335/335 427/427/427
f 380/380/380 376/376/376 427/427/427
f 384/384/384 382/382/382 335/335/335
f 384/384/384 338/338/338 335/335/335
f 431/431/431 429/429/429 386/386/386
f 479/479/479 431/431/431 386/386/386
f 480/480/480 479/479/479 386/386/386
f 433/433/433 480/480/480 386/386/386
f 483/483/483 433/433/433 386/386/386
f 434/434/434 483/483/483 386/386/386
f 434/434/434 437/437/437 386/386/386
f 483/483/483 434/434/434 437/437/437
f 485/485/485 483/483/483 437/437/437
f 438/438/438 485/485/485 437/437/437
f 441/441/441 438/438/438 437/437/437
f 390/390/390 441/441/441 437/437/437
f 390/390/390 389/389/389 437/437/437
f 444/444/444 441/441/441 390/390/390
f 393/393/393 444/444/444 390/390/390
f 351/351/351 393/393/393 390/390/390
f 351/351/351 289/289/289 349/349/349
f 349/349/349 351/351/351 390/390/390
f 289/289/289 349/349/349 390/390/390
f 287/287/287 289/289/289 390/390/390
f 347/347/347 287/287/287 390/390/390
f 347/347/347 346/346/346 390/390/390
f 444/444/444 393/393/393 351/351/351
f 395/395/395 444/444/444 351/351/351
f 396/396/396 395/395/395 351/351/351
f 399/399/399 396/396/396 351/351/351
f 400/400/400 399/399/399 351/351/351
f 355/355/355 400/400/400 351/351/351
f 356/356/356 355/355/355 351/351/351
f 352/352/352 356/356/356 351/351/351
f 352/352/352 293/293/293 351/351/351
f 298/298/298 294/294/294 356/356/356
f 299/299/299 298/298/298 356/356/356
f 245/245/245 299/299/299 356/356/356
f 302/302/302 245/245/245 356/356/356
f 357/357/357 302/302/302 356/356/356
f 362/362/362 357/357/357 356/356/356
f 361/361/361 362/362/362 356/356/356
f 360/360/360 361/361/361 356/356/356
f 405/405/405 360/360/360 356/356/356
f 404/404/404 405/405/405 356/356/356
f 403/403/403 404/404/404 356/356/356
f 451/451/451 403/403/403 356/356/356
f 400/400/400 451/451/451 356/356/356
f 400/400/400 355/355/355 356/356/356
f 240/240/240 239/239/239 299/299/299
f 178/178/178 240/240/240 299/299/299
f 179/179/179 178/178/178 299/299/299
f 241/241/241 179/179/179 299/299/299
f 185/185/185 241/241/241 299/299/299
f 185/185/185 245/245/245 299/299/299
f 235/235/235 240/240/240 239/239/239
f 171/171/171 172/172/172 177/177/177
f 171/171/171 236/236/236 177/177/177
f 180/180/180 173/173/173 179/179/179
f 186/186/186 180/180/180 179/179/179
f 254/254/254 186/186/186 179/179/179
f 248/248/248 254/254/254 179/179/179
f 185/185/185 248/248/248 179/179/179
f 185/185/185 241/241/241 179/179/179
f 188/188/188 249/249/249 254/254/254
f 188/188/188 187/187/187 249/249/249
f 250/250/250 188/188/188 254/254/254
f 308/308/308 250/250/250 254/254/254
f 307/307/307 308/308/308 254/254/254
f 314/314/314 307/307/307 254/254/254
f 313/313/313 314/314/314 254/254/254
f 253/253/253 313/313/313 254/254/254
f 306/306/306 253/253/253 254/254/254
f 247/247/247 306/306/306 254/254/254
f 247/247/247 248/248/248 254/254/254
f 237/237/237 184/184/184 242/242/242
f 238/238/238 237/237/237 242/242/242
f 243/243/243 238/238/238 242/242/242
f 295/295/295 243/243/243 242/242/242
f 301/301/301 295/295/295 242/242/242
f 300/300/300 301/301/301 242/242/242
f 358/358/358 300/300/300 242/242/242
f 252/252/252 358/358/358 242/242/242
f 363/363/363 252/252/252 242/242/242
f 309/309/309 363/363/363 242/242/242
f 251/251/251 309/309/309 242/242/242
f 250/250/250 251/251/251 242/242/242
f 250/250/250 188/188/188 242/242/242
f 237/237/237 176/176/176 184/184/184
f 244/244/244 243/243/243 238/238/238
f 295/295/295 244/244/244 238/238/238
f 295/295/295 243/243/243 244/244/244
f 295/295/295 296/296/296 238/238/238
f 358/358/358 295/295/295 296/296/296
f 358/358/358 300/300/300 295/295/295
f 365/365/365 358/358/358 296/296/296
f 359/359/359 365/365/365 296/296/296
f 401/401/401 359/359/359 296/296/296
f 402/402/402 401/401/401 296/296/296
f 353/353/353 402/402/402 296/296/296
f 398/398/398 353/353/353 296/296/296
f 354/354/354 398/398/398 296/296/296
f 394/394/394 354/354/354 296/296/296
f 350/350/350 394/394/394 296/296/296
f 350/350/350 297/297/297 296/296/296
f 348/348/348 350/350/350 297/297/297
f 292/292/292 348/348/348 297/297/297
f 292/292/292 291/291/291 297/297/297
f 394/394/394 350/350/350 348/348/348
f 492/492/492 394/394/394 348/348/348
f 493/493/493 492/492/492 348/348/348
f 442/442/442 493/493/493 348/348/348
f 443/443/443 442/442/442 348/348/348
f 541/541/541 443/443/443 348/348/348
f 486/486/486 541/541/541 348/348/348
f 391/391/391 486/486/486 348/348/348
f 435/435/435 391/391/391 348/348/348
f 435/435/435 392/392/392 348/348/348
f 484/484/484 435/435/435 392/392/392
f 436/436/436 484/484/484 392/392/392
f 432/432/432 436/436/436 392/392/392
f 388/388/388 432/432/432 392/392/392
f 388/388/388 387/387/387 392/392/392
f 484/484/484 436/436/436 432/432/432
f 534/534/534 484/484/484 432/432/432
f 535/535/535 534/534/534 432/432/432
f 594/594/594 535/535/535 432/432/432
f 531/531/531 594/594/594 432/432/432
f 481/481/481 531/531/531 432/432/432
f 592/592/592 481/481/481 432/432/432
f 528/528/528 592/592/592 432/432/432
f 529/529/529 528/528/528 432/432/432
f 525/525/525 529/529/529 432/432/432
f 478/478/478 525/525/525 432/432/432
f 522/522/522 478/478/478 432/432/432
f 475/475/475 522/522/522 432/432/432
f 472/472/472 475/475/475 432/432/432
f 468/468/468 472/472/472 432/432/432
f 426/426/426 468/468/468 432/432/432
f 430/430/430 426/426/426 432/432/432
f 379/379/379 430/430/430 432/432/432
f 379/379/379 330/330/330 381/381/381
f 381/381/381 379/379/379 432/432/432
f 383/383/383 381/381/381 432/432/432
f 383/383/383 385/385/385 432/432/432
f 381/381/381 330/330/330 383/383/383
f 428/428/428 430/430/430 379/379/379
f 426/426/426 428/428/428 379/379/379
f 468/468/468 426/426/426 379/379/379
f 423/423/423 468/468/468 379/379/379
f 423/423/423 378/378/378 379/379/379
f 467/467/467 468/468/468 423/423/423
f 467/467/467 422/422/422 423/423/423
f 472/472/472 468/468/468 467/467/467
f 475/475/475 472/472/472 467/467/467
f 471/471/471 475/475/475 467/467/467
f 525/525/525 471/471/471 467/467/467
f 525/525/525 478/478/478 471/471/471
f 521/521/521 525/525/525 467/467/467
f 588/588/588 521/521/521 467/467/467
f 587/587/587 588/588/588 467/467/467
f 519/519/519 587/587/587 467/467/467
f 582/582/582 519/519/519 467/467/467
f 518/518/518 582/582/582 467/467/467
f 515/515/515 518/518/518 467/467/467
f 514/514/514 515/515/515 467/467/467
f 511/511/511 514/514/514 467/467/467
f 464/464/464 511/511/511 467/467/467
f 465/465/465 464/464/464 467/467/467
f 419/419/419 465/465/465 467/467/467
f 419/419/419 420/420/420 467/467/467
f 464/464/464 465/465/465 419/419/419
f 511/511/511 464/464/464 419/419/419
f 511/511/511 461/461/461 419/419/419
f 460/460/460 511/511/511 461/461/461
f 415/415/415 460/460/460 461/461/461
f 415/415/415 416/416/416 461/461/461
f 192/192/192 257/257/257 199/199/199
f 457/457/457 459/459/459 458/458/458
f 508/508/508 457/457/457 459/459/459
f 564/564/564 508/508/508 459/459/459
f 506/506/506 564/564/564 459/459/459
f 509/509/509 506/506/506 459/459/459
f 568/568/568 509/509/509 459/459/459
f 575/575/575 568/568/568 459/459/459
f 513/513/513 575/575/575 459/459/459
f 513/513/513 463/463/463 459/459/459
f 642/642/642 575/575/575 513/513/513
f 642/642/642 512/512/512 513/513/513
f 642/642/642 581/581/581 512/512/512
f 634/634/634 642/642/642 581/581/581
f 643/643/643 634/634/634 581/581/581
f 644/644/644 643/643/643 581/581/581
f 714/714/714 644/644/644 581/581/581
f 652/652/652 714/714/714 581/581/581
f 721/721/721 652/652/652 581/581/581
f 651/651/651 721/721/721 581/581/581
f 728/728/728 651/651/651 581/581/581
f 657/657/657 728/728/728 581/581/581
f 586/586/586 657/657/657 581/581/581
f 650/650/650 586/586/586 581/581/581
f 656/656/656 650/650/650 581/581/581
f 585/585/585 656/656/656 581/581/581
f 584/584/584 585/585/585 581/581/581
f 580/580/580 584/584/584 581/581/581
f 580/580/580 517/517/517 581/581/581
f 520/520/520 584/584/584 580/580/580
f 520/520/520 589/589/589 584/584/584
f 579/579/579 520/520/520 580/580/580
f 579/579/579 516/516/516 580/580/580
f 520/520/520 579/579/579 516/516/516
f 520/520/520 466/466/466 516/516/516
f 585/585/585 584/584/584 589/589/589
f 656/656/656 585/585/585 589/589/589
f 657/657/657 656/656/656 589/589/589
f 728/728/728 657/657/657 589/589/589
f 729/729/729 728/728/728 589/589/589
f 660/660/660 729/729/729 589/589/589
f 661/661/661 660/660/660 589/589/589
f 666/666/666 661/661/661 589/589/589
f 741/741/741 666/666/666 589/589/589
f 665/665/665 741/741/741 589/589/589
f 747/747/747 665/665/665 589/589/589
f 664/664/664 747/747/747 589/589/589
f 669/669/669 664/664/664 589/589/589
f 596/596/596 669/669/669 589/589/589
f 593/593/593 596/596/596 589/589/589
f 591/591/591 593/593/593 589/589/589
f 533/533/533 591/591/591 589/589/589
f 530/530/530 533/533/533 589/589/589
f 480/480/480 530/530/530 589/589/589
f 480/480/480 479/479/479 527/527/527
f 527/527/527 480/480/480 589/589/589
f 527/527/527 523/523/523 589/589/589
f 431/431/431 479/479/479 527/527/527
f 476/476/476 431/431/431 527/527/527
f 477/477/477 476/476/476 527/527/527
f 473/473/473 477/477/477 527/527/527
f 473/473/473 474/474/474 527/527/527
f 476/476/476 477/477/477 473/473/473
f 431/431/431 476/476/476 473/473/473
f 431/431/431 429/429/429 473/473/473
f 533/533/533 530/530/530 480/480/480
f 536/536/536 533/533/533 480/480/480
f 483/483/483 536/536/536 480/480/480
f 483/483/483 433/433/433 482/482/482
f 482/482/482 483/483/483 480/480/480
f 482/482/482 433/433/433 480/480/480
f 539/539/539 536/536/536 483/483/483
f 539/539/539 485/485/485 483/483/483
f 613/613/613 539/539/539 485/485/485
f 543/543/543 613/613/613 485/485/485
f 548/548/548 543/543/543 485/485/485
f 491/491/491 548/548/548 485/485/485
f 494/494/494 491/491/491 485/485/485
f 488/488/488 494/494/494 485/485/485
f 448/448/448 488/488/488 485/485/485
f 444/444/444 448/448/448 485/485/485
f 441/441/441 444/444/444 485/485/485
f 441/441/441 438/438/438 485/485/485
f 451/451/451 448/448/448 444/444/444
f 451/451/451 400/400/400 447/447/447
f 447/447/447 451/451/451 444/444/444
f 400/400/400 447/447/447 444/444/444
f 399/399/399 400/400/400 444/444/444
f 396/396/396 399/399/399 444/444/444
f 396/396/396 395/395/395 444/444/444
f 246/246/246 185/185/185 245/245/245
f 306/306/306 246/246/246 245/245/245
f 306/306/306 253/253/253 313/313/313
f 313/313/313 306/306/306 245/245/245
f 305/305/305 313/313/313 245/245/245
f 304/304/304 305/305/305 245/245/245
f 303/303/303 304/304/304 245/245/245
f 303/303/303 302/302/302 245/245/245
f 303/303/303 357/357/357 302/302/302
f 303/303/303 362/362/362 357/357/357
f 304/304/304 303/303/303 362/362/362
f 305/305/305 304/304/304 362/362/362
f 311/311/311 305/305/305 362/362/362
f 366/366/366 311/311/311 362/362/362
f 405/405/405 366/366/366 362/362/362
f 405/405/405 360/360/360 361/361/361
f 405/405/405 361/361/361 362/362/362
f 410/410/410 366/366/366 405/405/405
f 409/409/409 410/410/410 405/405/405
f 409/409/409 404/404/404 405/405/405
f 453/453/453 409/409/409 404/404/404
f 499/499/499 453/453/453 404/404/404
f 452/452/452 499/499/499 404/404/404
f 497/497/497 452/452/452 404/404/404
f 451/451/451 497/497/497 404/404/404
f 451/451/451 403/403/403 404/404/404
f 549/549/549 497/497/497 451/451/451
f 548/548/548 549/549/549 451/451/451
f 548/548/548 491/491/491 490/490/490
f 490/490/490 548/548/548 451/451/451
f 490/490/490 448/448/448 451/451/451
f 247/247/247 248/248/248 185/185/185
f 247/247/247 246/246/246 185/185/185
f 309/309/309 251/251/251 250/250/250
f 363/363/363 309/309/309 250/250/250
f 406/406/406 363/363/363 250/250/250
f 367/367/367 406/406/406 250/250/250
f 316/316/316 367/367/367 250/250/250
f 316/316/316 308/308/308 250/250/250
f 315/315/315 316/316/316 308/308/308
f 315/315/315 307/307/307 308/308/308
f 315/315/315 314/314/314 307/307/307
f 246/246/246 247/247/247 306/306/306
f 300/300/300 301/301/301 295/295/295
f 407/407/407 365/365/365 358/358/358
f 412/412/412 407/407/407 358/358/358
f 364/364/364 412/412/412 358/358/358
f 363/363/363 364/364/364 358/358/358
f 363/363/363 252/252/252 310/310/310
f 310/310/310 363/363/363 358/358/358
f 310/310/310 252/252/252 358/358/358
f 412/412/412 364/364/364 363/363/363
f 412/412/412 406/406/406 363/363/363
f 401/401/401 359/359/359 365/365/365
f 450/450/450 401/401/401 365/365/365
f 449/449/449 450/450/450 365/365/365
f 455/455/455 449/449/449 365/365/365
f 408/408/408 455/455/455 365/365/365
f 454/454/454 408/408/408 365/365/365
f 504/504/504 454/454/454 365/365/365
f 504/504/504 407/407/407 365/365/365
f 446/446/446 402/402/402 401/401/401
f 445/445/445 446/446/446 401/401/401
f 445/445/445 450/450/450 401/401/401
f 394/394/394 446/446/446 402/402/402
f 394/394/394 354/354/354 398/398/398
f 398/398/398 394/394/394 402/402/402
f 397/397/397 398/398/398 402/402/402
f 397/397/397 353/353/353 402/402/402
f 397/397/397 398/398/398 353/353/353
f 446/446/446 492/492/492 394/394/394
f 445/445/445 446/446/446 492/492/492
f 450/450/450 445/445/445 492/492/492
f 496/496/496 450/450/450 492/492/492
f 449/449/449 496/496/496 492/492/492
f 455/455/455 449/449/449 492/492/492
f 454/454/454 455/455/455 492/492/492
f 454/454/454 408/408/408 455/455/455
f 495/495/495 454/454/454 492/492/492
f 559/559/559 495/495/495 492/492/492
f 550/550/550 559/559/559 492/492/492
f 551/551/551 550/550/550 492/492/492
f 618/618/618 551/551/551 492/492/492
f 545/545/545 618/618/618 492/492/492
f 612/612/612 545/545/545 492/492/492
f 546/546/546 612/612/612 492/492/492
f 607/607/607 546/546/546 492/492/492
f 547/547/547 607/607/607 492/492/492
f 542/542/542 547/547/547 492/492/492
f 489/489/489 542/542/542 492/492/492
f 489/489/489 493/493/493 492/492/492
f 443/443/443 489/489/489 493/493/493
f 443/443/443 442/442/442 493/493/493
f 542/542/542 489/489/489 443/443/443
f 542/542/542 541/541/541 443/443/443
f 607/607/607 542/542/542 541/541/541
f 607/607/607 547/547/547 542/542/542
f 608/608/608 607/607/607 541/541/541
f 537/537/537 608/608/608 541/541/541
f 602/602/602 537/537/537 541/541/541
f 603/603/603 602/602/602 541/541/541
f 598/598/598 603/603/603 541/541/541
f 538/538/538 598/598/598 541/541/541
f 484/484/484 538/538/538 541/541/541
f 484/484/484 534/534/534 538/538/538
f 487/487/487 484/484/484 541/541/541
f 487/487/487 486/486/486 541/541/541
f 435/435/435 487/487/487 486/486/486
f 435/435/435 484/484/484 487/487/487
f 439/439/439 435/435/435 486/486/486
f 439/439/439 391/391/391 486/486/486
f 440/440/440 439/439/439 391/391/391
f 440/440/440 435/435/435 391/391/391
f 440/440/440 439/439/439 435/435/435
f 598/598/598 538/538/538 534/534/534
f 671/671/671 598/598/598 534/534/534
f 672/672/672 671/671/671 534/534/534
f 594/594/594 672/672/672 534/534/534
f 594/594/594 535/535/535 534/534/534
f 667/667/667 672/672/672 594/594/594
f 668/668/668 667/667/667 594/594/594
f 663/663/663 668/668/668 594/594/594
f 590/590/590 663/663/663 594/594/594
f 592/592/592 590/590/590 594/594/594
f 592/592/592 481/481/481 531/531/531
f 592/592/592 531/531/531 594/594/594
f 588/588/588 590/590/590 592/592/592
f 588/588/588 587/587/587 590/590/590
f 524/524/524 588/588/588 592/592/592
f 525/525/525 524/524/524 592/592/592
f 529/529/529 525/525/525 592/592/592
f 529/529/529 528/528/528 592/592/592
f 588/588/588 524/524/524 525/525/525
f 588/588/588 521/521/521 525/525/525
f 522/522/522 471/471/471 478/478/478
f 471/471/471 475/475/475 522/522/522
f 428/428/428 430/430/430 426/426/426
f 663/663/663 590/590/590 587/587/587
f 667/667/667 663/663/663 587/587/587
f 667/667/667 668/668/668 663/663/663
f 662/662/662 667/667/667 587/587/587
f 740/740/740 662/662/662 587/587/587
f 739/739/739 740/740/740 587/587/587
f 659/659/659 739/739/739 587/587/587
f 658/658/658 659/659/659 587/587/587
f 727/727/727 658/658/658 587/587/587
f 654/654/654 727/727/727 587/587/587
f 655/655/655 654/654/654 587/587/587
f 649/649/649 655/655/655 587/587/587
f 578/578/578 649/649/649 587/587/587
f 582/582/582 578/578/578 587/587/587
f 582/582/582 519/519/519 583/583/583
f 583/583/583 582/582/582 587/587/587
f 583/583/583 519/519/519 587/587/587
f 511/511/511 578/578/578 582/582/582
f 514/514/514 511/511/511 582/582/582
f 515/515/515 514/514/514 582/582/582
f 515/515/515 518/518/518 582/582/582
f 649/649/649 578/578/578 511/511/511
f 654/654/654 649/649/649 511/511/511
f 727/727/727 654/654/654 511/511/511
f 577/577/577 727/727/727 511/511/511
f 574/574/574 577/577/577 511/511/511
f 647/647/647 574/574/574 511/511/511
f 641/641/641 647/647/647 511/511/511
f 573/573/573 641/641/641 511/511/511
f 572/572/572 573/573/573 511/511/511
f 572/572/572 460/460/460 511/511/511
f 505/505/505 564/564/564 508/508/508
f 565/565/565 506/506/506 564/564/564
f 510/510/510 507/507/507 506/506/506
f 510/510/510 509/509/509 506/506/506
f 567/567/567 510/510/510 509/509/509
f 569/569/569 567/567/567 509/509/509
f 569/569/569 568/568/568 509/509/509
f 635/635/635 569/569/569 568/568/568
f 634/634/634 635/635/635 568/568/568
f 634/634/634 642/642/642 576/576/576
f 576/576/576 634/634/634 568/568/568
f 642/642/642 576/576/576 568/568/568
f 642/642/642 575/575/575 568/568/568
f 636/636/636 635/635/635 634/634/634
f 711/711/711 636/636/636 634/634/634
f 645/645/645 711/711/711 634/634/634
f 715/715/715 645/645/645 634/634/634
f 644/644/644 715/715/715 634/634/634
f 644/644/644 643/643/643 634/634/634
f 722/722/722 715/715/715 644/644/644
f 722/722/722 714/714/714 644/644/644
f 784/784/784 722/722/722 714/714/714
f 730/730/730 784/784/784 714/714/714
f 721/721/721 730/730/730 714/714/714
f 721/721/721 652/652/652 714/714/714
f 737/737/737 730/730/730 721/721/721
f 793/793/793 737/737/737 721/721/721
f 729/729/729 793/793/793 721/721/721
f 728/728/728 729/729/729 721/721/721
f 720/720/720 728/728/728 721/721/721
f 720/720/720 651/651/651 721/721/721
f 720/720/720 728/728/728 651/651/651
f 650/650/650 656/656/656 657/657/657
f 650/650/650 586/586/586 657/657/657
f 799/799/799 793/793/793 729/729/729
f 736/736/736 799/799/799 729/729/729
f 743/743/743 736/736/736 729/729/729
f 742/742/742 743/743/743 729/729/729
f 741/741/741 742/742/742 729/729/729
f 741/741/741 666/666/666 735/735/735
f 735/735/735 741/741/741 729/729/729
f 661/661/661 735/735/735 729/729/729
f 661/661/661 660/660/660 729/729/729
f 735/735/735 666/666/666 661/661/661
f 743/743/743 742/742/742 741/741/741
f 799/799/799 743/743/743 741/741/741
f 799/799/799 736/736/736 743/743/743
f 749/749/749 799/799/799 741/741/741
f 748/748/748 749/749/749 741/741/741
f 753/753/753 748/748/748 741/741/741
f 747/747/747 753/753/753 741/741/741
f 747/747/747 665/665/665 741/741/741
f 759/759/759 753/753/753 747/747/747
f 674/674/674 759/759/759 747/747/747
f 677/677/677 674/674/674 747/747/747
f 673/673/673 677/677/677 747/747/747
f 596/596/596 673/673/673 747/747/747
f 596/596/596 669/669/669 670/670/670
f 670/670/670 596/596/596 747/747/747
f 669/669/669 670/670/670 747/747/747
f 669/669/669 664/664/664 747/747/747
f 677/677/677 673/673/673 596/596/596
f 601/601/601 677/677/677 596/596/596
f 681/681/681 601/601/601 596/596/596
f 600/600/600 681/681/681 596/596/596
f 604/604/604 600/600/600 596/596/596
f 599/599/599 604/604/604 596/596/596
f 536/536/536 599/599/599 596/596/596
f 533/533/533 536/536/536 596/596/596
f 595/595/595 533/533/533 596/596/596
f 595/595/595 593/593/593 596/596/596
f 595/595/595 593/593/593 591/591/591
f 595/595/595 533/533/533 591/591/591
f 604/604/604 599/599/599 536/536/536
f 610/610/610 604/604/604 536/536/536
f 609/609/609 610/610/610 536/536/536
f 540/540/540 609/609/609 536/536/536
f 540/540/540 539/539/539 536/536/536
f 609/609/609 540/540/540 539/539/539
f 609/609/609 613/613/613 539/539/539
f 610/610/610 609/609/609 613/613/613
f 683/683/683 610/610/610 613/613/613
f 687/687/687 683/683/683 613/613/613
f 688/688/688 687/687/687 613/613/613
f 689/689/689 688/688/688 613/613/613
f 694/694/694 689/689/689 613/613/613
f 695/695/695 694/694/694 613/613/613
f 615/615/615 695/695/695 613/613/613
f 614/614/614 615/615/615 613/613/613
f 620/620/620 614/614/614 613/613/613
f 619/619/619 620/620/620 613/613/613
f 554/554/554 619/619/619 613/613/613
f 553/553/553 554/554/554 613/613/613
f 549/549/549 553/553/553 613/613/613
f 548/548/548 549/549/549 613/613/613
f 544/544/544 548/548/548 613/613/613
f 544/544/544 543/543/543 613/613/613
f 544/544/544 548/548/548 543/543/543
f 490/490/490 494/494/494 491/491/491
f 488/488/488 490/490/490 494/494/494
f 490/490/490 448/448/448 488/488/488
f 312/312/312 313/313/313 305/305/305
f 312/312/312 311/311/311 305/305/305
f 453/453/453 409/409/409 410/410/410
f 410/410/410 453/453/453 311/311/311
f 410/410/410 366/366/366 311/311/311
f 561/561/561 453/453/453 499/499/499
f 560/560/560 561/561/561 499/499/499
f 621/621/621 560/560/560 499/499/499
f 554/554/554 621/621/621 499/499/499
f 553/553/553 554/554/554 499/499/499
f 549/549/549 553/553/553 499/499/499
f 498/498/498 549/549/549 499/499/499
f 498/498/498 452/452/452 499/499/499
f 549/549/549 498/498/498 452/452/452
f 552/552/552 549/549/549 452/452/452
f 552/552/552 497/497/497 452/452/452
f 552/552/552 549/549/549 497/497/497
f 411/411/411 412/412/412 406/406/406
f 411/411/411 406/406/406 367/367/367
f 411/411/411 367/367/367 316/316/316
f 456/456/456 504/504/504 407/407/407
f 456/456/456 412/412/412 407/407/407
f 456/456/456 411/411/411 412/412/412
f 449/449/449 496/496/496 450/450/450
f 502/502/502 495/495/495 454/454/454
f 559/559/559 502/502/502 454/454/454
f 559/559/559 495/495/495 502/502/502
f 501/501/501 559/559/559 454/454/454
f 501/501/501 504/504/504 454/454/454
f 559/559/559 501/501/501 504/504/504
f 550/550/550 559/559/559 504/504/504
f 558/558/558 550/550/550 504/504/504
f 626/626/626 558/558/558 504/504/504
f 500/500/500 626/626/626 504/504/504
f 503/503/503 500/500/500 504/504/504
f 562/562/562 503/503/503 504/504/504
f 618/618/618 551/551/551 550/550/550
f 611/611/611 618/618/618 550/550/550
f 692/692/692 611/611/611 550/550/550
f 617/617/617 692/692/692 550/550/550
f 700/700/700 617/617/617 550/550/550
f 616/616/616 700/700/700 550/550/550
f 707/707/707 616/616/616 550/550/550
f 626/626/626 707/707/707 550/550/550
f 626/626/626 558/558/558 550/550/550
f 684/684/684 611/611/611 618/618/618
f 693/693/693 684/684/684 618/618/618
f 685/685/685 693/693/693 618/618/618
f 680/680/680 685/685/685 618/618/618
f 612/612/612 680/680/680 618/618/618
f 612/612/612 545/545/545 618/618/618
f 607/607/607 680/680/680 612/612/612
f 607/607/607 546/546/546 612/612/612
f 676/676/676 680/680/680 607/607/607
f 602/602/602 676/676/676 607/607/607
f 537/537/537 602/602/602 607/607/607
f 537/537/537 608/608/608 607/607/607
f 671/671/671 676/676/676 602/602/602
f 671/671/671 598/598/598 597/597/597
f 597/597/597 671/671/671 602/602/602
f 598/598/598 597/597/597 602/602/602
f 598/598/598 603/603/603 602/602/602
f 680/680/680 676/676/676 671/671/671
f 685/685/685 680/680/680 671/671/671
f 684/684/684 685/685/685 671/671/671
f 684/684/684 693/693/693 685/685/685
f 679/679/679 684/684/684 671/671/671
f 675/675/675 679/679/679 671/671/671
f 758/758/758 675/675/675 671/671/671
f 757/757/757 758/758/758 671/671/671
f 816/816/816 757/757/757 671/671/671
f 750/750/750 816/816/816 671/671/671
f 751/751/751 750/750/750 671/671/671
f 752/752/752 751/751/751 671/671/671
f 745/745/745 752/752/752 671/671/671
f 746/746/746 745/745/745 671/671/671
f 740/740/740 746/746/746 671/671/671
f 662/662/662 740/740/740 671/671/671
f 667/667/667 662/662/662 671/671/671
f 667/667/667 672/672/672 671/671/671
f 745/745/745 746/746/746 740/740/740
f 744/744/744 745/745/745 740/740/740
f 798/798/798 744/744/744 740/740/740
f 738/738/738 798/798/798 740/740/740
f 738/738/738 739/739/739 740/740/740
f 792/792/792 738/738/738 739/739/739
f 791/791/791 792/792/792 739/739/739
f 732/732/732 791/791/791 739/739/739
f 733/733/733 732/732/732 739/739/739
f 726/726/726 733/733/733 739/739/739
f 727/727/727 726/726/726 739/739/739
f 727/727/727 658/658/658 734/734/734
f 734/734/734 727/727/727 739/739/739
f 658/658/658 734/734/734 739/739/739
f 658/658/658 659/659/659 739/739/739
f 718/718/718 726/726/726 727/727/727
f 719/719/719 718/718/718 727/727/727
f 653/653/653 719/719/719 727/727/727
f 648/648/648 653/653/653 727/727/727
f 648/648/648 577/577/577 727/727/727
f 655/655/655 649/649/649 654/654/654
f 719/719/719 648/648/648 577/577/577
f 719/719/719 653/653/653 648/648/648
f 647/647/647 719/719/719 577/577/577
f 647/647/647 574/574/574 577/577/577
f 718/718/718 719/719/719 647/647/647
f 646/646/646 718/718/718 647/647/647
f 638/638/638 646/646/646 647/647/647
f 639/639/639 638/638/638 647/647/647
f 640/640/640 639/639/639 647/647/647
f 572/572/572 640/640/640 647/647/647
f 572/572/572 573/573/573 641/641/641
f 572/572/572 641/641/641 647/647/647
f 639/639/639 640/640/640 572/572/572
f 633/633/633 639/639/639 572/572/572
f 709/709/709 633/633/633 572/572/572
f 708/708/708 709/709/709 572/572/572
f 571/571/571 708/708/708 572/572/572
f 565/565/565 564/564/564 505/505/505
f 507/507/507 567/567/567 510/510/510
f 629/629/629 570/570/570 567/567/567
f 636/636/636 629/629/629 567/567/567
f 635/635/635 636/636/636 567/567/567
f 635/635/635 569/569/569 567/567/567
f 630/630/630 629/629/629 636/636/636
f 631/631/631 630/630/630 636/636/636
f 708/708/708 631/631/631 636/636/636
f 709/709/709 708/708/708 636/636/636
f 637/637/637 709/709/709 636/636/636
f 637/637/637 711/711/711 636/636/636
f 709/709/709 637/637/637 711/711/711
f 638/638/638 709/709/709 711/711/711
f 638/638/638 639/639/639 709/709/709
f 712/712/712 638/638/638 711/711/711
f 713/713/713 712/712/712 711/711/711
f 718/718/718 713/713/713 711/711/711
f 718/718/718 646/646/646 713/713/713
f 717/717/717 718/718/718 711/711/711
f 724/724/724 717/717/717 711/711/711
f 716/716/716 724/724/724 711/711/711
f 722/722/722 716/716/716 711/711/711
f 715/715/715 722/722/722 711/711/711
f 710/710/710 715/715/715 711/711/711
f 710/710/710 645/645/645 711/711/711
f 710/710/710 715/715/715 645/645/645
f 723/723/723 716/716/716 722/722/722
f 786/786/786 723/723/723 722/722/722
f 731/731/731 786/786/786 722/722/722
f 785/785/785 731/731/731 722/722/722
f 789/789/789 785/785/785 722/722/722
f 789/789/789 784/784/784 722/722/722
f 795/795/795 789/789/789 784/784/784
f 794/794/794 795/795/795 784/784/784
f 788/788/788 794/794/794 784/784/784
f 788/788/788 730/730/730 784/784/784
f 794/794/794 788/788/788 730/730/730
f 794/794/794 737/737/737 730/730/730
f 800/800/800 794/794/794 737/737/737
f 806/806/806 800/800/800 737/737/737
f 812/812/812 806/806/806 737/737/737
f 805/805/805 812/812/812 737/737/737
f 799/799/799 805/805/805 737/737/737
f 799/799/799 793/793/793 737/737/737
f 754/754/754 805/805/805 799/799/799
f 754/754/754 749/749/749 799/799/799
f 753/753/753 754/754/754 749/749/749
f 753/753/753 748/748/748 749/749/749
f 755/755/755 754/754/754 753/753/753
f 817/817/817 755/755/755 753/753/753
f 760/760/760 817/817/817 753/753/753
f 767/767/767 760/760/760 753/753/753
f 683/683/683 767/767/767 753/753/753
f 683/683/683 687/687/687 767/767/767
f 683/683/683 759/759/759 753/753/753
f 766/766/766 683/683/683 759/759/759
f 682/682/682 766/766/766 759/759/759
f 606/606/606 682/682/682 759/759/759
f 681/681/681 606/606/606 759/759/759
f 601/601/601 681/681/681 759/759/759
f 678/678/678 601/601/601 759/759/759
f 678/678/678 674/674/674 759/759/759
f 601/601/601 678/678/678 674/674/674
f 601/601/601 677/677/677 674/674/674
f 610/610/610 606/606/606 681/681/681
f 610/610/610 683/683/683 606/606/606
f 686/686/686 610/610/610 681/681/681
f 605/605/605 686/686/686 681/681/681
f 604/604/604 605/605/605 681/681/681
f 604/604/604 600/600/600 681/681/681
f 686/686/686 605/605/605 604/604/604
f 686/686/686 610/610/610 604/604/604
f 682/682/682 606/606/606 683/683/683
f 682/682/682 766/766/766 683/683/683
f 768/768/768 767/767/767 687/687/687
f 774/774/774 768/768/768 687/687/687
f 775/775/775 774/774/774 687/687/687
f 775/775/775 688/688/688 687/687/687
f 775/775/775 689/689/689 688/688/688
f 781/781/781 775/775/775 689/689/689
f 780/780/780 781/781/781 689/689/689
f 704/704/704 780/780/780 689/689/689
f 696/696/696 704/704/704 689/689/689
f 702/702/702 696/696/696 689/689/689
f 695/695/695 702/702/702 689/689/689
f 695/695/695 694/694/694 689/689/689
f 620/620/620 702/702/702 695/695/695
f 620/620/620 614/614/614 615/615/615
f 620/620/620 615/615/615 695/695/695
f 554/554/554 619/619/619 620/620/620
f 621/621/621 554/554/554 620/620/620
f 703/703/703 621/621/621 620/620/620
f 703/703/703 702/702/702 620/620/620
f 621/621/621 627/627/627 561/561/561
f 621/621/621 560/560/560 555/555/555
f 555/555/555 621/621/621 561/561/561
f 555/555/555 560/560/560 561/561/561
f 562/562/562 627/627/627 621/621/621
f 562/562/562 504/504/504 627/627/627
f 628/628/628 562/562/562 621/621/621
f 622/622/622 628/628/628 621/621/621
f 705/705/705 622/622/622 621/621/621
f 698/698/698 705/705/705 621/621/621
f 704/704/704 698/698/698 621/621/621
f 704/704/704 696/696/696 703/703/703
f 704/704/704 703/703/703 621/621/621
f 698/698/698 707/707/707 626/626/626
f 698/698/698 705/705/705 706/706/706
f 706/706/706 698/698/698 626/626/626
f 625/625/625 706/706/706 626/626/626
f 624/624/624 625/625/625 626/626/626
f 556/556/556 624/624/624 626/626/626
f 557/557/557 556/556/556 626/626/626
f 557/557/557 500/500/500 626/626/626
f 563/563/563 557/557/557 500/500/500
f 563/563/563 503/503/503 500/500/500
f 563/563/563 562/562/562 503/503/503
f 556/556/556 563/563/563 562/562/562
f 556/556/556 557/557/557 563/563/563
f 556/556/556 628/628/628 562/562/562
f 773/773/773 692/692/692 611/611/611
f 773/773/773 684/684/684 611/611/611
f 701/701/701 617/617/617 692/692/692
f 700/700/700 701/701/701 692/692/692
f 700/700/700 617/617/617 701/701/701
f 699/699/699 700/700/700 692/692/692
f 690/690/690 699/699/699 692/692/692
f 783/783/783 690/690/690 692/692/692
f 691/691/691 783/783/783 692/692/692
f 778/778/778 691/691/691 692/692/692
f 779/779/779 778/778/778 692/692/692
f 771/771/771 779/779/779 692/692/692
f 772/772/772 771/771/771 692/692/692
f 772/772/772 773/773/773 692/692/692
f 707/707/707 616/616/616 700/700/700
f 707/707/707 699/699/699 700/700/700
f 782/782/782 699/699/699 707/707/707
f 782/782/782 698/698/698 707/707/707
f 764/764/764 773/773/773 684/684/684
f 757/757/757 764/764/764 684/684/684
f 757/757/757 758/758/758 765/765/765
f 765/765/765 757/757/757 684/684/684
f 758/758/758 765/765/765 684/684/684
f 675/675/675 758/758/758 684/684/684
f 675/675/675 679/679/679 684/684/684
f 771/771/771 764/764/764 757/757/757
f 771/771/771 772/772/772 764/764/764
f 763/763/763 771/771/771 757/757/757
f 820/820/820 763/763/763 757/757/757
f 756/756/756 820/820/820 757/757/757
f 815/815/815 756/756/756 757/757/757
f 815/815/815 816/816/816 757/757/757
f 808/808/808 815/815/815 816/816/816
f 809/809/809 808/808/808 816/816/816
f 803/803/803 809/809/809 816/816/816
f 810/810/810 803/803/803 816/816/816
f 744/744/744 810/810/810 816/816/816
f 744/744/744 745/745/745 750/750/750
f 744/744/744 750/750/750 816/816/816
f 752/752/752 745/745/745 750/750/750
f 752/752/752 751/751/751 750/750/750
f 803/803/803 810/810/810 744/744/744
f 804/804/804 803/803/803 744/744/744
f 796/796/796 804/804/804 744/744/744
f 797/797/797 796/796/796 744/744/744
f 797/797/797 798/798/798 744/744/744
f 789/789/789 797/797/797 798/798/798
f 789/789/789 785/785/785 790/790/790
f 790/790/790 789/789/789 798/798/798
f 786/786/786 790/790/790 798/798/798
f 786/786/786 731/731/731 790/790/790
f 791/791/791 786/786/786 798/798/798
f 792/792/792 791/791/791 798/798/798
f 792/792/792 738/738/738 798/798/798
f 724/724/724 786/786/786 791/791/791
f 724/724/724 717/717/717 787/787/787
f 787/787/787 724/724/724 791/791/791
f 718/718/718 787/787/787 791/791/791
f 718/718/718 717/717/717 787/787/787
f 725/725/725 718/718/718 791/791/791
f 725/725/725 732/732/732 791/791/791
f 718/718/718 725/725/725 732/732/732
f 726/726/726 718/718/718 732/732/732
f 726/726/726 733/733/733 732/732/732
f 712/712/712 713/713/713 646/646/646
f 712/712/712 638/638/638 646/646/646
f 632/632/632 709/709/709 639/639/639
f 632/632/632 633/633/633 639/639/639
f 632/632/632 709/709/709 633/633/633
f 630/630/630 631/631/631 708/708/708
f 629/629/629 630/630/630 708/708/708
f 570/570/570 629/629/629 708/708/708
f 723/723/723 786/786/786 724/724/724
f 723/723/723 716/716/716 724/724/724
f 731/731/731 790/790/790 785/785/785
f 796/796/796 797/797/797 789/789/789
f 803/803/803 796/796/796 789/789/789
f 803/803/803 804/804/804 796/796/796
f 802/802/802 803/803/803 789/789/789
f 802/802/802 795/795/795 789/789/789
f 809/809/809 802/802/802 795/795/795
f 808/808/808 809/809/809 795/795/795
f 814/814/814 808/808/808 795/795/795
f 801/801/801 814/814/814 795/795/795
f 813/813/813 801/801/801 795/795/795
f 812/812/812 813/813/813 795/795/795
f 806/806/806 812/812/812 795/795/795
f 800/800/800 806/806/806 795/795/795
f 800/800/800 794/794/794 795/795/795
f 820/820/820 813/813/813 812/812/812
f 820/820/820 763/763/763 819/819/819
f 819/819/819 820/820/820 812/812/812
f 818/818/818 819/819/819 812/812/812
f 821/821/821 818/818/818 812/812/812
f 769/769/769 821/821/821 812/812/812
f 817/817/817 769/769/769 812/812/812
f 755/755/755 817/817/817 812/812/812
f 754/754/754 755/755/755 812/812/812
f 811/811/811 754/754/754 812/812/812
f 811/811/811 805/805/805 812/812/812
f 811/811/811 754/754/754 805/805/805
f 768/768/768 769/769/769 817/817/817
f 767/767/767 768/768/768 817/817/817
f 761/761/761 767/767/767 817/817/817
f 761/761/761 760/760/760 817/817/817
f 761/761/761 767/767/767 760/760/760
f 771/771/771 769/769/769 768/768/768
f 771/771/771 779/779/779 770/770/770
f 770/770/770 771/771/771 768/768/768
f 778/778/778 770/770/770 768/768/768
f 778/778/778 779/779/779 770/770/770
f 777/777/777 778/778/778 768/768/768
f 699/699/699 777/777/777 768/768/768
f 699/699/699 782/782/782 776/776/776
f 776/776/776 699/699/699 768/768/768
f 698/698/698 776/776/776 768/768/768
f 698/698/698 782/782/782 776/776/776
f 781/781/781 698/698/698 768/768/768
f 775/775/775 781/781/781 768/768/768
f 775/775/775 774/774/774 768/768/768
f 704/704/704 698/698/698 781/781/781
f 697/697/697 704/704/704 781/781/781
f 697/697/697 780/780/780 781/781/781
f 697/697/697 704/704/704 780/780/780
f 702/702/702 703/703/703 696/696/696
f 624/624/624 556/556/556 628/628/628
f 706/706/706 624/624/624 628/628/628
f 705/705/705 706/706/706 628/628/628
f 623/623/623 705/705/705 628/628/628
f 623/623/623 622/622/622 628/628/628
f 623/623/623 705/705/705 622/622/622
f 625/625/625 624/624/624 706/706/706
f 772/772/772 764/764/764 773/773/773
f 783/783/783 690/690/690 699/699/699
f 783/783/783 777/777/777 699/699/699
f 778/778/778 777/777/777 783/783/783
f 778/778/778 691/691/691 783/783/783
f 821/821/821 769/769/769 771/771/771
f 822/822/822 821/821/821 771/771/771
f 819/819/819 822/822/822 771/771/771
f 819/819/819 763/763/763 762/762/762
f 762/762/762 819/819/819 771/771/771
f 762/762/762 763/763/763 771/771/771
f 814/814/814 813/813/813 820/820/820
f 808/808/808 814/814/814 820/820/820
f 815/815/815 808/808/808 820/820/820
f 815/815/815 756/756/756 820/820/820
f 809/809/809 802/802/802 803/803/803
f 807/807/807 813/813/813 814/814/814
f 807/807/807 801/801/801 814/814/814
f 807/807/807 813/813/813 801/801/801
f 821/821/821 822/822/822 819/819/819
f 821/821/821 818/818/818 819/819/819
