# OBJ file created by 3D Model Creator
mtllib model.mtl
o model
v -0.754731 -8.02083 -24.0159 0.603922 0.631373 0.654902
v 0.301893 -8.02624 -24.0179 0.654902 0.67451 0.647059
v -6.24674 -7.10391 -24.1039 0.831373 0.831373 0.823529
v -5.40982 -7.21065 -24.2021 0.831373 0.815686 0.811765
v -4.63247 -7.29167 -24.2843 0.788235 0.776471 0.756863
v -3.44371 -7.39253 -24.3811 0.772549 0.752941 0.737255
v -2.31124 -7.46271 -24.4503 0.752941 0.733333 0.717647
v -1.53994 -7.49871 -24.4766 0.760784 0.741176 0.729412
v -0.77035 -7.49871 -24.5129 0.764706 0.745098 0.721569
v 0.385175 -7.49872 -24.519 0.788235 0.760784 0.737255
v 1.53994 -7.49872 -24.4766 0.772549 0.745098 0.721569
v 2.31124 -7.46271 -24.4503 0.74902 0.733333 0.721569
v 3.44371 -7.39254 -24.3811 0.776471 0.760784 0.74902
v 4.63247 -7.29167 -24.2843 0.796078 0.772549 0.772549
v 5.40982 -7.21065 -24.2021 0.831373 0.835294 0.815686
v 6.24674 -7.10391 -24.1039 0.835294 0.835294 0.827451
v -6.59602 -6.49948 -24.111 0.858824 0.858824 0.866667
v -5.45358 -6.49949 -24.3979 0.854902 0.847059 0.866667
v -4.68452 -6.49948 -24.5572 0.854902 0.847059 0.858824
v -3.52209 -6.49949 -24.7475 0.878431 0.862745 0.858824
v -2.35271 -6.49949 -24.889 0.870588 0.862745 0.87451
v -1.56976 -6.49948 -24.9507 0.862745 0.854902 0.866667
v -0.785269 -6.49949 -24.9877 0.878431 0.870588 0.882353
v 0.392635 -6.49948 -24.9938 0.866667 0.858824 0.862745
v 1.56976 -6.49948 -24.9507 0.854902 0.854902 0.862745
v 2.35271 -6.49948 -24.889 0.847059 0.843137 0.862745
v 3.52209 -6.49948 -24.7476 0.85098 0.847059 0.866667
v 4.68452 -6.49949 -24.5572 0.862745 0.854902 0.866667
v 5.45358 -6.49949 -24.3979 0.862745 0.862745 0.870588
v 6.59601 -6.49948 -24.111 0.858824 0.858824 0.866667
v -6.59602 -5.50026 -24.111 0 0.443137 0.894118
v -5.45358 -5.50026 -24.3979 0 0.482353 0.909804
v -4.68452 -5.50026 -24.5572 0.294118 0.819608 1
v -3.52209 -5.50026 -24.7476 0.141176 0.843137 1
v -2.35271 -5.50026 -24.889 0 0.819608 0.988235
v -1.56976 -5.50026 -24.9507 0.145098 0.882353 1
v -0.785269 -5.50026 -24.9877 0.219608 0.901961 1
v 0.392635 -5.50026 -24.9938 0.0117647 0.745098 1
v 1.56976 -5.50026 -24.9507 0.2 0.67451 0.960784
v 2.35271 -5.50026 -24.889 0.337255 0.54902 0.901961
v 3.52209 -5.50026 -24.7476 0.172549 0.592157 0.905882
v 4.68452 -5.50026 -24.5572 0.368627 0.847059 1
v 5.45358 -5.50026 -24.3979 0.172549 0.333333 0.756863
v 6.59602 -5.50026 -24.111 0.266667 0.392157 0.835294
v -6.59602 -4.50103 -24.111 0.615686 0.654902 0.611765
v -5.45358 -4.50103 -24.3979 0.588235 0.611765 0.596078
v -4.68452 -4.50103 -24.5572 0.619608 0.639216 0.662745
v -3.52209 -4.50103 -24.7475 0.619608 0.647059 0.619608
v -2.35271 -4.50103 -24.889 0.568627 0.643137 0.627451
v -1.56976 -4.50103 -24.9507 0.619608 0.654902 0.65098
v -0.785269 -4.50103 -24.9877 0.627451 0.65098 0.643137
v 0.392635 -4.50103 -24.9938 0.643137 0.65098 0.647059
v 3.52209 -4.50103 -24.7476 0.611765 0.654902 0.631373
v 4.68452 -4.50103 -24.5572 0.631373 0.654902 0.639216
v 5.45358 -4.50103 -24.3979 0.615686 0.654902 0.611765
v 6.59602 -4.50103 -24.111 0.678431 0.666667 0.647059
v -1.44896 -9.02006 -23.0306 0.603922 0.623529 0.639216
v -0.7243 -9.03807 -23.0476 0.603922 0.631373 0.654902
v 0.329228 -9.04298 -23.0491 0.654902 0.67451 0.647059
v 1.44896 -9.02006 -23.0306 0.643137 0.658824 0.662745
v -6.69636 -8.04784 -23.049 0.643137 0.682353 0.647059
v -5.47644 -8.21748 -23.2001 0.588235 0.580392 0.592157
v -4.44612 -8.3359 -23.3074 0.643137 0.666667 0.658824
v -3.61901 -8.35787 -23.4277 0.643137 0.678431 0.658824
v -2.54512 -8.50194 -23.4289 0.623529 0.666667 0.643137
v -1.48019 -8.49794 -23.5269 0.603922 0.623529 0.639216
v -0.739919 -8.51595 -23.5446 0.603922 0.631373 0.654902
v 0.373483 -8.5204 -23.5461 0.592157 0.615686 0.615686
v 1.48019 -8.49794 -23.5269 0.643137 0.658824 0.662745
v 2.54512 -8.50194 -23.4289 0.654902 0.658824 0.666667
v 3.61901 -8.35787 -23.4277 0.647059 0.65098 0.666667
v 4.44612 -8.33591 -23.3074 0.615686 0.654902 0.658824
v 5.47644 -8.21748 -23.2001 0.631373 0.647059 0.658824
v 6.69636 -8.04784 -23.049 0.556863 0.572549 0.576471
v -9.15451 -7.13863 -23.1217 0.831373 0.815686 0.803922
v -8.37436 -7.29167 -23.2607 0.788235 0.776471 0.756863
v -7.59985 -7.4267 -23.3899 0.741176 0.72549 0.721569
v -6.53024 -7.53346 -23.6023 0.784314 0.764706 0.74902
v -5.3977 -7.74761 -23.6792 0.721569 0.690196 0.682353
v -4.54251 -7.79578 -23.8127 0.690196 0.678431 0.658824
v -3.49722 -7.88805 -23.8969 0.686275 0.690196 0.666667
v -2.26606 -7.96682 -23.9724 0.615686 0.631373 0.627451
v 2.26606 -7.96682 -23.9724 0.67451 0.67451 0.666667
v 3.49722 -7.88805 -23.8969 0.662745 0.662745 0.654902
v 4.54251 -7.79578 -23.8127 0.666667 0.662745 0.643137
v 5.3977 -7.74761 -23.6792 0.72549 0.709804 0.698039
v 6.53024 -7.53346 -23.6023 0.768627 0.74902 0.733333
v 7.59985 -7.4267 -23.3899 0.74902 0.729412 0.713726
v 8.37435 -7.29167 -23.2607 0.776471 0.760784 0.756863
v 9.15451 -7.13863 -23.1217 0.815686 0.815686 0.815686
v -9.20312 -6.49949 -23.2444 0.854902 0.847059 0.85098
v -8.46845 -6.49948 -23.522 0.862745 0.854902 0.858824
v -7.72543 -6.49948 -23.7764 0.858824 0.85098 0.870588
v 7.72543 -6.49949 -23.7764 0.858824 0.854902 0.87451
v 8.46844 -6.49949 -23.522 0.843137 0.839216 0.858824
v 9.20312 -6.49949 -23.2444 0.85098 0.847059 0.866667
v -9.20312 -5.50026 -23.2444 0.027451 0.662745 0.988235
v -8.46845 -5.50026 -23.522 0.0823529 0.8 0.964706
v -7.72543 -5.50026 -23.7764 0.364706 0.92549 0.992157
v 7.72543 -5.50026 -23.7764 0.352941 0.427451 0.831373
v 8.46844 -5.50026 -23.522 0.376471 0.427451 0.827451
v 9.20312 -5.50026 -23.2444 0.529412 0.388235 0.780392
v -9.20312 -4.50103 -23.2444 0.635294 0.670588 0.658824
v -8.46845 -4.50103 -23.522 0.619608 0.662745 0.670588
v -7.72543 -4.50103 -23.7764 0.647059 0.662745 0.67451
v 7.72543 -4.50103 -23.7764 0.627451 0.647059 0.631373
v 8.46844 -4.50103 -23.522 0.623529 0.623529 0.615686
v 9.20312 -4.50103 -23.2444 0.627451 0.623529 0.607843
v -2.08129 -10.0283 -22.0178 0.623529 0.666667 0.643137
v -1.38705 -10.0553 -22.0466 0.603922 0.623529 0.639216
v -0.693331 -10.0733 -22.0622 0.603922 0.631373 0.654902
v 0.346666 -10.0733 -22.0676 0.654902 0.67451 0.647059
v 1.38706 -10.0553 -22.0466 0.643137 0.658824 0.662745
v 2.08129 -10.0283 -22.0178 0.654902 0.658824 0.666667
v -6.4189 -9.09208 -22.094 0.643137 0.682353 0.647059
v -5.47706 -9.16515 -22.2719 0.623529 0.682353 0.694118
v -4.50541 -9.37157 -22.288 0.643137 0.666667 0.658824
v -3.54955 -9.42515 -22.411 0.643137 0.678431 0.658824
v -2.4767 -9.48834 -22.4914 0.623529 0.666667 0.643137
v -1.41882 -9.52418 -22.5514 0.603922 0.623529 0.639216
v -0.70922 -9.54218 -22.5677 0.603922 0.631373 0.654902
v 0.358121 -9.54663 -22.569 0.592157 0.615686 0.615686
v 1.41882 -9.52418 -22.5514 0.643137 0.658824 0.662745
v 2.4767 -9.48833 -22.4914 0.654902 0.658824 0.666667
v 3.54955 -9.42515 -22.411 0.647059 0.65098 0.666667
v 4.50541 -9.37157 -22.288 0.615686 0.654902 0.658824
v 5.47706 -9.16515 -22.2719 0.619608 0.678431 0.666667
v 6.4189 -9.09208 -22.094 0.556863 0.572549 0.576471
v -9.53576 -8.03884 -22.0359 0.639216 0.682353 0.658824
v -8.40456 -8.21524 -22.3091 0.631373 0.666667 0.647059
v -7.42971 -8.50063 -22.3672 0.592157 0.627451 0.623529
v -6.56481 -8.54295 -22.5962 0.643137 0.682353 0.647059
v -5.52041 -8.69211 -22.7248 0.623529 0.682353 0.694118
v -4.35776 -8.83102 -22.8442 0.643137 0.666667 0.658824
v -3.62868 -8.89403 -22.9106 0.643137 0.678431 0.658824
v -2.90079 -8.94805 -22.9622 0.65098 0.670588 0.654902
v 2.90079 -8.94805 -22.9622 0.596078 0.65098 0.654902
v 3.62868 -8.89403 -22.9106 0.647059 0.65098 0.666667
v 4.35776 -8.83102 -22.8442 0.615686 0.654902 0.658824
v 5.52041 -8.69211 -22.7248 0.619608 0.678431 0.666667
v 6.56481 -8.54296 -22.5962 0.556863 0.572549 0.576471
v 7.42971 -8.50063 -22.3672 0.607843 0.662745 0.67451
v 8.40455 -8.21524 -22.3091 0.635294 0.694118 0.67451
v 9.53576 -8.03884 -22.0359 0.658824 0.666667 0.647059
v -11.282 -7.15664 -22.1422 0.792157 0.788235 0.780392
v -10.5007 -7.35468 -22.315 0.780392 0.760784 0.745098
v -9.58749 -7.48271 -22.5877 0.776471 0.756863 0.733333
v -8.57711 -7.79118 -22.6756 0.705882 0.694118 0.67451
v -7.45149 -7.93081 -22.9333 0.662745 0.670588 0.666667
v 7.45149 -7.93081 -22.9333 0.639216 0.647059 0.627451
v 8.57711 -7.79118 -22.6755 0.682353 0.678431 0.670588
v 9.58749 -7.48271 -22.5877 0.764706 0.741176 0.741176
v 10.5007 -7.35468 -22.315 0.780392 0.764706 0.752941
v 11.282 -7.15664 -22.1422 0.8 0.796078 0.780392
v -11.3498 -6.49949 -22.2752 0.862745 0.854902 0.866667
v -10.6445 -6.49949 -22.6207 0.854902 0.847059 0.85098
v -9.92869 -6.49949 -22.9439 0.866667 0.858824 0.870588
v 9.92869 -6.49949 -22.9439 0.866667 0.862745 0.882353
v 10.6445 -6.49949 -22.6207 0.858824 0.854902 0.87451
v 11.3498 -6.49949 -22.2752 0.858824 0.85098 0.862745
v -11.3498 -5.50026 -22.2752 0 0.396078 0.960784
v -10.6445 -5.50026 -22.6207 0 0.427451 0.976471
v -9.92869 -5.50026 -22.9439 0 0.415686 0.964706
v 9.92869 -5.50026 -22.9439 0.956863 0.368627 0.792157
v 10.6445 -5.50026 -22.6207 1 0.384314 0.74902
v 11.3498 -5.50026 -22.2752 0.984314 0.376471 0.737255
v -11.3498 -4.50103 -22.2752 0.596078 0.639216 0.662745
v -10.6445 -4.50103 -22.6207 0.592157 0.65098 0.631373
v -9.92869 -4.50103 -22.9439 0.627451 0.65098 0.635294
v 9.92869 -4.50103 -22.9439 0.647059 0.654902 0.6
v 10.6445 -4.50103 -22.6207 0.647059 0.662745 0.607843
v 11.3498 -4.50103 -22.2752 0.627451 0.627451 0.588235
v -2.65473 -11.0095 -21.0144 0.65098 0.670588 0.654902
v -1.59178 -11.0617 -21.0691 0.603922 0.623529 0.639216
v -0.662901 -11.0905 -21.0938 0.603922 0.631373 0.654902
v 0.31704 -11.0952 -21.0948 0.654902 0.67451 0.647059
v 1.59178 -11.0617 -21.0691 0.643137 0.658824 0.662745
v 2.65473 -11.0095 -21.0144 0.596078 0.65098 0.654902
v -6.27755 -10.1237 -21.1097 0.643137 0.682353 0.647059
v -5.44883 -10.2443 -21.2218 0.623529 0.682353 0.694118
v -4.38625 -10.365 -21.3466 0.643137 0.666667 0.658824
v -3.39532 -10.4604 -21.4372 0.643137 0.678431 0.658824
v -2.39717 -10.4964 -21.5344 0.65098 0.670588 0.654902
v -1.39437 -10.5743 -21.5503 0.603922 0.623529 0.639216
v -0.67852 -10.5684 -21.5908 0.603922 0.631373 0.654902
v 0.33926 -10.5684 -21.5962 0.654902 0.67451 0.647059
v 1.39437 -10.5743 -21.5503 0.643137 0.658824 0.662745
v 2.39717 -10.4964 -21.5344 0.596078 0.65098 0.654902
v 3.39532 -10.4604 -21.4372 0.647059 0.65098 0.666667
v 4.38625 -10.365 -21.3466 0.615686 0.654902 0.658824
v 5.44884 -10.2443 -21.2218 0.619608 0.678431 0.666667
v 6.27755 -10.1237 -21.1097 0.556863 0.572549 0.576471
v -9.13058 -9.11008 -21.0995 0.639216 0.682353 0.658824
v -8.40968 -9.26312 -21.2404 0.639216 0.662745 0.662745
v -7.46731 -9.34214 -21.5074 0.631373 0.666667 0.647059
v -6.53962 -9.65021 -21.5008 0.643137 0.682353 0.647059
v -5.57676 -9.70422 -21.72 0.623529 0.682353 0.694118
v -4.59673 -9.82267 -21.8304 0.588235 0.580392 0.592157
v -3.47445 -9.92927 -21.9368 0.643137 0.678431 0.658824
v -2.77722 -9.98328 -21.9841 0.65098 0.670588 0.654902
v 2.77722 -9.98328 -21.9841 0.596078 0.65098 0.654902
v 3.47445 -9.92927 -21.9368 0.647059 0.65098 0.666667
v 4.59673 -9.82267 -21.8304 0.631373 0.647059 0.658824
v 5.57676 -9.70422 -21.72 0.619608 0.678431 0.666667
v 6.53962 -9.65021 -21.5008 0.556863 0.572549 0.576471
v 7.4673 -9.34214 -21.5074 0.635294 0.694118 0.67451
v 8.40968 -9.26312 -21.2404 0.588235 0.666667 0.662745
v 9.13058 -9.11008 -21.0995 0.658824 0.666667 0.647059
v -11.5631 -8.04784 -21.0332 0.619608 0.666667 0.666667
v -10.434 -8.27924 -21.3673 0.627451 0.67451 0.67451
v -9.48939 -8.5834 -21.4878 0.639216 0.682353 0.658824
v -8.60851 -8.69599 -21.7426 0.639216 0.662745 0.662745
v -7.79108 -8.86303 -21.8787 0.631373 0.666667 0.647059
v 7.79107 -8.86303 -21.8787 0.635294 0.694118 0.67451
v 8.60851 -8.69599 -21.7426 0.588235 0.666667 0.662745
v 9.48939 -8.5834 -21.4878 0.658824 0.666667 0.647059
v 10.434 -8.27924 -21.3673 0.607843 0.647059 0.643137
v 11.5631 -8.04784 -21.0332 0.631373 0.670588 0.635294
v -13.3617 -7.06662 -21.0546 0.811765 0.8 0.780392
v -12.4948 -7.27147 -21.3529 0.819608 0.8 0.784314
v -11.5506 -7.55588 -21.5698 0.733333 0.717647 0.705882
v -10.5662 -7.87713 -21.7289 0.670588 0.67451 0.654902
v 10.5662 -7.87713 -21.7289 0.686275 0.682353 0.666667
v 11.5506 -7.55589 -21.5698 0.741176 0.72549 0.713726
v 12.4948 -7.27147 -21.3528 0.811765 0.796078 0.784314
v 13.3617 -7.06662 -21.0546 0.815686 0.819608 0.8
v -13.3957 -6.49949 -21.1082 0.858824 0.854902 0.847059
v -12.3849 -6.49949 -21.7131 0.862745 0.854902 0.858824
v 12.3849 -6.49948 -21.7131 0.866667 0.866667 0.87451
v 13.3957 -6.49948 -21.1082 0.866667 0.866667 0.87451
v -13.3957 -5.50026 -21.1082 0.0313726 0.662745 1
v -12.3849 -5.50026 -21.7131 0 0.376471 0.917647
v 12.3849 -5.50026 -21.7131 0.968627 0.494118 0.807843
v 13.3957 -5.50026 -21.1082 1 0.556863 0.811765
v -12.3849 -4.50103 -21.7131 0.623529 0.686275 0.647059
v 12.3849 -4.50103 -21.7131 0.643137 0.647059 0.627451
v -2.53116 -12.0448 -20.0362 0.65098 0.670588 0.654902
v -1.53561 -12.0962 -20.0854 0.603922 0.623529 0.639216
v -0.632201 -12.1168 -20.117 0.603922 0.631373 0.654902
v 0.304393 -12.1214 -20.1177 0.654902 0.67451 0.647059
v 1.53561 -12.0962 -20.0854 0.643137 0.658824 0.662745
v 2.53116 -12.0448 -20.0362 0.596078 0.65098 0.654902
v -6.52422 -11.0815 -20.0795 0.592157 0.627451 0.623529
v -5.47169 -11.2429 -20.2297 0.623529 0.682353 0.694118
v -4.54764 -11.3606 -20.345 0.588235 0.580392 0.592157
v -3.54917 -11.4612 -20.4429 0.643137 0.678431 0.658824
v -2.59455 -11.5136 -20.5381 0.65098 0.670588 0.654902
v -1.63054 -11.5627 -20.5875 0.623529 0.666667 0.643137
v -0.64782 -11.5947 -20.614 0.603922 0.631373 0.654902
v 0.32755 -11.5991 -20.6148 0.592157 0.615686 0.615686
v 1.63054 -11.5627 -20.5875 0.654902 0.658824 0.666667
v 2.59455 -11.5136 -20.5381 0.596078 0.65098 0.654902
v 3.54917 -11.4612 -20.4429 0.647059 0.65098 0.666667
v 4.54765 -11.3606 -20.345 0.631373 0.647059 0.658824
v 5.47169 -11.2429 -20.2297 0.619608 0.678431 0.666667
v 6.52422 -11.0815 -20.0795 0.607843 0.662745 0.67451
v -9.42015 -10.0193 -20.0188 0.627451 0.67451 0.67451
v -8.37071 -10.201 -20.2899 0.639216 0.662745 0.662745
v -7.47103 -10.4856 -20.3506 0.631373 0.666667 0.647059
v -6.50054 -10.5167 -20.6496 0.592157 0.627451 0.623529
v -5.57641 -10.7747 -20.6633 0.623529 0.682353 0.694118
v -4.59743 -10.8196 -20.8608 0.588235 0.580392 0.592157
v -3.78201 -10.9243 -20.9212 0.643137 0.666667 0.658824
v 3.78201 -10.9243 -20.9212 0.615686 0.654902 0.658824
v 4.59743 -10.8196 -20.8608 0.631373 0.647059 0.658824
v 5.57641 -10.7747 -20.6633 0.619608 0.678431 0.666667
v 6.50054 -10.5167 -20.6496 0.607843 0.662745 0.67451
v 7.47102 -10.4856 -20.3506 0.635294 0.694118 0.67451
v 8.37071 -10.201 -20.2899 0.588235 0.666667 0.662745
v 9.42015 -10.0193 -20.0188 0.607843 0.647059 0.643137
v -11.0633 -9.13709 -20.1241 0.619608 0.666667 0.666667
v -10.3401 -9.33513 -20.2936 0.658824 0.682353 0.682353
v -9.52075 -9.46834 -20.5491 0.627451 0.67451 0.67451
v -8.58796 -9.74794 -20.6669 0.639216 0.682353 0.658824
v -7.52926 -9.91127 -20.9133 0.631373 0.666667 0.647059
v 7.52924 -9.91127 -20.9133 0.635294 0.694118 0.67451
v 8.58796 -9.74794 -20.6669 0.658824 0.666667 0.647059
v 9.52075 -9.46834 -20.5491 0.607843 0.647059 0.643137
v 10.3401 -9.33513 -20.2936 0.576471 0.611765 0.6
v 11.0633 -9.13709 -20.1241 0.631373 0.670588 0.635294
v -12.4131 -8.22226 -20.3452 0.647059 0.690196 0.658824
v -11.5019 -8.57896 -20.4858 0.619608 0.666667 0.666667
v -10.5931 -8.75 -20.7901 0.658824 0.682353 0.682353
v -9.8582 -8.93904 -20.9497 0.627451 0.67451 0.67451
v 9.8582 -8.93904 -20.9497 0.607843 0.647059 0.643137
v 10.5931 -8.75 -20.7902 0.576471 0.611765 0.6
v 11.5019 -8.57896 -20.4858 0.631373 0.670588 0.635294
v 12.4132 -8.22225 -20.3452 0.658824 0.678431 0.654902
v -14.4591 -7.1218 -20.2492 0.835294 0.831373 0.823529
v -13.5081 -7.46844 -20.5006 0.772549 0.752941 0.737255
v -12.5656 -7.84132 -20.6773 0.678431 0.670588 0.623529
v 12.5656 -7.84132 -20.6773 0.666667 0.666667 0.658824
v 13.5081 -7.46843 -20.5006 0.756863 0.72549 0.717647
v 14.4591 -7.1218 -20.2492 0.835294 0.831373 0.815686
v -14.3734 -6.49949 -20.4512 0.854902 0.847059 0.858824
v 14.3733 -6.49949 -20.4512 0.858824 0.854902 0.87451
v -14.3734 -5.50026 -20.4512 0.0196078 0.709804 0.996078
v 14.3734 -5.50025 -20.4512 0.968627 0.435294 0.717647
v -3.01308 -13.026 -19.0238 0.643137 0.678431 0.658824
v -2.40866 -13.071 -19.0666 0.65098 0.670588 0.654902
v -1.46801 -13.1221 -19.1108 0.603922 0.623529 0.639216
v -0.601232 -13.152 -19.1315 0.603922 0.631373 0.654902
v 0.300616 -13.152 -19.1362 0.654902 0.67451 0.647059
v 1.46801 -13.1221 -19.1108 0.643137 0.658824 0.662745
v 2.40866 -13.071 -19.0666 0.596078 0.65098 0.654902
v 3.01308 -13.026 -19.0238 0.647059 0.65098 0.666667
v -6.31967 -12.1168 -19.1075 0.592157 0.627451 0.623529
v -5.45046 -12.1957 -19.2949 0.643137 0.682353 0.647059
v -4.56412 -12.4014 -19.3218 0.588235 0.580392 0.592157
v -3.38836 -12.4865 -19.4798 0.643137 0.678431 0.658824
v -2.47098 -12.5489 -19.5599 0.65098 0.670588 0.654902
v -1.55335 -12.5979 -19.6048 0.623529 0.666667 0.643137
v -0.61712 -12.6209 -19.6371 0.603922 0.631373 0.654902
v 0.312191 -12.6253 -19.6376 0.592157 0.615686 0.615686
v 1.55335 -12.5979 -19.6048 0.654902 0.658824 0.666667
v 2.47098 -12.5489 -19.5599 0.596078 0.65098 0.654902
v 3.38836 -12.4865 -19.4798 0.647059 0.65098 0.666667
v 4.56412 -12.4014 -19.3218 0.631373 0.647059 0.658824
v 5.45046 -12.1957 -19.2949 0.556863 0.572549 0.576471
v 6.31967 -12.1168 -19.1075 0.607843 0.662745 0.67451
v -9.01131 -11.0275 -19.15 0.627451 0.67451 0.67451
v -8.46017 -11.2273 -19.1901 0.639216 0.682353 0.658824
v -7.4288 -11.3452 -19.4915 0.639216 0.662745 0.662745
v -6.57031 -11.6522 -19.4893 0.592157 0.627451 0.623529
v -5.46141 -11.7309 -19.7507 0.643137 0.682353 0.647059
v -4.44291 -11.8647 -19.8764 0.588235 0.580392 0.592157
v -3.724 -11.9435 -19.9462 0.643137 0.666667 0.658824
v 3.724 -11.9435 -19.9462 0.615686 0.654902 0.658824
v 4.44291 -11.8647 -19.8764 0.631373 0.647059 0.658824
v 5.46141 -11.7309 -19.7507 0.556863 0.572549 0.576471
v 6.57031 -11.6522 -19.4893 0.607843 0.662745 0.67451
v 7.4288 -11.3452 -19.4916 0.588235 0.666667 0.662745
v 8.46017 -11.2273 -19.1901 0.658824 0.666667 0.647059
v 9.01131 -11.0275 -19.15 0.607843 0.647059 0.643137
v -11.2535 -10.0373 -19.0287 0.647059 0.690196 0.658824
v -10.4461 -10.2073 -19.2978 0.619608 0.666667 0.666667
v -9.48921 -10.5066 -19.4683 0.627451 0.67451 0.67451
v -8.53813 -10.6764 -19.7305 0.639216 0.682353 0.658824
v -7.76466 -10.8488 -19.87 0.639216 0.662745 0.662745
v 7.76466 -10.8488 -19.87 0.588235 0.666667 0.662745
v 8.53813 -10.6764 -19.7305 0.658824 0.666667 0.647059
v 9.48921 -10.5065 -19.4683 0.607843 0.647059 0.643137
v 10.4461 -10.2073 -19.2978 0.631373 0.670588 0.635294
v 11.2536 -10.0373 -19.0287 0.658824 0.678431 0.654902
v -12.3534 -9.26291 -19.2146 0.666667 0.686275 0.662745
v -11.5154 -9.49717 -19.4715 0.647059 0.690196 0.658824
v -10.6117 -9.70266 -19.7538 0.619608 0.666667 0.666667
v 10.6117 -9.70267 -19.7538 0.631373 0.670588 0.635294
v 11.5154 -9.49717 -19.4715 0.658824 0.678431 0.654902
v 12.3534 -9.26291 -19.2146 0.619608 0.666667 0.65098
v -14.0677 -8.11986 -19.3626 0.611765 0.611765 0.603922
v -13.4356 -8.46267 -19.4078 0.627451 0.639216 0.666667
v -12.5603 -8.70299 -19.7166 0.666667 0.686275 0.662745
v -11.7947 -8.92104 -19.9438 0.647059 0.690196 0.658824
v 11.7947 -8.92104 -19.9438 0.658824 0.678431 0.654902
v 12.5603 -8.70299 -19.7166 0.619608 0.666667 0.65098
v 13.4356 -8.46268 -19.4078 0.611765 0.670588 0.65098
v 14.0677 -8.11986 -19.3626 0.611765 0.65098 0.615686
v -15.4244 -7.23483 -19.3859 0.760784 0.745098 0.733333
v -14.5403 -7.70098 -19.5066 0.721569 0.717647 0.709804
v -13.5538 -7.93081 -19.9438 0.658824 0.65098 0.654902
v 13.5538 -7.93081 -19.9438 0.666667 0.666667 0.666667
v 14.5403 -7.70098 -19.5066 0.74902 0.733333 0.721569
v 15.4244 -7.23483 -19.3859 0.776471 0.772549 0.764706
v -15.6291 -6.49949 -19.5084 0.862745 0.854902 0.858824
v 15.6291 -6.49949 -19.5084 0.870588 0.870588 0.878431
v -15.6291 -5.50026 -19.5083 0 0.447059 0.952941
v 15.6291 -5.50026 -19.5084 0.984314 0.415686 0.709804
v -3.43403 -14.0072 -18.0019 0.643137 0.666667 0.658824
v -2.86019 -14.0522 -18.0585 0.643137 0.678431 0.658824
v -1.39974 -14.1472 -18.137 0.603922 0.623529 0.639216
v -0.570801 -14.1692 -18.1632 0.603922 0.631373 0.654902
v 0.278083 -14.1739 -18.1634 0.654902 0.67451 0.647059
v 1.4099 -14.1428 -18.1404 0.643137 0.658824 0.662745
v 2.48876 -14.0813 -18.0834 0.596078 0.65098 0.654902
v 3.43403 -14.0072 -18.0019 0.615686 0.654902 0.658824
v -6.5041 -13.089 -18.0658 0.631373 0.666667 0.647059
v -5.54552 -13.2507 -18.2194 0.643137 0.682353 0.647059
v -4.39361 -13.397 -18.3877 0.588235 0.580392 0.592157
v -3.49402 -13.4148 -18.564 0.643137 0.666667 0.658824
v -2.65352 -13.5 -18.619 0.643137 0.678431 0.658824
v -1.4797 -13.5581 -18.6934 0.623529 0.666667 0.643137
v -0.588036 -13.5931 -18.7116 0.603922 0.631373 0.654902
v 0.29321 -13.6471 -18.6648 0.654902 0.67451 0.647059
v 1.47753 -13.6151 -18.6391 0.654902 0.658824 0.666667
v 2.64477 -13.5616 -18.5611 0.647059 0.65098 0.666667
v 3.48881 -13.4744 -18.5073 0.615686 0.654902 0.658824
v 4.38128 -13.4127 -18.3753 0.631373 0.647059 0.658824
v 5.54552 -13.2507 -18.2194 0.556863 0.572549 0.576471
v 6.50409 -13.089 -18.0658 0.635294 0.694118 0.67451
v -9.18023 -12.0177 -18.0172 0.658824 0.682353 0.682353
v -8.42247 -12.1507 -18.2423 0.627451 0.67451 0.67451
v -7.51347 -12.4288 -18.3487 0.639216 0.662745 0.662745
v -6.45505 -12.5447 -18.6305 0.631373 0.666667 0.647059
v -5.5614 -12.7796 -18.6839 0.643137 0.682353 0.647059
v -4.62013 -12.8567 -18.8624 0.623529 0.682353 0.694118
v -3.61878 -12.972 -18.9703 0.643137 0.666667 0.658824
v 3.61878 -12.972 -18.9703 0.615686 0.654902 0.658824
v 4.62013 -12.8567 -18.8624 0.619608 0.678431 0.666667
v 5.5614 -12.7796 -18.6839 0.556863 0.572549 0.576471
v 6.45504 -12.5447 -18.6305 0.635294 0.694118 0.67451
v 7.51347 -12.4288 -18.3487 0.588235 0.666667 0.662745
v 8.42247 -12.1507 -18.2423 0.607843 0.647059 0.643137
v 9.18023 -12.0177 -18.0172 0.576471 0.611765 0.6
v -10.3469 -11.1935 -18.2783 0.619608 0.666667 0.666667
v -9.50166 -11.5083 -18.3959 0.658824 0.682353 0.682353
v -8.53121 -11.6619 -18.704 0.627451 0.67451 0.67451
v -7.48495 -11.9007 -18.9048 0.639216 0.662745 0.662745
v 7.48495 -11.9007 -18.9048 0.588235 0.666667 0.662745
v 8.53121 -11.6618 -18.704 0.607843 0.647059 0.643137
v 9.50166 -11.5083 -18.3959 0.576471 0.611765 0.6
v 10.3469 -11.1935 -18.2783 0.631373 0.670588 0.635294
v -12.3394 -10.1993 -18.1569 0.627451 0.639216 0.666667
v -11.4545 -10.3913 -18.5103 0.666667 0.686275 0.662745
v -10.5901 -10.7561 -18.6192 0.619608 0.666667 0.666667
v -9.65119 -10.9285 -18.9415 0.658824 0.682353 0.682353
v 9.65119 -10.9285 -18.9415 0.576471 0.611765 0.6
v 10.5901 -10.7561 -18.6192 0.631373 0.670588 0.635294
v 11.4545 -10.3913 -18.5103 0.619608 0.666667 0.65098
v 12.3394 -10.1993 -18.1569 0.611765 0.670588 0.65098
v -14.0805 -9.12809 -18.1524 0.635294 0.643137 0.631373
v -13.3754 -9.43249 -18.3193 0.611765 0.611765 0.603922
v -12.6048 -9.58119 -18.6868 0.627451 0.639216 0.666667
v -11.933 -9.86625 -18.8034 0.666667 0.686275 0.662745
v 11.933 -9.86626 -18.8034 0.619608 0.666667 0.65098
v 12.6048 -9.58119 -18.6868 0.611765 0.670588 0.65098
v 13.3754 -9.43249 -18.3193 0.611765 0.65098 0.615686
v 14.0805 -9.12809 -18.1524 0.619608 0.662745 0.678431
v -15.2284 -8.25079 -18.3004 0.647059 0.670588 0.654902
v -14.5246 -8.51871 -18.5401 0.635294 0.643137 0.631373
v -13.6898 -8.79501 -18.8424 0.611765 0.611765 0.603922
v 13.6898 -8.79501 -18.8424 0.611765 0.65098 0.615686
v 14.5246 -8.51872 -18.5402 0.619608 0.662745 0.678431
v 15.2284 -8.2508 -18.3004 0.576471 0.603922 0.635294
v -17.0585 -7.08462 -18.1655 0.839216 0.835294 0.815686
v -16.3691 -7.39282 -18.396 0.772549 0.752941 0.737255
v -15.6093 -7.72737 -18.6306 0.72549 0.72549 0.694118
v 15.6093 -7.72737 -18.6306 0.72549 0.709804 0.698039
v 16.3691 -7.39282 -18.396 0.776471 0.772549 0.756863
v 17.0585 -7.08462 -18.1655 0.831373 0.831373 0.831373
v -17.1137 -6.49949 -18.2242 0.858824 0.85098 0.862745
v -16.5328 -6.49948 -18.7528 0.870588 0.862745 0.866667
v 16.5328 -6.49948 -18.7528 0.866667 0.862745 0.882353
v 17.1137 -6.49949 -18.2242 0.862745 0.866667 0.882353
v -17.1137 -5.50026 -18.2242 0.0980392 0.545098 0.996078
v -16.5328 -5.50026 -18.7528 0.027451 0.509804 0.976471
v 16.5328 -5.50026 -18.7528 0.952941 0.337255 0.654902
v 17.1137 -5.50026 -18.2242 0.984314 0.352941 0.666667
v -17.1137 -4.50103 -18.2242 0.643137 0.666667 0.65098
v -16.5328 -4.50103 -18.7528 0.611765 0.619608 0.615686
v 16.5328 -4.50103 -18.7528 0.666667 0.666667 0.619608
v 17.1137 -4.50103 -18.2242 0.654902 0.619608 0.592157
v -6.36027 -14.1602 -17.0297 0.631373 0.666667 0.647059
v -5.34189 -14.2285 -17.3078 0.592157 0.627451 0.623529
v -4.57712 -14.4356 -17.3225 0.623529 0.682353 0.694118
v -3.64718 -14.3807 -17.5945 0.588235 0.580392 0.592157
v -2.59729 -14.4402 -17.7227 0.643137 0.678431 0.658824
v -1.43138 -14.5214 -17.7771 0.623529 0.666667 0.643137
v -0.558952 -14.5653 -17.7861 0.603922 0.631373 0.654902
v 0.28518 -14.5697 -17.7862 0.592157 0.615686 0.615686
v 1.41027 -14.52 -17.7801 0.654902 0.658824 0.666667
v 2.54655 -14.4557 -17.715 0.647059 0.65098 0.666667
v 3.65367 -14.381 -17.5929 0.631373 0.647059 0.658824
v 4.58445 -14.4229 -17.333 0.619608 0.678431 0.666667
v 5.34189 -14.2285 -17.3078 0.607843 0.662745 0.67451
v 6.25522 -14.1238 -17.1065 0.635294 0.694118 0.67451
v -8.27886 -13.2242 -17.1794 0.627451 0.67451 0.67451
v -7.39025 -13.3377 -17.4629 0.639216 0.682353 0.658824
v -6.65708 -13.5322 -17.5569 0.639216 0.662745 0.662745
v -5.47238 -13.6896 -17.8046 0.643137 0.682353 0.647059
v -4.42577 -13.8863 -17.9008 0.623529 0.682353 0.694118
v 4.42577 -13.8863 -17.9008 0.619608 0.678431 0.666667
v 5.5146 -13.7294 -17.752 0.607843 0.662745 0.67451
v 6.59155 -13.6092 -17.5032 0.635294 0.694118 0.67451
v 7.39025 -13.3377 -17.4629 0.658824 0.666667 0.647059
v 8.27886 -13.2242 -17.1794 0.607843 0.647059 0.643137
v -10.2923 -12.2169 -17.1835 0.647059 0.690196 0.658824
v -9.40476 -12.3767 -17.5116 0.619608 0.666667 0.666667
v -8.59235 -12.7008 -17.5809 0.627451 0.67451 0.67451
v -7.60199 -12.8549 -17.8728 0.639216 0.682353 0.658824
v 7.60199 -12.8549 -17.8728 0.658824 0.666667 0.647059
v 8.59235 -12.7009 -17.5809 0.607843 0.647059 0.643137
v 9.40476 -12.3767 -17.5116 0.631373 0.670588 0.635294
v 10.2923 -12.2168 -17.1835 0.658824 0.678431 0.654902
v -12.4048 -11.0905 -17.0737 0.611765 0.611765 0.603922
v -11.4523 -11.3382 -17.4421 0.666667 0.686275 0.662745
v -10.609 -11.7088 -17.5569 0.647059 0.690196 0.658824
v -9.82423 -11.8377 -17.8702 0.619608 0.666667 0.666667
v 9.82424 -11.8377 -17.8702 0.631373 0.670588 0.635294
v 10.609 -11.7088 -17.5569 0.658824 0.678431 0.654902
v 11.4523 -11.3381 -17.4421 0.619608 0.666667 0.65098
v 12.4048 -11.0905 -17.0737 0.611765 0.65098 0.615686
v -14.0863 -10.0463 -17.0274 0.647059 0.670588 0.654902
v -13.3667 -10.3258 -17.2621 0.635294 0.643137 0.631373
v -12.5432 -10.5386 -17.6187 0.611765 0.611765 0.603922
v -11.7103 -10.9184 -17.7509 0.627451 0.639216 0.666667
v 11.7103 -10.9184 -17.7509 0.611765 0.670588 0.65098
v 12.5432 -10.5386 -17.6188 0.611765 0.65098 0.615686
v 13.3667 -10.3258 -17.2621 0.619608 0.662745 0.678431
v 14.0863 -10.0463 -17.0274 0.576471 0.603922 0.635294
v -15.1415 -9.20911 -17.1746 0.635294 0.658824 0.65098
v -14.4395 -9.49531 -17.4158 0.647059 0.670588 0.654902
v -13.6647 -9.70715 -17.7751 0.635294 0.643137 0.631373
v 13.6647 -9.70715 -17.7751 0.619608 0.662745 0.678431
v 14.4395 -9.49531 -17.4158 0.576471 0.603922 0.635294
v 15.1415 -9.20911 -17.1746 0.627451 0.631373 0.65098
v -16.231 -8.35391 -17.2843 0.635294 0.670588 0.658824
v -15.5948 -8.53624 -17.6284 0.635294 0.658824 0.65098
v -14.8077 -8.85803 -17.8994 0.647059 0.670588 0.654902
v 14.8077 -8.85803 -17.8994 0.576471 0.603922 0.635294
v 15.5948 -8.53624 -17.6284 0.627451 0.631373 0.65098
v 16.231 -8.35391 -17.2843 0.568627 0.619608 0.643137
v -18.1655 -7.08462 -17.0585 0.827451 0.823529 0.807843
v -17.3418 -7.49871 -17.3418 0.764706 0.729412 0.709804
v -16.6829 -7.66075 -17.7655 0.745098 0.72549 0.701961
v 16.6829 -7.66075 -17.7655 0.72549 0.717647 0.721569
v 17.3418 -7.49871 -17.3418 0.74902 0.733333 0.721569
v 18.1655 -7.08462 -17.0585 0.831373 0.831373 0.831373
v -18.2242 -6.49949 -17.1137 0.870588 0.862745 0.866667
v -17.6777 -6.49948 -17.6777 0.87451 0.858824 0.862745
v 17.6777 -6.49949 -17.6777 0.886275 0.878431 0.890196
v 18.2242 -6.49949 -17.1137 0.866667 0.858824 0.870588
v -18.2242 -5.50026 -17.1137 0.0705882 0.529412 0.972549
v -17.6777 -5.50026 -17.6777 0.0862745 0.482353 0.937255
v 17.6777 -5.50026 -17.6777 0.988235 0.329412 0.670588
v 18.2242 -5.50026 -17.1137 0.956863 0.298039 0.631373
v -18.2242 -4.50103 -17.1137 0.639216 0.662745 0.654902
v -17.6777 -4.50103 -17.6777 0.643137 0.658824 0.662745
v 17.6777 -4.50103 -17.6777 0.647059 0.635294 0.6
v 18.2242 -4.50103 -17.1137 0.682353 0.658824 0.603922
v -8.32726 -14.1713 -16.1484 0.658824 0.682353 0.682353
v -7.07743 -14.5383 -16.355 0.639216 0.682353 0.658824
v -6.44997 -14.4462 -16.7038 0.639216 0.662745 0.662745
v -5.60105 -14.6433 -16.8105 0.592157 0.627451 0.623529
v -4.92396 -14.7184 -16.9484 0.643137 0.682353 0.647059
v 4.92636 -14.7094 -16.9566 0.556863 0.572549 0.576471
v 5.63286 -14.653 -16.7899 0.607843 0.662745 0.67451
v 6.44068 -14.4355 -16.7185 0.588235 0.666667 0.662745
v 7.39506 -14.3543 -16.4038 0.658824 0.666667 0.647059
v 8.32726 -14.1713 -16.1484 0.576471 0.611765 0.6
v -10.2424 -13.179 -16.1395 0.666667 0.686275 0.662745
v -9.4073 -13.3471 -16.4534 0.647059 0.690196 0.658824
v -8.64558 -13.6185 -16.5755 0.658824 0.682353 0.682353
v -7.94175 -13.6651 -16.8771 0.627451 0.67451 0.67451
v 7.72844 -13.8043 -16.828 0.607843 0.647059 0.643137
v 8.626 -13.6768 -16.523 0.576471 0.611765 0.6
v 9.40731 -13.3471 -16.4534 0.658824 0.678431 0.654902
v 10.2424 -13.179 -16.1395 0.619608 0.666667 0.65098
v -11.4217 -12.3066 -16.3492 0.627451 0.639216 0.666667
v -10.5763 -12.6073 -16.5693 0.666667 0.686275 0.662745
v -9.75781 -12.8504 -16.7979 0.647059 0.690196 0.658824
v 9.75781 -12.8504 -16.7979 0.658824 0.678431 0.654902
v 10.5763 -12.6073 -16.5693 0.619608 0.666667 0.65098
v 11.4217 -12.3066 -16.3492 0.611765 0.670588 0.65098
v -13.3759 -11.2166 -16.1686 0.647059 0.670588 0.654902
v -12.4973 -11.4936 -16.5242 0.635294 0.643137 0.631373
v -11.6352 -11.8634 -16.715 0.627451 0.639216 0.666667
v 11.6352 -11.8634 -16.715 0.611765 0.670588 0.65098
v 12.4973 -11.4936 -16.5242 0.619608 0.662745 0.678431
v 13.3759 -11.2166 -16.1686 0.576471 0.603922 0.635294
v -15.0924 -10.1003 -16.0718 0.635294 0.670588 0.658824
v -14.3429 -10.3967 -16.3694 0.635294 0.658824 0.65098
v -13.5758 -10.6506 -16.699 0.647059 0.670588 0.654902
v -12.998 -10.9825 -16.7569 0.635294 0.643137 0.631373
v 12.998 -10.9825 -16.7569 0.619608 0.662745 0.678431
v 13.5758 -10.6506 -16.699 0.576471 0.603922 0.635294
v 14.3429 -10.3967 -16.3694 0.627451 0.631373 0.65098
v 15.0924 -10.1003 -16.0718 0.568627 0.619608 0.643137
v -16.1657 -9.24511 -16.1657 0.639216 0.662745 0.647059
v -15.4856 -9.49717 -16.4905 0.635294 0.670588 0.658824
v -14.8126 -9.73123 -16.8016 0.635294 0.658824 0.65098
v 14.8126 -9.73122 -16.8016 0.627451 0.631373 0.65098
v 15.4857 -9.49717 -16.4905 0.568627 0.619608 0.643137
v 16.1657 -9.24511 -16.1657 0.560784 0.635294 0.65098
v -17.2843 -8.35391 -16.231 0.643137 0.670588 0.639216
v -16.6689 -8.49794 -16.6689 0.639216 0.662745 0.647059
v -15.8906 -8.87603 -16.9218 0.635294 0.670588 0.658824
v 15.8906 -8.87603 -16.9218 0.568627 0.619608 0.643137
v 16.6689 -8.49794 -16.6689 0.560784 0.635294 0.65098
v 17.2843 -8.35391 -16.231 0.607843 0.643137 0.623529
v -18.396 -7.39282 -16.3691 0.768627 0.756863 0.737255
v -17.7655 -7.66075 -16.6829 0.721569 0.709804 0.690196
v 17.7655 -7.66075 -16.6829 0.721569 0.721569 0.713726
v 18.396 -7.39282 -16.3691 0.768627 0.752941 0.74902
v -18.7528 -6.49949 -16.5328 0.854902 0.847059 0.858824
v 18.7528 -6.49949 -16.5328 0.854902 0.85098 0.870588
v -18.7528 -5.50026 -16.5328 0.0431373 0.545098 0.964706
v 18.7528 -5.50026 -16.5328 0.980392 0.301961 0.65098
v -18.7528 -4.50103 -16.5328 0.631373 0.662745 0.670588
v 18.7528 -4.50103 -16.5328 0.670588 0.654902 0.619608
v -10.195 -14.2052 -15.0015 0.627451 0.639216 0.666667
v -9.40234 -14.3194 -15.3808 0.647059 0.690196 0.658824
v -8.49662 -14.4936 -15.7099 0.619608 0.666667 0.666667
v 8.4966 -14.4933 -15.7099 0.631373 0.670588 0.635294
v 9.33388 -14.2817 -15.4648 0.658824 0.678431 0.654902
v 10.248 -14.1062 -15.0795 0.611765 0.670588 0.65098
v -11.3559 -13.2561 -15.2825 0.611765 0.611765 0.603922
v -10.5349 -13.4779 -15.6038 0.627451 0.639216 0.666667
v -9.74455 -13.7659 -15.7891 0.666667 0.686275 0.662745
v 9.6854 -13.843 -15.7393 0.619608 0.666667 0.65098
v 10.5145 -13.5261 -15.5626 0.611765 0.670588 0.65098
v 11.3559 -13.2561 -15.2825 0.611765 0.65098 0.615686
v -13.3045 -12.1258 -15.091 0.635294 0.658824 0.65098
v -12.4485 -12.376 -15.4969 0.647059 0.670588 0.654902
v -11.6433 -12.7848 -15.6279 0.611765 0.611765 0.603922
v -10.8552 -12.972 -15.9729 0.627451 0.639216 0.666667
v 10.8552 -12.972 -15.9729 0.611765 0.670588 0.65098
v 11.6433 -12.7848 -15.6279 0.611765 0.65098 0.615686
v 12.4485 -12.376 -15.4969 0.576471 0.603922 0.635294
v 13.3045 -12.1258 -15.091 0.627451 0.631373 0.65098
v -14.2847 -11.2995 -15.2628 0.635294 0.670588 0.658824
v -13.5247 -11.5501 -15.6238 0.635294 0.658824 0.65098
v -12.8956 -11.9259 -15.6878 0.647059 0.670588 0.654902
v 12.8956 -11.9259 -15.6878 0.576471 0.603922 0.635294
v 13.5247 -11.5501 -15.6238 0.627451 0.631373 0.65098
v 14.2847 -11.2995 -15.2628 0.568627 0.619608 0.643137
v -16.0718 -10.1003 -15.0924 0.643137 0.670588 0.639216
v -15.3411 -10.4688 -15.3411 0.639216 0.662745 0.647059
v -14.6469 -10.6624 -15.7535 0.635294 0.670588 0.658824
v 14.6469 -10.6624 -15.7535 0.568627 0.619608 0.643137
v 15.3411 -10.4688 -15.3411 0.560784 0.635294 0.65098
v 16.0718 -10.1003 -15.0924 0.607843 0.643137 0.623529
v -17.1746 -9.20911 -15.1415 0.639216 0.666667 0.639216
v -16.4905 -9.49717 -15.4856 0.643137 0.670588 0.639216
v -15.8262 -9.74923 -15.8262 0.639216 0.662745 0.647059
v 15.8262 -9.74923 -15.8262 0.560784 0.635294 0.65098
v 16.4905 -9.49717 -15.4856 0.607843 0.643137 0.623529
v 17.1746 -9.2091 -15.1415 0.611765 0.654902 0.670588
v -18.3004 -8.2508 -15.2284 0.647059 0.65098 0.658824
v -17.6284 -8.53624 -15.5948 0.639216 0.666667 0.639216
v -16.9218 -8.87603 -15.8906 0.643137 0.670588 0.639216
v 16.9218 -8.87603 -15.8906 0.607843 0.643137 0.623529
v 17.6284 -8.53624 -15.5948 0.611765 0.654902 0.670588
v 18.3004 -8.2508 -15.2284 0.639216 0.643137 0.623529
v -19.3859 -7.23483 -15.4244 0.74902 0.737255 0.717647
v -18.6306 -7.72737 -15.6093 0.776471 0.764706 0.745098
v 18.6306 -7.72737 -15.6093 0.729412 0.72549 0.709804
v 19.3859 -7.23483 -15.4244 0.788235 0.780392 0.784314
v -19.5083 -6.49949 -15.6291 0.854902 0.839216 0.843137
v 19.5083 -6.49949 -15.6291 0.862745 0.858824 0.878431
v -19.5084 -5.50026 -15.6291 0.0235294 0.639216 1
v 19.5083 -5.50025 -15.6291 1 0.756863 0.980392
v -11.2731 -14.1698 -14.2498 0.635294 0.643137 0.631373
v -10.4633 -14.4605 -14.5113 0.611765 0.611765 0.603922
v -9.74266 -14.6644 -14.7755 0.627451 0.639216 0.666667
v 9.95405 -14.6553 -14.6469 0.611765 0.670588 0.65098
v 10.4111 -14.3943 -14.6296 0.611765 0.65098 0.615686
v 11.2805 -14.1548 -14.2621 0.619608 0.662745 0.678431
v -13.1733 -13.044 -14.0281 0.635294 0.670588 0.658824
v -12.3776 -13.2943 -14.4192 0.635294 0.658824 0.65098
v -11.6357 -13.6326 -14.6148 0.635294 0.643137 0.631373
v -10.8829 -13.8092 -14.979 0.611765 0.611765 0.603922
v 10.8375 -13.8902 -14.9166 0.611765 0.65098 0.615686
v 11.6141 -13.6912 -14.5606 0.619608 0.662745 0.678431
v 12.3776 -13.2943 -14.4192 0.627451 0.631373 0.65098
v 13.1733 -13.044 -14.0281 0.568627 0.619608 0.643137
v -14.153 -12.2338 -14.153 0.639216 0.662745 0.647059
v -13.4166 -12.4849 -14.5266 0.635294 0.670588 0.658824
v -12.6985 -12.8429 -14.7104 0.635294 0.658824 0.65098
v 12.6985 -12.8429 -14.7104 0.627451 0.631373 0.65098
v 13.4166 -12.4849 -14.5266 0.568627 0.619608 0.643137
v 14.153 -12.2338 -14.1531 0.560784 0.635294 0.65098
v -15.2629 -11.2995 -14.2847 0.643137 0.670588 0.639216
v -14.6162 -11.5436 -14.6162 0.639216 0.662745 0.647059
v -13.9245 -11.8917 -14.8281 0.635294 0.670588 0.658824
v 13.9245 -11.8917 -14.8281 0.568627 0.619608 0.643137
v 14.6162 -11.5436 -14.6162 0.560784 0.635294 0.65098
v 15.2628 -11.2995 -14.2847 0.607843 0.643137 0.623529
v -17.0274 -10.0463 -14.0863 0.647059 0.65098 0.658824
v -16.3694 -10.3967 -14.3429 0.639216 0.666667 0.639216
v -15.7535 -10.6624 -14.6469 0.643137 0.670588 0.639216
v -14.9957 -10.9825 -14.9957 0.639216 0.662745 0.647059
v 14.9957 -10.9825 -14.9957 0.560784 0.635294 0.65098
v 15.7535 -10.6624 -14.6469 0.607843 0.643137 0.623529
v 16.3694 -10.3967 -14.3429 0.611765 0.654902 0.670588
v 17.0274 -10.0463 -14.0863 0.639216 0.643137 0.623529
v -18.1524 -9.12809 -14.0805 0.607843 0.65098 0.635294
v -17.4158 -9.49531 -14.4395 0.647059 0.65098 0.658824
v -16.8016 -9.73122 -14.8126 0.639216 0.666667 0.639216
v 16.8016 -9.73122 -14.8126 0.611765 0.654902 0.670588
v 17.4158 -9.49531 -14.4394 0.639216 0.643137 0.623529
v 18.1524 -9.12809 -14.0805 0.52549 0.556863 0.564706
v -19.3626 -8.11986 -14.0677 0.658824 0.670588 0.627451
v -18.5401 -8.51872 -14.5246 0.607843 0.65098 0.635294
v -17.8994 -8.85803 -14.8076 0.647059 0.65098 0.658824
v 17.8994 -8.85803 -14.8076 0.639216 0.643137 0.623529
v 18.5401 -8.51872 -14.5246 0.52549 0.556863 0.564706
v 19.3626 -8.11986 -14.0677 0.6 0.662745 0.662745
v -20.2492 -7.1218 -14.4591 0.835294 0.823529 0.803922
v -19.5066 -7.70098 -14.5403 0.741176 0.72549 0.713726
v 19.5066 -7.70098 -14.5403 0.717647 0.713726 0.698039
v 20.2492 -7.1218 -14.4591 0.839216 0.835294 0.827451
v -20.4512 -6.49949 -14.3734 0.866667 0.85098 0.854902
v 20.4512 -6.49948 -14.3733 0.858824 0.854902 0.87451
v -20.4512 -5.50026 -14.3734 0 0.607843 0.952941
v 20.4512 -5.50026 -14.3734 1 0.788235 0.956863
v -12.1843 -14.263 -13.3586 0.635294 0.670588 0.658824
v -11.6098 -14.4663 -13.6073 0.647059 0.670588 0.654902
v -10.8331 -14.6914 -13.9659 0.635294 0.643137 0.631373
v 11.6072 -14.493 -13.5761 0.627451 0.631373 0.65098
v 12.2228 -14.0813 -13.5575 0.627451 0.631373 0.65098
v -14.0281 -13.044 -13.1733 0.643137 0.670588 0.639216
v -13.4051 -13.3408 -13.4051 0.639216 0.662745 0.647059
v -12.6739 -13.6282 -13.7304 0.635294 0.670588 0.658824
v 12.5938 -13.7131 -13.6939 0.568627 0.619608 0.643137
v 13.3769 -13.3831 -13.3769 0.560784 0.635294 0.65098
v 14.0281 -13.044 -13.1733 0.607843 0.643137 0.623529
v -15.091 -12.1258 -13.3045 0.639216 0.666667 0.639216
v -14.5266 -12.4849 -13.4166 0.643137 0.670588 0.639216
v -13.8136 -12.7379 -13.8136 0.639216 0.662745 0.647059
v 13.8136 -12.7379 -13.8136 0.560784 0.635294 0.65098
v 14.5266 -12.4849 -13.4166 0.607843 0.643137 0.623529
v 15.091 -12.1258 -13.3045 0.611765 0.654902 0.670588
v -16.1686 -11.2166 -13.3759 0.647059 0.65098 0.658824
v -15.6238 -11.5501 -13.5247 0.639216 0.666667 0.639216
v -14.8281 -11.8917 -13.9245 0.643137 0.670588 0.639216
v 14.8281 -11.8917 -13.9245 0.607843 0.643137 0.623529
v 15.6238 -11.5501 -13.5247 0.611765 0.654902 0.670588
v 16.1686 -11.2166 -13.3758 0.639216 0.643137 0.623529
v -17.2621 -10.3258 -13.3667 0.607843 0.65098 0.635294
v -16.699 -10.6506 -13.5758 0.647059 0.65098 0.658824
v 16.699 -10.6506 -13.5758 0.639216 0.643137 0.623529
v 17.2621 -10.3258 -13.3667 0.52549 0.556863 0.564706
v -18.3193 -9.43249 -13.3754 0.658824 0.670588 0.627451
v -17.7751 -9.70715 -13.6647 0.607843 0.65098 0.635294
v 17.7751 -9.70715 -13.6647 0.52549 0.556863 0.564706
v 18.3193 -9.43249 -13.3754 0.6 0.662745 0.662745
v -19.4078 -8.46267 -13.4356 0.643137 0.662745 0.639216
v -18.8424 -8.79501 -13.6898 0.658824 0.670588 0.627451
v 18.8424 -8.79501 -13.6898 0.6 0.662745 0.662745
v 19.4078 -8.46268 -13.4356 0.580392 0.635294 0.635294
v -21.0546 -7.06662 -13.3617 0.819608 0.815686 0.796078
v -20.5006 -7.46844 -13.5081 0.772549 0.745098 0.721569
v -19.9438 -7.93081 -13.5538 0.698039 0.686275 0.65098
v 19.9438 -7.93081 -13.5538 0.654902 0.678431 0.662745
v 20.5006 -7.46843 -13.5081 0.768627 0.752941 0.741176
v 21.0546 -7.06662 -13.3617 0.815686 0.815686 0.807843
v -21.1082 -6.49948 -13.3957 0.854902 0.847059 0.858824
v 21.1082 -6.49948 -13.3957 0.858824 0.862745 0.878431
v -21.1082 -5.50026 -13.3957 0 0.635294 0.968627
v 21.1082 -5.50026 -13.3957 1 0.380392 0.733333
v -13.1844 -14.2593 -12.381 0.643137 0.670588 0.639216
v -12.6949 -14.4447 -12.6295 0.639216 0.662745 0.647059
v 12.7102 -14.3763 -12.7102 0.560784 0.635294 0.65098
v 13.4961 -14.0882 -12.2805 0.607843 0.643137 0.623529
v -14.4192 -13.2943 -12.3776 0.639216 0.666667 0.639216
v -13.7207 -13.6282 -12.6845 0.643137 0.670588 0.639216
v 12.983 -13.9712 -12.983 0.560784 0.635294 0.65098
v 13.6939 -13.7131 -12.5938 0.607843 0.643137 0.623529
v 14.4192 -13.2943 -12.3776 0.611765 0.654902 0.670588
v -15.4969 -12.376 -12.4485 0.647059 0.65098 0.658824
v -14.7104 -12.8429 -12.6985 0.639216 0.666667 0.639216
v 14.7104 -12.8429 -12.6985 0.611765 0.654902 0.670588
v 15.4969 -12.376 -12.4485 0.639216 0.643137 0.623529
v -17.0737 -11.0905 -12.4048 0.658824 0.670588 0.627451
v -16.5242 -11.4936 -12.4973 0.607843 0.65098 0.635294
v -15.6878 -11.9259 -12.8956 0.647059 0.65098 0.658824
v 15.6878 -11.9259 -12.8956 0.639216 0.643137 0.623529
v 16.5242 -11.4936 -12.4973 0.52549 0.556863 0.564706
v 17.0737 -11.0905 -12.4048 0.6 0.662745 0.662745
v -18.1569 -10.1993 -12.3394 0.643137 0.662745 0.639216
v -17.6187 -10.5386 -12.5432 0.658824 0.670588 0.627451
v -16.7569 -10.9825 -12.998 0.607843 0.65098 0.635294
v 16.7569 -10.9825 -12.998 0.52549 0.556863 0.564706
v 17.6188 -10.5386 -12.5432 0.6 0.662745 0.662745
v 18.1569 -10.1993 -12.3394 0.580392 0.635294 0.635294
v -19.2146 -9.26291 -12.3534 0.65098 0.690196 0.654902
v -18.6868 -9.58119 -12.6048 0.643137 0.662745 0.639216
v 18.6868 -9.58119 -12.6048 0.580392 0.635294 0.635294
v 19.2146 -9.26291 -12.3534 0.603922 0.647059 0.654902
v -20.3452 -8.22225 -12.4131 0.647059 0.670588 0.662745
v -19.7166 -8.70299 -12.5603 0.65098 0.690196 0.654902
v 19.7166 -8.70299 -12.5603 0.603922 0.647059 0.654902
v 20.3452 -8.22226 -12.4131 0.635294 0.658824 0.658824
v -21.3529 -7.27147 -12.4948 0.8 0.788235 0.768627
v -20.6773 -7.84132 -12.5656 0.647059 0.635294 0.615686
v 20.6773 -7.84132 -12.5656 0.654902 0.639216 0.627451
v 21.3529 -7.27147 -12.4948 0.784314 0.784314 0.776471
v -21.7131 -6.49949 -12.3849 0.858824 0.843137 0.847059
v 21.7131 -6.49948 -12.3849 0.854902 0.85098 0.870588
v -21.7131 -5.50025 -12.3849 0.0156863 0.721569 0.968627
v 21.7131 -5.50025 -12.3849 0.988235 0.309804 0.658824
v -21.7131 -4.50103 -12.3849 0.627451 0.662745 0.65098
v 21.7131 -4.50103 -12.3849 0.678431 0.666667 0.607843
v -14.2498 -14.1698 -11.2731 0.607843 0.65098 0.635294
v -13.6011 -14.4707 -11.6105 0.647059 0.65098 0.658824
v 13.5706 -14.5088 -11.5904 0.639216 0.643137 0.623529
v 14.245 -14.1562 -11.2997 0.52549 0.556863 0.564706
v -15.2825 -13.2561 -11.3559 0.658824 0.670588 0.627451
v -14.6393 -13.6036 -11.6492 0.607843 0.65098 0.635294
v 14.5606 -13.6912 -11.6141 0.52549 0.556863 0.564706
v 15.2825 -13.2561 -11.3559 0.6 0.662745 0.662745
v -16.3492 -12.3066 -11.4217 0.643137 0.662745 0.639216
v -15.6279 -12.7848 -11.6433 0.658824 0.670588 0.627451
v 15.6279 -12.7848 -11.6433 0.6 0.662745 0.662745
v 16.3492 -12.3066 -11.4217 0.580392 0.635294 0.635294
v -17.4421 -11.3381 -11.4523 0.65098 0.690196 0.654902
v -16.715 -11.8634 -11.6352 0.643137 0.662745 0.639216
v 16.715 -11.8634 -11.6352 0.580392 0.635294 0.635294
v 17.4421 -11.3381 -11.4523 0.603922 0.647059 0.654902
v -19.0287 -10.0373 -11.2535 0.647059 0.670588 0.662745
v -18.5103 -10.3913 -11.4545 0.65098 0.690196 0.654902
v -17.7509 -10.9184 -11.7103 0.643137 0.662745 0.639216
v 17.7509 -10.9184 -11.7103 0.580392 0.635294 0.635294
v 18.5103 -10.3913 -11.4545 0.603922 0.647059 0.654902
v 19.0287 -10.0373 -11.2536 0.635294 0.658824 0.658824
v -20.1241 -9.13709 -11.0633 0.698039 0.694118 0.686275
v -19.4715 -9.49717 -11.5154 0.647059 0.670588 0.662745
v -18.8034 -9.86626 -11.933 0.65098 0.690196 0.654902
v 18.8034 -9.86625 -11.933 0.603922 0.647059 0.654902
v 19.4715 -9.49717 -11.5154 0.635294 0.658824 0.658824
v 20.1241 -9.13709 -11.0633 0.619608 0.666667 0.666667
v -21.0332 -8.04784 -11.5631 0.698039 0.694118 0.686275
v -20.4858 -8.57896 -11.5019 0.698039 0.694118 0.686275
v -19.9438 -8.92104 -11.7947 0.647059 0.670588 0.662745
v 19.9438 -8.92104 -11.7947 0.635294 0.658824 0.658824
v 20.4858 -8.57896 -11.5019 0.619608 0.666667 0.666667
v 21.0332 -8.04784 -11.5631 0.619608 0.666667 0.666667
v -22.1422 -7.15664 -11.282 0.835294 0.815686 0.803922
v -21.5698 -7.55588 -11.5506 0.752941 0.733333 0.709804
v 21.5698 -7.55589 -11.5506 0.760784 0.756863 0.741176
v 22.1422 -7.15664 -11.282 0.772549 0.764706 0.768627
v -22.2752 -6.49948 -11.3498 0.87451 0.858824 0.862745
v 22.2752 -6.49948 -11.3498 0.858824 0.854902 0.87451
v -22.2752 -5.50026 -11.3498 0.0470588 0.596078 0.968627
v 22.2752 -5.50026 -11.3498 0.941176 0.188235 0.592157
v -22.2752 -4.50103 -11.3498 0.662745 0.670588 0.658824
v 22.2752 -4.50103 -11.3498 0.701961 0.686275 0.639216
v -15.0795 -14.1062 -10.248 0.643137 0.662745 0.639216
v -14.5444 -14.4163 -10.4884 0.658824 0.670588 0.627451
v -13.9524 -14.7094 -10.8226 0.607843 0.65098 0.635294
v 13.9524 -14.7094 -10.8226 0.52549 0.556863 0.564706
v 14.4907 -14.4851 -10.451 0.6 0.662745 0.662745
v 15.0795 -14.1062 -10.248 0.580392 0.635294 0.635294
v -16.1395 -13.179 -10.2424 0.65098 0.690196 0.654902
v -15.6122 -13.4683 -10.5387 0.643137 0.662745 0.639216
v -14.9929 -13.7912 -10.893 0.658824 0.670588 0.627451
v 14.9513 -13.8452 -10.8627 0.6 0.662745 0.662745
v 15.5626 -13.5261 -10.5145 0.580392 0.635294 0.635294
v 16.1395 -13.179 -10.2425 0.603922 0.647059 0.654902
v -17.1835 -12.2168 -10.2923 0.647059 0.670588 0.662745
v -16.5693 -12.6073 -10.5763 0.65098 0.690196 0.654902
v -15.9729 -12.972 -10.8552 0.643137 0.662745 0.639216
v 15.9729 -12.972 -10.8552 0.580392 0.635294 0.635294
v 16.5693 -12.6073 -10.5763 0.603922 0.647059 0.654902
v 17.1835 -12.2168 -10.2923 0.635294 0.658824 0.658824
v -18.2783 -11.1935 -10.3469 0.698039 0.694118 0.686275
v -17.5569 -11.7088 -10.609 0.647059 0.670588 0.662745
v 17.5569 -11.7088 -10.609 0.635294 0.658824 0.658824
v 18.2783 -11.1935 -10.3469 0.619608 0.666667 0.666667
v -19.2978 -10.2073 -10.4461 0.698039 0.694118 0.686275
v -18.6192 -10.7561 -10.5901 0.698039 0.694118 0.686275
v 18.6192 -10.7561 -10.5901 0.619608 0.666667 0.666667
v 19.2978 -10.2073 -10.4461 0.619608 0.666667 0.666667
v -20.2936 -9.33513 -10.3401 0.670588 0.666667 0.65098
v -19.7538 -9.70267 -10.6117 0.698039 0.694118 0.686275
v 19.7538 -9.70267 -10.6117 0.619608 0.666667 0.666667
v 20.2936 -9.33513 -10.3401 0.576471 0.647059 0.647059
v -21.3673 -8.27924 -10.434 0.631373 0.654902 0.654902
v -20.7902 -8.75 -10.5931 0.670588 0.666667 0.65098
v 20.7901 -8.75 -10.5931 0.576471 0.647059 0.647059
v 21.3673 -8.27924 -10.434 0.623529 0.619608 0.65098
v -22.315 -7.35468 -10.5007 0.776471 0.745098 0.733333
v -21.7289 -7.87713 -10.5662 0.678431 0.678431 0.647059
v 21.7289 -7.87713 -10.5662 0.694118 0.678431 0.666667
v 22.315 -7.35468 -10.5007 0.776471 0.760784 0.74902
v -22.6207 -6.49948 -10.6445 0.862745 0.854902 0.866667
v 22.6207 -6.49948 -10.6445 0.862745 0.854902 0.87451
v -22.6207 -5.50026 -10.6445 0.0470588 0.576471 0.996078
v 22.6207 -5.50026 -10.6445 1 0.403922 0.741176
v -22.6207 -4.50103 -10.6445 0.690196 0.713726 0.705882
v 22.6207 -4.50103 -10.6445 0.682353 0.654902 0.580392
v -15.3432 -14.331 -9.44242 0.65098 0.690196 0.654902
v -14.9379 -14.6734 -9.47987 0.65098 0.690196 0.654902
v 14.7852 -14.6734 -9.71225 0.580392 0.635294 0.635294
v 15.3944 -14.324 -9.37175 0.635294 0.658824 0.658824
v -16.4534 -13.3471 -9.4073 0.647059 0.670588 0.662745
v -15.769 -13.7659 -9.77731 0.65098 0.690196 0.654902
v 15.7393 -13.843 -9.6854 0.603922 0.647059 0.654902
v 16.4534 -13.3471 -9.4073 0.635294 0.658824 0.658824
v -18.0172 -12.0177 -9.18023 0.670588 0.666667 0.65098
v -17.5116 -12.3767 -9.40476 0.698039 0.694118 0.686275
v -16.7979 -12.8504 -9.75781 0.647059 0.670588 0.662745
v 16.7979 -12.8504 -9.75781 0.635294 0.658824 0.658824
v 17.5116 -12.3767 -9.40476 0.619608 0.666667 0.666667
v 18.0172 -12.0177 -9.18023 0.576471 0.647059 0.647059
v -19.15 -11.0275 -9.01131 0.631373 0.654902 0.654902
v -18.3959 -11.5083 -9.50166 0.670588 0.666667 0.65098
v -17.8702 -11.8377 -9.82424 0.698039 0.694118 0.686275
v 17.8702 -11.8377 -9.82423 0.619608 0.666667 0.666667
v 18.3959 -11.5083 -9.50166 0.576471 0.647059 0.647059
v 19.15 -11.0275 -9.01131 0.623529 0.619608 0.65098
v -20.0188 -10.0193 -9.42015 0.631373 0.654902 0.654902
v -19.4683 -10.5065 -9.48921 0.631373 0.654902 0.654902
v -18.9415 -10.9285 -9.65119 0.670588 0.666667 0.65098
v 18.9415 -10.9285 -9.65119 0.576471 0.647059 0.647059
v 19.4683 -10.5065 -9.48921 0.623529 0.619608 0.65098
v 20.0188 -10.0193 -9.42015 0.623529 0.619608 0.65098
v -21.0995 -9.11008 -9.13058 0.658824 0.682353 0.67451
v -20.5491 -9.46834 -9.52075 0.631373 0.654902 0.654902
v 20.5491 -9.46834 -9.52075 0.623529 0.619608 0.65098
v 21.0995 -9.11008 -9.13059 0.635294 0.654902 0.666667
v -22.0359 -8.03884 -9.53577 0.658824 0.682353 0.67451
v -21.4878 -8.5834 -9.48939 0.658824 0.682353 0.67451
v -20.9497 -8.93904 -9.85819 0.631373 0.654902 0.654902
v 20.9497 -8.93904 -9.85819 0.623529 0.619608 0.65098
v 21.4878 -8.5834 -9.4894 0.635294 0.654902 0.666667
v 22.0359 -8.03884 -9.53577 0.635294 0.654902 0.666667
v -23.1217 -7.13863 -9.15451 0.811765 0.807843 0.792157
v -22.5877 -7.48271 -9.5875 0.784314 0.764706 0.741176
v 22.5877 -7.48271 -9.5875 0.752941 0.737255 0.72549
v 23.1217 -7.13863 -9.15451 0.839216 0.839216 0.831373
v -23.2444 -6.49949 -9.20312 0.862745 0.854902 0.858824
v -22.9439 -6.49948 -9.92869 0.866667 0.858824 0.862745
v 22.9439 -6.49949 -9.9287 0.858824 0.854902 0.87451
v 23.2444 -6.49948 -9.20312 0.862745 0.862745 0.870588
v -23.2444 -5.50026 -9.20312 0 0.541176 0.964706
v -22.9439 -5.50026 -9.92869 0.0784314 0.584314 0.984314
v 22.9439 -5.50026 -9.9287 0.972549 0.243137 0.623529
v 23.2444 -5.50026 -9.20312 0.956863 0.298039 0.67451
v -23.2444 -4.50103 -9.20312 0.643137 0.690196 0.682353
v -22.9439 -4.50103 -9.92869 0.686275 0.709804 0.701961
v 22.9439 -4.50103 -9.9287 0.654902 0.666667 0.6
v 23.2444 -4.50103 -9.20312 0.670588 0.647059 0.6
v -22.9439 -3.88889 -9.92869 0.686275 0.709804 0.701961
v -16.0464 -14.3403 -8.17603 0.670588 0.666667 0.65098
v -15.8478 -14.5743 -8.07483 0.670588 0.666667 0.65098
v 15.807 -14.42 -8.46063 0.619608 0.666667 0.666667
v 16.155 -14.1456 -8.36719 0.576471 0.647059 0.647059
v -17.1794 -13.2242 -8.27886 0.631373 0.654902 0.654902
v -16.7145 -13.5252 -8.57283 0.670588 0.666667 0.65098
v 16.523 -13.6768 -8.62599 0.576471 0.647059 0.647059
v 17.1794 -13.2242 -8.27885 0.623529 0.619608 0.65098
v -18.2423 -12.1507 -8.42247 0.631373 0.654902 0.654902
v -17.5809 -12.7008 -8.59234 0.631373 0.654902 0.654902
v 17.5809 -12.7008 -8.59234 0.623529 0.619608 0.65098
v 18.2423 -12.1507 -8.42247 0.623529 0.619608 0.65098
v -19.1901 -11.2273 -8.46017 0.658824 0.682353 0.67451
v -18.704 -11.6619 -8.53121 0.631373 0.654902 0.654902
v 18.704 -11.6619 -8.53121 0.623529 0.619608 0.65098
v 19.1901 -11.2273 -8.46017 0.635294 0.654902 0.666667
v -20.2899 -10.201 -8.37071 0.631373 0.65098 0.662745
v -19.7305 -10.6764 -8.53813 0.658824 0.682353 0.67451
v 19.7305 -10.6764 -8.53814 0.635294 0.654902 0.666667
v 20.2899 -10.201 -8.37071 0.619608 0.662745 0.647059
v -21.2404 -9.26312 -8.40968 0.631373 0.65098 0.662745
v -20.6669 -9.74794 -8.58796 0.658824 0.682353 0.67451
v 20.6669 -9.74794 -8.58796 0.635294 0.654902 0.666667
v 21.2404 -9.26312 -8.40968 0.619608 0.662745 0.647059
v -22.3091 -8.21524 -8.40456 0.639216 0.678431 0.635294
v -21.7426 -8.69599 -8.60851 0.631373 0.65098 0.662745
v 21.7426 -8.69599 -8.60851 0.619608 0.662745 0.647059
v 22.3091 -8.21524 -8.40456 0.603922 0.65098 0.643137
v -23.2607 -7.29167 -8.37435 0.803922 0.784314 0.760784
v -22.6756 -7.79119 -8.57711 0.686275 0.682353 0.666667
v 22.6755 -7.79118 -8.57711 0.670588 0.666667 0.658824
v 23.2607 -7.29167 -8.37435 0.784314 0.780392 0.772549
v -23.522 -6.49949 -8.46845 0.858824 0.854902 0.847059
v 23.522 -6.49949 -8.46845 0.854902 0.85098 0.870588
v -23.522 -5.50026 -8.46845 0 0.615686 0.964706
v 23.522 -5.50026 -8.46845 0.988235 0.286275 0.647059
v -23.522 -4.50103 -8.46845 0.654902 0.701961 0.694118
v 23.522 -4.50103 -8.46845 0.647059 0.662745 0.607843
v -16.1556 -14.5023 -7.60226 0.631373 0.654902 0.654902
v 16.4926 -14.3032 -7.31672 0.635294 0.654902 0.666667
v -17.4629 -13.3377 -7.39025 0.658824 0.682353 0.67451
v -16.8892 -13.7065 -7.81908 0.631373 0.654902 0.654902
v 16.828 -13.8043 -7.72844 0.623529 0.619608 0.65098
v 17.4629 -13.3377 -7.39025 0.635294 0.654902 0.666667
v -18.3487 -12.4288 -7.51347 0.631373 0.65098 0.662745
v -17.8728 -12.8549 -7.60199 0.658824 0.682353 0.67451
v 17.8728 -12.8549 -7.602 0.635294 0.654902 0.666667
v 18.3487 -12.4288 -7.51347 0.619608 0.662745 0.647059
v -19.4915 -11.3452 -7.42879 0.631373 0.65098 0.662745
v -18.9048 -11.9007 -7.48495 0.631373 0.65098 0.662745
v 18.9048 -11.9007 -7.48495 0.619608 0.662745 0.647059
v 19.4915 -11.3452 -7.4288 0.619608 0.662745 0.647059
v -20.3506 -10.4856 -7.47103 0.639216 0.678431 0.635294
v -19.87 -10.8488 -7.76466 0.631373 0.65098 0.662745
v 19.87 -10.8488 -7.76466 0.619608 0.662745 0.647059
v 20.3506 -10.4856 -7.47103 0.603922 0.65098 0.643137
v -21.5074 -9.34213 -7.46731 0.639216 0.678431 0.635294
v -20.9133 -9.91127 -7.52925 0.639216 0.678431 0.635294
v 20.9133 -9.91127 -7.52925 0.603922 0.65098 0.643137
v 21.5074 -9.34214 -7.46731 0.603922 0.65098 0.643137
v -22.3672 -8.50063 -7.42971 0.639216 0.666667 0.639216
v -21.8787 -8.86303 -7.79107 0.639216 0.678431 0.635294
v 21.8787 -8.86303 -7.79107 0.603922 0.65098 0.643137
v 22.3672 -8.50063 -7.4297 0.647059 0.682353 0.662745
v -23.3899 -7.4267 -7.59985 0.760784 0.74902 0.721569
v -22.9333 -7.93081 -7.45148 0.658824 0.666667 0.647059
v 22.9333 -7.93081 -7.45148 0.643137 0.658824 0.662745
v 23.3899 -7.4267 -7.59985 0.756863 0.752941 0.745098
v -23.7764 -6.49949 -7.72543 0.858824 0.85098 0.854902
v 23.7764 -6.49948 -7.72543 0.866667 0.858824 0.878431
v -23.7764 -5.50026 -7.72543 0.705882 0.980392 1
v 23.7764 -5.50026 -7.72543 0.984314 0.262745 0.607843
v -23.7764 -4.50103 -7.72543 0.686275 0.709804 0.709804
v 23.7764 -4.50103 -7.72543 0.423529 0.419608 0.411765
v 16.799 -14.3823 -6.36917 0.619608 0.662745 0.647059
v 17.1123 -14.1152 -6.2627 0.603922 0.65098 0.643137
v -18.0658 -13.089 -6.50409 0.639216 0.678431 0.635294
v -17.5768 -13.5238 -6.62694 0.639216 0.678431 0.635294
v 17.5032 -13.6092 -6.59156 0.603922 0.65098 0.643137
v 18.0658 -13.089 -6.50409 0.603922 0.65098 0.643137
v -19.1075 -12.1168 -6.31967 0.639216 0.666667 0.639216
v -18.6305 -12.5447 -6.45504 0.639216 0.678431 0.635294
v 18.6305 -12.5447 -6.45504 0.603922 0.65098 0.643137
v 19.1075 -12.1168 -6.31967 0.647059 0.682353 0.662745
v -20.0795 -11.0815 -6.52422 0.639216 0.666667 0.639216
v -19.4893 -11.6522 -6.57031 0.639216 0.666667 0.639216
v 19.4893 -11.6522 -6.57031 0.647059 0.682353 0.662745
v 20.0795 -11.0815 -6.52422 0.647059 0.682353 0.662745
v -21.1097 -10.1237 -6.27755 0.541176 0.564706 0.556863
v -20.6496 -10.5167 -6.50054 0.639216 0.666667 0.639216
v 20.6496 -10.5167 -6.50054 0.647059 0.682353 0.662745
v 21.1097 -10.1237 -6.27755 0.611765 0.647059 0.635294
v -22.094 -9.09208 -6.41891 0.541176 0.564706 0.556863
v -21.5008 -9.6502 -6.53962 0.541176 0.564706 0.556863
v 21.5008 -9.6502 -6.53963 0.611765 0.647059 0.635294
v 22.094 -9.09208 -6.41891 0.611765 0.647059 0.635294
v -23.049 -8.04784 -6.69637 0.541176 0.564706 0.556863
v -22.5962 -8.54295 -6.56481 0.541176 0.564706 0.556863
v 22.5962 -8.54295 -6.56482 0.611765 0.647059 0.635294
v 23.049 -8.04784 -6.69637 0.611765 0.647059 0.635294
v -24.1039 -7.10391 -6.24674 0.843137 0.847059 0.827451
v -23.6023 -7.53346 -6.53024 0.776471 0.756863 0.741176
v 23.6023 -7.53346 -6.53024 0.764706 0.74902 0.737255
v 24.1039 -7.10391 -6.24674 0.835294 0.843137 0.831373
v -24.111 -6.49948 -6.59602 0.85098 0.843137 0.854902
v 24.111 -6.49949 -6.59602 0.866667 0.866667 0.87451
v -24.111 -5.50026 -6.59601 0.996078 1 0.992157
v 24.111 -5.50026 -6.59602 0.980392 0.203922 0.588235
v -24.111 -4.50103 -6.59602 0.698039 0.705882 0.686275
v 24.111 -4.50103 -6.59601 0.662745 0.65098 0.592157
v -17.2612 -14.3763 -5.01486 0.541176 0.564706 0.556863
v 17.4212 -14.1782 -5.1362 0.611765 0.647059 0.635294
v -18.2194 -13.2507 -5.54552 0.541176 0.564706 0.556863
v -17.7835 -13.6921 -5.53283 0.639216 0.666667 0.639216
v 17.752 -13.7294 -5.5146 0.647059 0.682353 0.662745
v 18.2194 -13.2507 -5.54552 0.611765 0.647059 0.635294
v -19.2949 -12.1957 -5.45046 0.541176 0.564706 0.556863
v -18.6839 -12.7796 -5.5614 0.541176 0.564706 0.556863
v 18.6839 -12.7796 -5.56141 0.611765 0.647059 0.635294
v 19.2949 -12.1957 -5.45046 0.611765 0.647059 0.635294
v -20.2297 -11.2429 -5.4717 0.576471 0.607843 0.615686
v -19.7507 -11.7309 -5.46141 0.541176 0.564706 0.556863
v 19.7507 -11.7309 -5.46141 0.611765 0.647059 0.635294
v 20.2297 -11.2429 -5.47169 0.541176 0.635294 0.635294
v -21.2218 -10.2443 -5.44884 0.576471 0.607843 0.615686
v -20.6633 -10.7747 -5.57641 0.576471 0.607843 0.615686
v 20.6633 -10.7747 -5.57641 0.541176 0.635294 0.635294
v 21.2218 -10.2443 -5.44883 0.541176 0.635294 0.635294
v -22.2719 -9.16515 -5.47706 0.576471 0.607843 0.615686
v -21.72 -9.70422 -5.57676 0.576471 0.607843 0.615686
v 21.72 -9.70422 -5.57676 0.541176 0.635294 0.635294
v 22.2719 -9.16515 -5.47706 0.541176 0.635294 0.635294
v -23.2001 -8.21748 -5.47644 0.627451 0.65098 0.65098
v -22.7248 -8.69211 -5.52041 0.576471 0.607843 0.615686
v 22.7248 -8.69211 -5.52041 0.541176 0.635294 0.635294
v 23.2001 -8.21748 -5.47643 0.47451 0.47451 0.505882
v -24.2021 -7.21065 -5.40982 0.811765 0.807843 0.8
v -23.6792 -7.74761 -5.3977 0.721569 0.717647 0.709804
v 23.6792 -7.74761 -5.39769 0.709804 0.713726 0.694118
v 24.2021 -7.21065 -5.40982 0.823529 0.827451 0.807843
v -24.3979 -6.49949 -5.45358 0.847059 0.839216 0.85098
v 24.3979 -6.49949 -5.45358 0.858824 0.854902 0.87451
v -24.3979 -5.50026 -5.45358 0.996078 1 0.992157
v 24.3979 -5.50026 -5.45358 0.980392 0.223529 0.580392
v -24.3979 -4.50103 -5.45358 0.666667 0.701961 0.698039
v 24.3979 -4.50103 -5.45358 0.643137 0.647059 0.592157
v 16.9484 -14.7184 -4.92397 0.611765 0.647059 0.635294
v 17.3225 -14.4356 -4.57712 0.541176 0.635294 0.635294
v -18.3753 -13.4127 -4.38128 0.627451 0.65098 0.65098
v -17.9206 -13.8524 -4.4818 0.576471 0.607843 0.615686
v 17.9008 -13.8863 -4.42577 0.541176 0.635294 0.635294
v 18.3753 -13.4127 -4.38127 0.47451 0.47451 0.505882
v -19.3218 -12.4014 -4.56412 0.627451 0.65098 0.65098
v -18.8624 -12.8567 -4.62013 0.576471 0.607843 0.615686
v 18.8624 -12.8567 -4.62013 0.541176 0.635294 0.635294
v 19.3218 -12.4014 -4.56412 0.47451 0.47451 0.505882
v -20.345 -11.3606 -4.54765 0.627451 0.65098 0.65098
v -19.8764 -11.8647 -4.44291 0.627451 0.65098 0.65098
v 19.8764 -11.8647 -4.44291 0.47451 0.47451 0.505882
v 20.345 -11.3606 -4.54764 0.47451 0.47451 0.505882
v -21.3466 -10.365 -4.38626 0.635294 0.67451 0.639216
v -20.8608 -10.8196 -4.59743 0.627451 0.65098 0.65098
v 20.8608 -10.8196 -4.59743 0.47451 0.47451 0.505882
v 21.3466 -10.365 -4.38626 0.635294 0.639216 0.647059
v -22.288 -9.37157 -4.50542 0.635294 0.67451 0.639216
v -21.8304 -9.82267 -4.59673 0.627451 0.65098 0.65098
v 21.8304 -9.82267 -4.59673 0.47451 0.47451 0.505882
v 22.288 -9.37157 -4.50542 0.635294 0.639216 0.647059
v -23.3074 -8.33591 -4.44612 0.635294 0.67451 0.639216
v -22.8442 -8.83102 -4.35777 0.635294 0.67451 0.639216
v 22.8442 -8.83102 -4.35777 0.635294 0.639216 0.647059
v 23.3074 -8.33591 -4.44613 0.635294 0.639216 0.647059
v -24.2843 -7.29167 -4.63247 0.792157 0.780392 0.760784
v -23.8127 -7.79578 -4.54251 0.701961 0.682353 0.658824
v 23.8127 -7.79578 -4.54252 0.670588 0.666667 0.65098
v 24.2843 -7.29167 -4.63248 0.792157 0.776471 0.772549
v -24.5572 -6.49949 -4.68453 0.85098 0.843137 0.847059
v 24.5572 -6.49949 -4.68453 0.854902 0.85098 0.870588
v -24.5572 -5.50026 -4.68453 0.996078 1 0.992157
v 24.5572 -5.50026 -4.68453 1 0.219608 0.580392
v -24.5572 -4.50103 -4.68453 0.670588 0.721569 0.694118
v 24.5572 -4.50103 -4.68453 0.662745 0.643137 0.631373
v 17.6234 -14.3241 -3.77358 0.47451 0.47451 0.505882
v 18.0019 -14.0072 -3.43404 0.635294 0.639216 0.647059
v -19.0238 -13.026 -3.01307 0.658824 0.658824 0.627451
v -18.5158 -13.4655 -3.4897 0.635294 0.67451 0.639216
v 18.5073 -13.4744 -3.48882 0.635294 0.639216 0.647059
v 19.0238 -13.026 -3.01308 0.639216 0.639216 0.607843
v -19.4798 -12.4865 -3.38836 0.658824 0.658824 0.627451
v -18.9703 -12.972 -3.61878 0.635294 0.67451 0.639216
v 18.9703 -12.972 -3.61878 0.635294 0.639216 0.647059
v 19.4798 -12.4865 -3.38836 0.639216 0.639216 0.607843
v -20.4429 -11.4612 -3.54917 0.658824 0.658824 0.627451
v -19.9462 -11.9435 -3.724 0.635294 0.67451 0.639216
v 19.9462 -11.9435 -3.724 0.635294 0.639216 0.647059
v 20.4429 -11.4612 -3.54918 0.639216 0.639216 0.607843
v -21.4372 -10.4604 -3.39531 0.658824 0.658824 0.627451
v -20.9212 -10.9243 -3.78201 0.635294 0.67451 0.639216
v 20.9212 -10.9243 -3.78202 0.635294 0.639216 0.647059
v 21.4372 -10.4604 -3.39531 0.639216 0.639216 0.607843
v -22.411 -9.42516 -3.54954 0.658824 0.658824 0.627451
v -21.9368 -9.92927 -3.47444 0.658824 0.658824 0.627451
v 21.9368 -9.92927 -3.47444 0.639216 0.639216 0.607843
v 22.411 -9.42515 -3.54955 0.639216 0.639216 0.607843
v -23.4277 -8.35787 -3.619 0.658824 0.658824 0.627451
v -22.9106 -8.89403 -3.62867 0.658824 0.658824 0.627451
v 22.9106 -8.89403 -3.62868 0.639216 0.639216 0.607843
v 23.4277 -8.35787 -3.61901 0.639216 0.639216 0.607843
v -24.3811 -7.39253 -3.44371 0.788235 0.752941 0.72549
v -23.8969 -7.88805 -3.49721 0.701961 0.67451 0.643137
v 23.8969 -7.88805 -3.49722 0.694118 0.678431 0.666667
v 24.3811 -7.39253 -3.44371 0.745098 0.729412 0.717647
v -24.7475 -6.49949 -3.52209 0.870588 0.854902 0.858824
v 24.7475 -6.49949 -3.52209 0.878431 0.870588 0.882353
v -24.7476 -5.50026 -3.52209 0.996078 1 0.992157
v 24.7475 -5.50026 -3.52209 0.988235 0.278431 0.596078
v -24.7475 -4.50103 -3.52209 0.705882 0.713726 0.701961
v 24.7475 -4.50103 -3.52209 0.670588 0.654902 0.611765
v 17.715 -14.4557 -2.54655 0.639216 0.639216 0.607843
v 18.0834 -14.0813 -2.48876 0.607843 0.635294 0.607843
v -19.0666 -13.071 -2.40867 0.666667 0.678431 0.603922
v -18.5781 -13.5436 -2.64732 0.658824 0.658824 0.627451
v 18.5611 -13.5616 -2.64477 0.639216 0.639216 0.607843
v 19.0666 -13.071 -2.40867 0.607843 0.635294 0.607843
v -20.0362 -12.0448 -2.53116 0.666667 0.678431 0.603922
v -19.5599 -12.5489 -2.47099 0.666667 0.678431 0.603922
v 19.5599 -12.5489 -2.47099 0.607843 0.635294 0.607843
v 20.0362 -12.0448 -2.53116 0.607843 0.635294 0.607843
v -21.0144 -11.0095 -2.65473 0.666667 0.678431 0.603922
v -20.5381 -11.5136 -2.59456 0.666667 0.678431 0.603922
v 20.5381 -11.5136 -2.59456 0.607843 0.635294 0.607843
v 21.0144 -11.0095 -2.65473 0.607843 0.635294 0.607843
v -22.0178 -10.0283 -2.08129 0.666667 0.705882 0.67451
v -21.5344 -10.4964 -2.39718 0.666667 0.678431 0.603922
v 21.5344 -10.4964 -2.39718 0.607843 0.635294 0.607843
v 22.0178 -10.0283 -2.08129 0.607843 0.658824 0.631373
v -22.4914 -9.48833 -2.47671 0.666667 0.705882 0.67451
v -21.9841 -9.98328 -2.77723 0.666667 0.678431 0.603922
v 21.9841 -9.98328 -2.77723 0.607843 0.635294 0.607843
v 22.4914 -9.48833 -2.47671 0.607843 0.658824 0.631373
v -23.4289 -8.50194 -2.54512 0.666667 0.705882 0.67451
v -22.9622 -8.94805 -2.9008 0.666667 0.678431 0.603922
v 22.9622 -8.94805 -2.9008 0.607843 0.635294 0.607843
v 23.4289 -8.50194 -2.54512 0.607843 0.658824 0.631373
v -24.4503 -7.46271 -2.31123 0.737255 0.709804 0.678431
v -23.9724 -7.96682 -2.26605 0.678431 0.701961 0.662745
v 23.9724 -7.96682 -2.26605 0.647059 0.682353 0.670588
v 24.4503 -7.4627 -2.31123 0.756863 0.733333 0.733333
v -24.889 -6.49948 -2.35271 0.870588 0.862745 0.866667
v 24.889 -6.49949 -2.35271 0.858824 0.854902 0.87451
v -24.889 -5.50026 -2.35271 0.996078 1 0.992157
v 24.889 -5.50026 -2.35271 1 0.454902 0.768627
v 24.889 -4.50103 -2.35271 0.682353 0.666667 0.631373
v 17.7908 -14.5073 -1.4288 0.607843 0.658824 0.631373
v 18.1404 -14.1428 -1.4099 0.639216 0.67451 0.654902
v -19.1108 -13.1221 -1.468 0.65098 0.65098 0.643137
v -18.643 -13.6107 -1.48141 0.666667 0.705882 0.67451
v 18.6391 -13.6151 -1.47753 0.607843 0.658824 0.631373
v 19.1108 -13.1221 -1.46801 0.639216 0.67451 0.654902
v -20.0854 -12.0962 -1.53561 0.65098 0.65098 0.643137
v -19.6048 -12.5979 -1.55335 0.666667 0.705882 0.67451
v 19.6048 -12.5979 -1.55335 0.607843 0.658824 0.631373
v 20.0854 -12.0962 -1.53561 0.639216 0.67451 0.654902
v -21.0691 -11.0617 -1.59178 0.65098 0.65098 0.643137
v -20.5875 -11.5627 -1.63054 0.666667 0.705882 0.67451
v 20.5875 -11.5627 -1.63054 0.607843 0.658824 0.631373
v 21.0691 -11.0617 -1.59179 0.639216 0.67451 0.654902
v -22.0466 -10.0553 -1.38705 0.65098 0.65098 0.643137
v -21.5503 -10.5743 -1.39436 0.65098 0.65098 0.643137
v 21.5503 -10.5743 -1.39437 0.639216 0.67451 0.654902
v 22.0466 -10.0553 -1.38706 0.639216 0.67451 0.654902
v -23.0306 -9.02006 -1.44896 0.65098 0.65098 0.643137
v -22.5514 -9.52418 -1.41881 0.65098 0.65098 0.643137
v 22.5514 -9.52418 -1.41882 0.639216 0.67451 0.654902
v 23.0306 -9.02006 -1.44897 0.639216 0.67451 0.654902
v -23.5269 -8.49794 -1.48018 0.65098 0.65098 0.643137
v 23.5269 -8.49794 -1.48019 0.639216 0.67451 0.654902
v -24.4766 -7.49871 -1.53994 0.737255 0.709804 0.686275
v 24.4766 -7.49871 -1.53995 0.764706 0.733333 0.721569
v -24.9507 -6.49949 -1.56976 0.870588 0.862745 0.866667
v 24.9507 -6.49949 -1.56977 0.870588 0.862745 0.882353
v -24.9507 -5.50026 -1.56976 0.996078 1 0.992157
v 24.9507 -5.50026 -1.56977 1 0.372549 0.705882
v 24.9507 -4.50103 -1.56977 0.67451 0.65098 0.596078
v 17.8204 -14.5293 -0.560026 0.564706 0.635294 0.635294
v 18.1632 -14.1692 -0.570798 0.564706 0.635294 0.635294
v -19.1362 -13.152 -0.300618 0.709804 0.713726 0.694118
v -18.6691 -13.6427 -0.289537 0.709804 0.713726 0.694118
v 18.6602 -13.6471 -0.586417 0.564706 0.635294 0.635294
v 19.1315 -13.152 -0.601229 0.564706 0.635294 0.635294
v -20.1177 -12.1214 -0.304395 0.709804 0.713726 0.694118
v -19.6376 -12.6253 -0.312192 0.658824 0.666667 0.662745
v 19.6371 -12.6209 -0.617117 0.564706 0.635294 0.635294
v 20.117 -12.1168 -0.632197 0.564706 0.635294 0.635294
v -21.0948 -11.0952 -0.317041 0.709804 0.713726 0.694118
v -20.6148 -11.5991 -0.327551 0.658824 0.666667 0.662745
v 20.614 -11.5946 -0.647817 0.564706 0.635294 0.635294
v 21.0938 -11.0905 -0.662897 0.564706 0.635294 0.635294
v -22.0676 -10.0733 -0.346668 0.709804 0.713726 0.694118
v -21.5962 -10.5684 -0.339262 0.709804 0.713726 0.694118
v 21.5908 -10.5684 -0.678516 0.564706 0.635294 0.635294
v 22.0622 -10.0733 -0.693327 0.564706 0.635294 0.635294
v -23.0491 -9.04298 -0.32923 0.709804 0.713726 0.694118
v -22.569 -9.54664 -0.358123 0.658824 0.666667 0.662745
v 22.5677 -9.54218 -0.709216 0.564706 0.635294 0.635294
v 23.0476 -9.03807 -0.724296 0.564706 0.635294 0.635294
v -24.0179 -8.02623 -0.301894 0.709804 0.713726 0.694118
v -23.5461 -8.52041 -0.373486 0.658824 0.666667 0.662745
v 23.5446 -8.51595 -0.739916 0.564706 0.635294 0.635294
v 24.0159 -8.02083 -0.754727 0.564706 0.635294 0.635294
v -24.519 -7.49871 -0.385177 0.784314 0.745098 0.709804
v 24.5129 -7.49871 -0.770346 0.74902 0.745098 0.729412
v -24.9938 -6.49948 -0.392637 0.862745 0.839216 0.847059
v 24.9877 -6.49949 -0.785264 0.866667 0.858824 0.878431
v -24.9938 -5.50026 -0.392637 0.996078 1 0.992157
v 24.9877 -5.50026 -0.785264 1 0.262745 0.6
v -24.9938 -4.50103 -0.392637 0.701961 0.705882 0.67451
v 24.9877 -4.50103 -0.785264 0.678431 0.654902 0.607843
v 17.8548 -14.4977 0.289055 0.611765 0.670588 0.643137
v 18.1634 -14.1739 0.278083 0.658824 0.658824 0.698039
v -19.1315 -13.152 0.601235 0.670588 0.678431 0.658824
v -18.6602 -13.6471 0.586423 0.670588 0.678431 0.658824
v 18.6648 -13.6471 0.29321 0.658824 0.658824 0.698039
v 19.1362 -13.152 0.300616 0.658824 0.658824 0.698039
v -20.117 -12.1168 0.632204 0.670588 0.678431 0.658824
v -19.6371 -12.6209 0.617123 0.670588 0.678431 0.658824
v 19.6376 -12.6253 0.31219 0.611765 0.670588 0.643137
v 20.1177 -12.1214 0.304393 0.658824 0.658824 0.698039
v -21.0938 -11.0905 0.662904 0.670588 0.678431 0.658824
v -20.614 -11.5947 0.647823 0.670588 0.678431 0.658824
v 20.6148 -11.5991 0.327549 0.611765 0.670588 0.643137
v 21.0948 -11.0952 0.317039 0.658824 0.658824 0.698039
v -22.0622 -10.0733 0.693335 0.670588 0.678431 0.658824
v -21.5909 -10.5684 0.678523 0.670588 0.678431 0.658824
v 21.5962 -10.5684 0.33926 0.611765 0.670588 0.643137
v 22.0676 -10.0733 0.346666 0.658824 0.658824 0.698039
v -23.0476 -9.03807 0.724304 0.670588 0.678431 0.658824
v -22.5677 -9.54218 0.709223 0.670588 0.678431 0.658824
v 22.5363 -9.58187 0.30522 0.658824 0.658824 0.698039
v 23.0491 -9.04298 0.329227 0.658824 0.658824 0.698039
v -24.0159 -8.02083 0.754735 0.670588 0.678431 0.658824
v -23.5446 -8.51595 0.739923 0.670588 0.678431 0.658824
v 23.5461 -8.5204 0.373483 0.611765 0.670588 0.643137
v 24.0179 -8.02623 0.301892 0.658824 0.658824 0.698039
v -24.5129 -7.49871 0.770354 0.745098 0.709804 0.67451
v 24.519 -7.49871 0.385175 0.729412 0.717647 0.698039
v -24.9877 -6.49948 0.785273 0.870588 0.854902 0.85098
v 24.9877 -6.49948 0.785269 0.858824 0.858824 0.866667
v 25 -6.49948 0 0.870588 0.862745 0.882353
v -24.9877 -5.50026 0.785273 0.996078 1 0.992157
v 24.9877 -5.50026 0.785269 0.984314 0.207843 0.541176
v 25 -5.50026 0 0.984314 0.243137 0.596078
v -24.9877 -4.50103 0.785273 0.690196 0.721569 0.670588
v 24.9877 -4.50103 0.785269 0.647059 0.654902 0.572549
v 25 -4.50103 0 0.619608 0.623529 0.592157
v -18.2281 -14.0252 1.72306 0.643137 0.658824 0.654902
v 17.8057 -14.4929 1.41371 0.623529 0.623529 0.662745
v 18.1404 -14.1428 1.40989 0.592157 0.647059 0.658824
v -19.1108 -13.1221 1.46801 0.65098 0.701961 0.662745
v -18.6643 -13.5864 1.50647 0.643137 0.658824 0.654902
v 18.6449 -13.6078 1.49295 0.623529 0.623529 0.662745
v 19.1108 -13.1221 1.46801 0.592157 0.647059 0.658824
v -20.0854 -12.0962 1.53561 0.65098 0.701961 0.662745
v -19.6048 -12.5979 1.55335 0.643137 0.658824 0.654902
v 19.6048 -12.5979 1.55335 0.623529 0.623529 0.662745
v 20.0854 -12.0962 1.53561 0.592157 0.647059 0.658824
v -21.0691 -11.0617 1.59178 0.65098 0.701961 0.662745
v -20.5875 -11.5627 1.63054 0.643137 0.658824 0.654902
v 20.5875 -11.5627 1.63054 0.623529 0.623529 0.662745
v 21.0691 -11.0617 1.59178 0.592157 0.647059 0.658824
v -22.0466 -10.0553 1.38705 0.65098 0.701961 0.662745
v -21.5503 -10.5743 1.39436 0.65098 0.701961 0.662745
v 21.5503 -10.5743 1.39437 0.592157 0.647059 0.658824
v 22.0466 -10.0553 1.38705 0.592157 0.647059 0.658824
v -23.0306 -9.02006 1.44896 0.65098 0.701961 0.662745
v -22.5514 -9.52418 1.41881 0.65098 0.701961 0.662745
v 22.5514 -9.52418 1.41882 0.592157 0.647059 0.658824
v 23.0306 -9.02006 1.44896 0.592157 0.647059 0.658824
v -23.5269 -8.49794 1.48018 0.65098 0.701961 0.662745
v 23.5269 -8.49794 1.48019 0.592157 0.647059 0.658824
v -24.4766 -7.49871 1.53994 0.776471 0.74902 0.717647
v 24.4766 -7.49871 1.53994 0.737255 0.721569 0.709804
v -24.9507 -6.49949 1.56976 0.866667 0.85098 0.854902
v 24.9507 -6.49949 1.56976 0.854902 0.85098 0.87451
v -24.9507 -5.50026 1.56976 0.996078 1 0.992157
v 24.9507 -5.50026 1.56976 0.992157 0.207843 0.556863
v -24.9507 -4.50103 1.56976 0.694118 0.713726 0.686275
v 24.9507 -4.50103 1.56976 0.643137 0.643137 0.611765
v -18.1197 -14.0216 2.63686 0.666667 0.686275 0.658824
v 17.7462 -14.4243 2.54012 0.568627 0.662745 0.662745
v 18.0834 -14.0813 2.48876 0.603922 0.666667 0.654902
v -19.0666 -13.071 2.40867 0.631373 0.67451 0.643137
v -18.5611 -13.5616 2.64477 0.666667 0.686275 0.658824
v 18.5611 -13.5616 2.64477 0.568627 0.662745 0.662745
v 19.0666 -13.071 2.40867 0.603922 0.666667 0.654902
v -20.0362 -12.0448 2.53116 0.631373 0.67451 0.643137
v -19.5599 -12.5489 2.47099 0.631373 0.67451 0.643137
v 19.5599 -12.5489 2.47099 0.603922 0.666667 0.654902
v 20.0362 -12.0448 2.53116 0.603922 0.666667 0.654902
v -21.0144 -11.0095 2.65473 0.631373 0.67451 0.643137
v -20.5381 -11.5136 2.59456 0.631373 0.67451 0.643137
v 20.5381 -11.5136 2.59456 0.603922 0.666667 0.654902
v 21.0144 -11.0095 2.65473 0.603922 0.666667 0.654902
v -22.0178 -10.0283 2.08129 0.643137 0.658824 0.654902
v -21.5344 -10.4964 2.39718 0.631373 0.67451 0.643137
v 21.5344 -10.4964 2.39718 0.603922 0.666667 0.654902
v 22.0178 -10.0283 2.08129 0.623529 0.623529 0.662745
v -22.4914 -9.48833 2.47671 0.643137 0.658824 0.654902
v -21.9841 -9.98328 2.77723 0.631373 0.67451 0.643137
v 21.9841 -9.98328 2.77723 0.603922 0.666667 0.654902
v 22.4914 -9.48833 2.47671 0.623529 0.623529 0.662745
v -23.4289 -8.50195 2.54512 0.643137 0.658824 0.654902
v -22.9622 -8.94805 2.9008 0.631373 0.67451 0.643137
v 22.9622 -8.94805 2.9008 0.603922 0.666667 0.654902
v 23.4289 -8.50194 2.54512 0.623529 0.623529 0.662745
v -24.4503 -7.4627 2.31123 0.737255 0.705882 0.694118
v -23.9724 -7.96682 2.26605 0.647059 0.658824 0.631373
v 23.9724 -7.96682 2.26605 0.607843 0.643137 0.631373
v 24.4503 -7.46271 2.31124 0.733333 0.717647 0.713726
v -24.889 -6.49949 2.35271 0.858824 0.85098 0.854902
v 24.889 -6.49948 2.35271 0.854902 0.85098 0.870588
v -24.889 -5.50026 2.35271 0.996078 1 0.992157
v 24.889 -5.50026 2.35271 1 0.160784 0.54902
v -24.889 -4.50103 2.35271 0.698039 0.721569 0.705882
v 24.889 -4.50103 2.35271 0.607843 0.611765 0.556863
v -18.0019 -14.0072 3.43404 0.560784 0.572549 0.592157
v -17.8953 -14.0432 3.7793 0.623529 0.670588 0.654902
v 17.6013 -14.372 3.65566 0.603922 0.647059 0.631373
v 18.0019 -14.0072 3.43404 0.603922 0.662745 0.65098
v -19.0238 -13.026 3.01308 0.666667 0.686275 0.658824
v -18.5073 -13.4744 3.48882 0.560784 0.572549 0.592157
v 18.5073 -13.4744 3.48882 0.603922 0.662745 0.65098
v 19.0238 -13.026 3.01308 0.568627 0.662745 0.662745
v -19.4798 -12.4865 3.38837 0.666667 0.686275 0.658824
v -18.9703 -12.972 3.61879 0.560784 0.572549 0.592157
v 18.9703 -12.972 3.61879 0.603922 0.662745 0.65098
v 19.4798 -12.4865 3.38837 0.568627 0.662745 0.662745
v -20.4429 -11.4612 3.54918 0.666667 0.686275 0.658824
v -19.9462 -11.9435 3.724 0.560784 0.572549 0.592157
v 19.9462 -11.9435 3.72401 0.603922 0.662745 0.65098
v 20.4429 -11.4612 3.54918 0.568627 0.662745 0.662745
v -21.4372 -10.4604 3.39531 0.666667 0.686275 0.658824
v -20.9212 -10.9243 3.78202 0.560784 0.572549 0.592157
v 20.9212 -10.9243 3.78202 0.603922 0.662745 0.65098
v 21.4372 -10.4604 3.39531 0.568627 0.662745 0.662745
v -22.411 -9.42516 3.54955 0.666667 0.686275 0.658824
v -21.9368 -9.92927 3.47444 0.666667 0.686275 0.658824
v 21.9368 -9.92927 3.47444 0.568627 0.662745 0.662745
v 22.411 -9.42515 3.54955 0.568627 0.662745 0.662745
v -23.4277 -8.35787 3.61901 0.666667 0.686275 0.658824
v -22.9106 -8.89403 3.62868 0.666667 0.686275 0.658824
v 22.9106 -8.89403 3.62868 0.568627 0.662745 0.662745
v 23.4277 -8.35787 3.61901 0.568627 0.662745 0.662745
v -24.3811 -7.39253 3.44372 0.764706 0.74902 0.705882
v -23.8969 -7.88805 3.49722 0.694118 0.694118 0.662745
v 23.8969 -7.88805 3.49722 0.694118 0.701961 0.698039
v 24.3811 -7.39253 3.44372 0.772549 0.756863 0.745098
v -24.7475 -6.49949 3.52209 0.862745 0.847059 0.843137
v 24.7476 -6.49949 3.52209 0.858824 0.854902 0.878431
v -24.7475 -5.50026 3.52209 0.996078 1 0.992157
v 24.7476 -5.50026 3.52209 0.988235 0.203922 0.552941
v -24.7475 -4.50103 3.52209 0.721569 0.752941 0.709804
v 24.7476 -4.50103 3.5221 0.635294 0.639216 0.576471
v -17.7009 -14.0612 4.54481 0.654902 0.662745 0.65098
v 17.4103 -14.3763 4.47019 0.631373 0.662745 0.670588
v -18.3753 -13.4127 4.38127 0.623529 0.670588 0.654902
v -17.9008 -13.8863 4.42577 0.654902 0.662745 0.65098
v 17.9008 -13.8863 4.42577 0.631373 0.662745 0.670588
v 18.3753 -13.4127 4.38127 0.603922 0.647059 0.631373
v -19.3218 -12.4014 4.56412 0.623529 0.670588 0.654902
v -18.8624 -12.8567 4.62012 0.654902 0.662745 0.65098
v 18.8624 -12.8567 4.62013 0.631373 0.662745 0.670588
v 19.3218 -12.4014 4.56412 0.603922 0.647059 0.631373
v -20.345 -11.3606 4.54764 0.623529 0.670588 0.654902
v -19.8764 -11.8647 4.44291 0.623529 0.670588 0.654902
v 19.8764 -11.8647 4.44291 0.603922 0.647059 0.631373
v 20.345 -11.3606 4.54764 0.603922 0.647059 0.631373
v -21.3466 -10.365 4.38626 0.560784 0.572549 0.592157
v -20.8608 -10.8196 4.59743 0.623529 0.670588 0.654902
v 20.8608 -10.8196 4.59743 0.603922 0.647059 0.631373
v 21.3466 -10.365 4.38626 0.603922 0.662745 0.65098
v -22.288 -9.37157 4.50542 0.560784 0.572549 0.592157
v -21.8304 -9.82267 4.59673 0.623529 0.670588 0.654902
v 21.8304 -9.82267 4.59673 0.603922 0.647059 0.631373
v 22.288 -9.37157 4.50542 0.603922 0.662745 0.65098
v -23.3074 -8.3359 4.44613 0.560784 0.572549 0.592157
v -22.8442 -8.83102 4.35777 0.560784 0.572549 0.592157
v 22.8442 -8.83102 4.35777 0.603922 0.662745 0.65098
v 23.3074 -8.33591 4.44613 0.603922 0.662745 0.65098
v -24.2843 -7.29167 4.63248 0.792157 0.772549 0.756863
v -23.8127 -7.79578 4.54252 0.717647 0.686275 0.67451
v 23.8127 -7.79578 4.54252 0.647059 0.639216 0.643137
v 24.2843 -7.29167 4.63248 0.772549 0.772549 0.772549
v -24.5572 -6.49949 4.68454 0.862745 0.854902 0.858824
v 24.5572 -6.49949 4.68454 0.843137 0.839216 0.858824
v -24.5572 -5.50026 4.68454 0.996078 1 0.992157
v 24.5572 -5.50026 4.68454 1 0.384314 0.721569
v -24.5572 -4.50103 4.68454 0.698039 0.721569 0.705882
v 24.5572 -4.50103 4.68454 0.654902 0.654902 0.623529
v -17.4662 -14.066 5.35337 0.654902 0.662745 0.643137
v 17.3851 -14.1569 5.32294 0.584314 0.627451 0.596078
v -18.2194 -13.2507 5.54552 0.654902 0.662745 0.643137
v -17.752 -13.7294 5.5146 0.670588 0.658824 0.623529
v 17.7551 -13.7288 5.50655 0.580392 0.615686 0.643137
v 18.2194 -13.2507 5.54552 0.584314 0.627451 0.596078
v -19.2949 -12.1957 5.45045 0.654902 0.662745 0.643137
v -18.6839 -12.7796 5.5614 0.654902 0.662745 0.643137
v 18.6583 -12.804 5.5654 0.584314 0.627451 0.596078
v 19.2949 -12.1957 5.45045 0.584314 0.627451 0.596078
v -20.2297 -11.2429 5.47169 0.654902 0.662745 0.65098
v -19.7507 -11.7309 5.46141 0.654902 0.662745 0.643137
v 19.7507 -11.7309 5.46141 0.584314 0.627451 0.596078
v 20.2297 -11.2429 5.47169 0.631373 0.662745 0.670588
v -21.2218 -10.2443 5.44883 0.654902 0.662745 0.65098
v -20.6633 -10.7747 5.5764 0.654902 0.662745 0.65098
v 20.6633 -10.7747 5.5764 0.631373 0.662745 0.670588
v 21.2218 -10.2443 5.44883 0.631373 0.662745 0.670588
v -22.2719 -9.16515 5.47706 0.654902 0.662745 0.65098
v -21.72 -9.70422 5.57676 0.654902 0.662745 0.65098
v 21.72 -9.70422 5.57676 0.631373 0.662745 0.670588
v 22.2719 -9.16515 5.47706 0.631373 0.662745 0.670588
v -23.2001 -8.21748 5.47643 0.623529 0.670588 0.654902
v -22.7248 -8.69211 5.5204 0.654902 0.662745 0.65098
v 22.7248 -8.69211 5.52041 0.631373 0.662745 0.670588
v 23.2001 -8.21748 5.47644 0.603922 0.647059 0.631373
v -24.2021 -7.21065 5.40982 0.854902 0.843137 0.823529
v -23.6792 -7.74761 5.39769 0.745098 0.745098 0.713726
v 23.6792 -7.74761 5.39769 0.713726 0.709804 0.701961
v 24.2021 -7.21065 5.40982 0.819608 0.819608 0.811765
v -24.3979 -6.49949 5.45358 0.87451 0.858824 0.862745
v 24.3979 -6.49949 5.45358 0.847059 0.843137 0.866667
v -24.3979 -5.50026 5.45358 0.996078 1 0.992157
v 24.3979 -5.50026 5.45358 1 0.345098 0.752941
v -24.3979 -4.50103 5.45358 0.709804 0.733333 0.717647
v 24.3979 -4.50103 5.45358 0.67451 0.662745 0.627451
v -17.1406 -14.0365 6.4002 0.698039 0.717647 0.690196
v -16.9518 -14.1062 6.71171 0.635294 0.654902 0.627451
v 16.7493 -14.4137 6.41945 0.623529 0.643137 0.654902
v 17.1065 -14.1238 6.25523 0.603922 0.623529 0.639216
v -18.0658 -13.089 6.5041 0.698039 0.717647 0.690196
v -17.5032 -13.6092 6.59156 0.698039 0.717647 0.690196
v 17.5032 -13.6092 6.59155 0.603922 0.623529 0.639216
v 18.0658 -13.089 6.50409 0.603922 0.623529 0.639216
v -19.1075 -12.1168 6.31967 0.670588 0.658824 0.623529
v -18.6305 -12.5447 6.45504 0.698039 0.717647 0.690196
v 18.6305 -12.5447 6.45504 0.603922 0.623529 0.639216
v 19.1075 -12.1168 6.31967 0.580392 0.615686 0.643137
v -20.0795 -11.0815 6.52422 0.670588 0.658824 0.623529
v -19.4976 -11.6474 6.56036 0.670588 0.658824 0.623529
v 19.4893 -11.6522 6.57031 0.580392 0.615686 0.643137
v 20.0795 -11.0815 6.52422 0.580392 0.615686 0.643137
v -21.1097 -10.1237 6.27755 0.654902 0.662745 0.643137
v -20.6496 -10.5166 6.50054 0.670588 0.658824 0.623529
v 20.6496 -10.5167 6.50054 0.580392 0.615686 0.643137
v 21.1097 -10.1237 6.27755 0.584314 0.627451 0.596078
v -22.094 -9.09208 6.4189 0.654902 0.662745 0.643137
v -21.5008 -9.65021 6.53962 0.654902 0.662745 0.643137
v 21.5008 -9.65021 6.53962 0.584314 0.627451 0.596078
v 22.094 -9.09208 6.4189 0.584314 0.627451 0.596078
v -23.049 -8.04784 6.69636 0.654902 0.662745 0.643137
v -22.5962 -8.54295 6.56481 0.654902 0.662745 0.643137
v 22.5962 -8.54295 6.56481 0.584314 0.627451 0.596078
v 23.049 -8.04784 6.69636 0.584314 0.627451 0.596078
v -24.1039 -7.10391 6.24673 0.843137 0.839216 0.823529
v -23.6023 -7.53346 6.53023 0.796078 0.768627 0.745098
v 23.6023 -7.53347 6.53023 0.764706 0.74902 0.737255
v 24.1039 -7.10391 6.24674 0.85098 0.847059 0.831373
v -24.111 -6.49949 6.59602 0.866667 0.85098 0.847059
v 24.111 -6.49949 6.59601 0.858824 0.858824 0.866667
v -24.111 -5.50025 6.59601 0.996078 1 0.992157
v 24.111 -5.50026 6.59601 0.913725 0.372549 0.67451
v -24.111 -4.50103 6.59601 0.733333 0.741176 0.729412
v 24.111 -4.50103 6.59602 0.647059 0.65098 0.596078
v -16.6419 -14.066 7.535 0.662745 0.67451 0.647059
v 16.5256 -14.2146 7.4487 0.639216 0.67451 0.654902
v -17.4629 -13.3377 7.39025 0.643137 0.686275 0.670588
v -16.828 -13.8043 7.72844 0.662745 0.67451 0.647059
v 16.829 -13.819 7.6921 0.654902 0.67451 0.65098
v 17.4629 -13.3377 7.39025 0.639216 0.67451 0.654902
v -18.3487 -12.4288 7.51347 0.635294 0.654902 0.627451
v -17.8728 -12.8549 7.60199 0.643137 0.686275 0.670588
v 17.8728 -12.8549 7.602 0.639216 0.67451 0.654902
v 18.3487 -12.4288 7.51347 0.623529 0.643137 0.654902
v -19.4915 -11.3452 7.4288 0.635294 0.654902 0.627451
v -18.9048 -11.9007 7.48495 0.635294 0.654902 0.627451
v 18.9048 -11.9007 7.48495 0.623529 0.643137 0.654902
v 19.4915 -11.3452 7.4288 0.623529 0.643137 0.654902
v -20.3506 -10.4856 7.47103 0.698039 0.717647 0.690196
v -19.87 -10.8488 7.76466 0.635294 0.654902 0.627451
v 19.87 -10.8488 7.76466 0.623529 0.643137 0.654902
v 20.3506 -10.4856 7.47103 0.603922 0.623529 0.639216
v -21.5074 -9.34213 7.46731 0.698039 0.717647 0.690196
v -20.9133 -9.91127 7.52925 0.698039 0.717647 0.690196
v 20.9133 -9.91127 7.52925 0.603922 0.623529 0.639216
v 21.5074 -9.34214 7.46731 0.603922 0.623529 0.639216
v -22.3672 -8.50063 7.42971 0.670588 0.658824 0.623529
v -21.8787 -8.86303 7.79108 0.698039 0.717647 0.690196
v 21.8787 -8.86303 7.79107 0.603922 0.623529 0.639216
v 22.3672 -8.50063 7.42971 0.580392 0.615686 0.643137
v -23.3899 -7.4267 7.59985 0.776471 0.756863 0.733333
v -22.9333 -7.93081 7.45149 0.678431 0.682353 0.65098
v 22.9333 -7.93081 7.45149 0.670588 0.670588 0.662745
v 23.3899 -7.4267 7.59985 0.756863 0.752941 0.745098
v -23.7764 -6.49949 7.72543 0.878431 0.862745 0.858824
v 23.7764 -6.49949 7.72543 0.862745 0.858824 0.878431
v -23.7764 -5.50026 7.72543 0.996078 1 0.992157
v 23.7764 -5.50026 7.72543 0.956863 0.164706 0.494118
v -23.7764 -4.50103 7.72543 0.690196 0.729412 0.698039
v 23.7764 -4.50103 7.72543 0.647059 0.654902 0.611765
v -16.1965 -14.0728 8.43686 0.654902 0.662745 0.643137
v -15.9319 -14.1602 8.75863 0.658824 0.662745 0.639216
v 15.8773 -14.3967 8.38051 0.6 0.654902 0.654902
v 16.1484 -14.1713 8.32725 0.6 0.654902 0.654902
v -17.1794 -13.2242 8.27885 0.662745 0.67451 0.647059
v -16.523 -13.6768 8.626 0.654902 0.662745 0.643137
v 16.523 -13.6768 8.62599 0.6 0.654902 0.654902
v 17.1794 -13.2242 8.27886 0.654902 0.67451 0.65098
v -18.2423 -12.1507 8.42247 0.662745 0.67451 0.647059
v -17.5809 -12.7008 8.59234 0.662745 0.67451 0.647059
v 17.5809 -12.7008 8.59234 0.654902 0.67451 0.65098
v 18.2423 -12.1507 8.42247 0.654902 0.67451 0.65098
v -19.1901 -11.2273 8.46017 0.643137 0.686275 0.670588
v -18.704 -11.6618 8.53121 0.662745 0.67451 0.647059
v 18.704 -11.6618 8.53121 0.654902 0.67451 0.65098
v 19.1901 -11.2273 8.46017 0.639216 0.67451 0.654902
v -20.2899 -10.201 8.37071 0.635294 0.654902 0.627451
v -19.7305 -10.6764 8.53813 0.643137 0.686275 0.670588
v 19.7305 -10.6764 8.53813 0.639216 0.67451 0.654902
v 20.2899 -10.201 8.37071 0.623529 0.643137 0.654902
v -21.2404 -9.26312 8.40968 0.635294 0.654902 0.627451
v -20.6669 -9.74794 8.58796 0.643137 0.686275 0.670588
v 20.6669 -9.74794 8.58796 0.639216 0.67451 0.654902
v 21.2404 -9.26312 8.40968 0.623529 0.643137 0.654902
v -22.3024 -8.21966 8.41026 0.698039 0.717647 0.690196
v -21.7426 -8.69599 8.60851 0.635294 0.654902 0.627451
v 21.7426 -8.69599 8.60851 0.623529 0.643137 0.654902
v 22.3091 -8.21524 8.40456 0.603922 0.623529 0.639216
v -23.2607 -7.29167 8.37435 0.815686 0.796078 0.772549
v -22.6748 -7.76517 8.64919 0.733333 0.717647 0.67451
v 22.6755 -7.79119 8.57711 0.713726 0.717647 0.698039
v 23.2607 -7.29167 8.37435 0.780392 0.764706 0.768627
v -23.522 -6.49948 8.46845 0.858824 0.843137 0.847059
v 23.522 -6.49948 8.46845 0.85098 0.843137 0.862745
v -23.522 -5.50026 8.46845 0.996078 1 0.992157
v 23.522 -5.50026 8.46845 0.960784 0.172549 0.533333
v -23.522 -4.50103 8.46845 0.686275 0.721569 0.701961
v 23.522 -4.50103 8.46845 0.670588 0.682353 0.639216
v -23.522 -3.90689 8.46845 0.686275 0.721569 0.701961
v -15.5088 -14.1301 9.53827 0.494118 0.498039 0.505882
v 14.6682 -14.6283 9.9685 0.635294 0.670588 0.65098
v 15.4261 -14.2915 9.37908 0.65098 0.682353 0.690196
v -16.4534 -13.3471 9.40731 0.639216 0.65098 0.623529
v -15.7393 -13.843 9.6854 0.494118 0.498039 0.505882
v 15.7393 -13.843 9.6854 0.654902 0.662745 0.658824
v 16.4534 -13.3471 9.4073 0.65098 0.682353 0.690196
v -18.0172 -12.0177 9.18023 0.654902 0.662745 0.643137
v -17.5116 -12.3767 9.40476 0.658824 0.662745 0.639216
v -16.7979 -12.8504 9.75782 0.639216 0.65098 0.623529
v 16.7979 -12.8504 9.75781 0.65098 0.682353 0.690196
v 17.5116 -12.3767 9.40476 0.623529 0.666667 0.643137
v 18.0172 -12.0177 9.18023 0.6 0.654902 0.654902
v -19.15 -11.0275 9.0113 0.662745 0.67451 0.647059
v -18.3959 -11.5083 9.50166 0.654902 0.662745 0.643137
v -17.8702 -11.8377 9.82424 0.658824 0.662745 0.639216
v 17.8702 -11.8377 9.82424 0.623529 0.666667 0.643137
v 18.3959 -11.5083 9.50166 0.6 0.654902 0.654902
v 19.15 -11.0275 9.01131 0.654902 0.67451 0.65098
v -20.0188 -10.0193 9.42015 0.662745 0.67451 0.647059
v -19.4683 -10.5066 9.48921 0.662745 0.67451 0.647059
v -18.9415 -10.9285 9.65119 0.654902 0.662745 0.643137
v 18.9415 -10.9285 9.65119 0.6 0.654902 0.654902
v 19.4683 -10.5065 9.48921 0.654902 0.67451 0.65098
v 20.0188 -10.0193 9.42015 0.654902 0.67451 0.65098
v -21.0995 -9.11008 9.13059 0.643137 0.686275 0.670588
v -20.5491 -9.46834 9.52074 0.662745 0.67451 0.647059
v 20.5491 -9.46834 9.52075 0.654902 0.67451 0.65098
v 21.0995 -9.11008 9.13059 0.639216 0.67451 0.654902
v -22.0359 -8.03884 9.53577 0.643137 0.686275 0.670588
v -21.4878 -8.58339 9.48939 0.643137 0.686275 0.670588
v -20.9497 -8.93904 9.85819 0.662745 0.67451 0.647059
v 20.9497 -8.93904 9.85819 0.654902 0.67451 0.65098
v 21.4878 -8.5834 9.4894 0.639216 0.67451 0.654902
v 22.0359 -8.03884 9.53577 0.639216 0.67451 0.654902
v -23.1217 -7.13863 9.15451 0.835294 0.823529 0.803922
v -22.5877 -7.48271 9.5875 0.807843 0.764706 0.741176
v 22.5877 -7.48271 9.5875 0.764706 0.745098 0.733333
v 23.1217 -7.13863 9.15451 0.827451 0.819608 0.823529
v -23.2444 -6.49949 9.20312 0.858824 0.843137 0.847059
v -22.9439 -6.49949 9.92869 0.870588 0.854902 0.858824
v 22.9439 -6.49948 9.9287 0.85098 0.843137 0.854902
v 23.2444 -6.49949 9.20312 0.847059 0.843137 0.862745
v -23.2444 -5.50026 9.20312 0.996078 1 0.992157
v -22.9439 -5.50026 9.92869 0.996078 1 0.992157
v 22.9439 -5.50026 9.9287 0.968627 0.262745 0.611765
v 23.2444 -5.50026 9.20312 1 0.290196 0.615686
v -23.2444 -4.50103 9.20312 0.694118 0.741176 0.694118
v -22.9439 -4.50103 9.92869 0.72549 0.729412 0.705882
v 22.9439 -4.50103 9.9287 0.647059 0.639216 0.592157
v 23.2444 -4.50103 9.20312 0.623529 0.627451 0.596078
v -15.0795 -14.1062 10.248 0.619608 0.666667 0.658824
v -14.8009 -14.1674 10.5429 0.631373 0.654902 0.639216
v 13.9795 -14.6734 10.8436 0.627451 0.67451 0.67451
v 14.5576 -14.3943 10.508 0.635294 0.658824 0.643137
v 15.0795 -14.1062 10.248 0.635294 0.670588 0.65098
v -16.1395 -13.179 10.2424 0.494118 0.498039 0.505882
v -15.5626 -13.5261 10.5145 0.619608 0.666667 0.658824
v -14.9166 -13.8902 10.8375 0.631373 0.654902 0.639216
v 14.9166 -13.8902 10.8375 0.635294 0.658824 0.643137
v 15.5626 -13.5261 10.5145 0.635294 0.670588 0.65098
v 16.1395 -13.179 10.2425 0.654902 0.662745 0.658824
v -17.1835 -12.2168 10.2923 0.639216 0.65098 0.623529
v -16.5693 -12.6073 10.5763 0.494118 0.498039 0.505882
v -15.9729 -12.972 10.8552 0.619608 0.666667 0.658824
v 15.9729 -12.972 10.8552 0.635294 0.670588 0.65098
v 16.5693 -12.6073 10.5763 0.654902 0.662745 0.658824
v 17.1835 -12.2168 10.2923 0.65098 0.682353 0.690196
v -18.2783 -11.1935 10.3469 0.658824 0.662745 0.639216
v -17.5569 -11.7088 10.609 0.639216 0.65098 0.623529
v 17.5569 -11.7088 10.609 0.65098 0.682353 0.690196
v 18.2783 -11.1935 10.3469 0.623529 0.666667 0.643137
v -19.2978 -10.2073 10.4461 0.658824 0.662745 0.639216
v -18.6192 -10.7561 10.5901 0.658824 0.662745 0.639216
v 18.6192 -10.7561 10.5901 0.623529 0.666667 0.643137
v 19.2978 -10.2073 10.4461 0.623529 0.666667 0.643137
v -20.2936 -9.33513 10.3401 0.654902 0.662745 0.643137
v -19.7538 -9.70267 10.6117 0.658824 0.662745 0.639216
v 19.7538 -9.70267 10.6117 0.623529 0.666667 0.643137
v 20.2936 -9.33513 10.3401 0.6 0.654902 0.654902
v -21.3673 -8.27924 10.434 0.662745 0.67451 0.647059
v -20.7902 -8.75 10.5931 0.654902 0.662745 0.643137
v 20.7902 -8.75 10.5931 0.6 0.654902 0.654902
v 21.3673 -8.27924 10.434 0.654902 0.67451 0.65098
v -22.315 -7.35468 10.5007 0.796078 0.776471 0.752941
v -21.7289 -7.87713 10.5662 0.682353 0.662745 0.647059
v 21.7289 -7.87713 10.5662 0.698039 0.701961 0.682353
v 22.315 -7.35468 10.5007 0.752941 0.733333 0.721569
v -22.6207 -6.49949 10.6445 0.862745 0.854902 0.866667
v 22.6207 -6.49949 10.6445 0.862745 0.862745 0.870588
v -22.6207 -5.50026 10.6445 0.996078 1 0.992157
v 22.6207 -5.50026 10.6445 1 0.329412 0.666667
v -22.6207 -4.50103 10.6445 0.729412 0.733333 0.709804
v 22.6207 -4.50103 10.6445 0.647059 0.647059 0.607843
v -14.2562 -14.1413 11.3084 0.560784 0.627451 0.596078
v -13.7449 -14.2683 11.7391 0.572549 0.670588 0.647059
v 13.688 -14.3537 11.6805 0.65098 0.658824 0.647059
v 14.2498 -14.1698 11.2731 0.627451 0.67451 0.67451
v -15.2825 -13.2561 11.3559 0.631373 0.654902 0.639216
v -14.5606 -13.6912 11.6141 0.560784 0.627451 0.596078
v 14.5606 -13.6912 11.6141 0.627451 0.67451 0.67451
v 15.2825 -13.2561 11.3559 0.635294 0.658824 0.643137
v -16.3492 -12.3066 11.4217 0.619608 0.666667 0.658824
v -15.6279 -12.7848 11.6433 0.631373 0.654902 0.639216
v 15.6279 -12.7848 11.6433 0.635294 0.658824 0.643137
v 16.3492 -12.3066 11.4217 0.635294 0.670588 0.65098
v -17.4421 -11.3382 11.4523 0.494118 0.498039 0.505882
v -16.715 -11.8634 11.6352 0.619608 0.666667 0.658824
v 16.715 -11.8634 11.6352 0.635294 0.670588 0.65098
v 17.4421 -11.3382 11.4523 0.654902 0.662745 0.658824
v -19.0287 -10.0373 11.2536 0.639216 0.65098 0.623529
v -18.5103 -10.3913 11.4545 0.494118 0.498039 0.505882
v -17.7509 -10.9184 11.7103 0.619608 0.666667 0.658824
v 17.7509 -10.9184 11.7103 0.635294 0.670588 0.65098
v 18.5103 -10.3912 11.4545 0.654902 0.662745 0.658824
v 19.0287 -10.0373 11.2536 0.65098 0.682353 0.690196
v -20.1241 -9.13709 11.0633 0.658824 0.662745 0.639216
v -19.4715 -9.49717 11.5154 0.639216 0.65098 0.623529
v -18.8034 -9.86625 11.933 0.494118 0.498039 0.505882
v 18.8034 -9.86625 11.933 0.654902 0.662745 0.658824
v 19.4715 -9.49717 11.5154 0.65098 0.682353 0.690196
v 20.1241 -9.13709 11.0633 0.623529 0.666667 0.643137
v -21.0332 -8.04784 11.5631 0.658824 0.662745 0.639216
v -20.4858 -8.57896 11.5019 0.658824 0.662745 0.639216
v -19.9438 -8.92104 11.7947 0.639216 0.65098 0.623529
v 19.9438 -8.92104 11.7947 0.65098 0.682353 0.690196
v 20.4858 -8.57896 11.5019 0.623529 0.666667 0.643137
v 21.0332 -8.04784 11.5631 0.623529 0.666667 0.643137
v -22.1422 -7.15664 11.282 0.843137 0.823529 0.807843
v -21.5698 -7.55588 11.5506 0.776471 0.74902 0.717647
v 21.5698 -7.55588 11.5506 0.760784 0.756863 0.741176
v 22.1422 -7.15664 11.282 0.811765 0.803922 0.807843
v -22.2752 -6.49948 11.3498 0.866667 0.85098 0.854902
v 22.2752 -6.49949 11.3498 0.858824 0.858824 0.866667
v -22.2752 -5.50026 11.3498 0.996078 1 0.992157
v 22.2752 -5.50026 11.3498 0.933333 0.309804 0.670588
v -22.2752 -4.50103 11.3498 0.745098 0.733333 0.705882
v 22.2752 -4.50103 11.3498 0.658824 0.658824 0.619608
v -13.3796 -14.1632 12.3023 0.654902 0.694118 0.662745
v -12.8315 -14.1962 12.8315 0.619608 0.670588 0.643137
v 12.7541 -14.2925 12.778 0.639216 0.682353 0.658824
v 13.3214 -14.2147 12.2935 0.635294 0.658824 0.658824
v -14.4192 -13.2943 12.3776 0.662745 0.658824 0.678431
v -13.6939 -13.7131 12.5938 0.654902 0.694118 0.662745
v -12.983 -13.9712 12.983 0.619608 0.670588 0.643137
v 12.983 -13.9712 12.983 0.639216 0.682353 0.658824
v 13.6939 -13.7131 12.5938 0.635294 0.658824 0.658824
v 14.4192 -13.2943 12.3776 0.627451 0.670588 0.647059
v -15.4969 -12.376 12.4485 0.572549 0.670588 0.647059
v -14.7104 -12.8429 12.6985 0.662745 0.658824 0.678431
v 14.7104 -12.8429 12.6985 0.627451 0.670588 0.647059
v 15.4969 -12.376 12.4485 0.65098 0.658824 0.647059
v -17.0737 -11.0905 12.4048 0.631373 0.654902 0.639216
v -16.5242 -11.4936 12.4973 0.560784 0.627451 0.596078
v -15.6878 -11.9259 12.8956 0.572549 0.670588 0.647059
v 15.6878 -11.9259 12.8956 0.65098 0.658824 0.647059
v 16.5242 -11.4936 12.4973 0.627451 0.67451 0.67451
v 17.0737 -11.0905 12.4048 0.635294 0.658824 0.643137
v -18.1569 -10.1993 12.3394 0.619608 0.666667 0.658824
v -17.6188 -10.5386 12.5432 0.631373 0.654902 0.639216
v -16.7569 -10.9825 12.998 0.560784 0.627451 0.596078
v 16.7569 -10.9825 12.998 0.627451 0.67451 0.67451
v 17.6188 -10.5386 12.5432 0.635294 0.658824 0.643137
v 18.1569 -10.1993 12.3394 0.635294 0.670588 0.65098
v -19.2146 -9.26291 12.3534 0.494118 0.498039 0.505882
v -18.6868 -9.58119 12.6048 0.619608 0.666667 0.658824
v 18.6868 -9.58119 12.6048 0.635294 0.670588 0.65098
v 19.2146 -9.26291 12.3534 0.654902 0.662745 0.658824
v -20.3429 -8.18332 12.488 0.494118 0.498039 0.505882
v -19.7166 -8.70299 12.5603 0.494118 0.498039 0.505882
v 19.7166 -8.70299 12.5603 0.654902 0.662745 0.658824
v 20.3452 -8.22225 12.4131 0.65098 0.682353 0.690196
v -21.36 -7.27026 12.4846 0.796078 0.784314 0.764706
v -20.6773 -7.84132 12.5656 0.682353 0.670588 0.643137
v 20.6773 -7.84132 12.5656 0.647059 0.631373 0.619608
v 21.3529 -7.27147 12.4948 0.8 0.784314 0.780392
v -21.7795 -6.48412 12.2685 0.882353 0.866667 0.862745
v 21.7131 -6.49948 12.3849 0.858824 0.85098 0.870588
v -21.7504 -5.56576 12.3196 0.996078 1 0.992157
v 21.7131 -5.50026 12.3849 1 0.717647 0.94902
v -21.7263 -4.47166 12.3617 0.705882 0.72549 0.698039
v 21.7131 -4.50103 12.3849 0.615686 0.635294 0.611765
v -12.3023 -14.1632 13.3796 0.603922 0.647059 0.631373
v -11.7045 -14.2953 13.7406 0.615686 0.658824 0.643137
v 11.6621 -14.3763 13.6753 0.666667 0.686275 0.670588
v 12.2935 -14.2147 13.3214 0.65098 0.65098 0.611765
v -14.0281 -13.044 13.1733 0.654902 0.694118 0.662745
v -13.3769 -13.3831 13.3769 0.619608 0.670588 0.643137
v -12.5938 -13.7131 13.6939 0.603922 0.647059 0.631373
v 12.5938 -13.7131 13.6939 0.65098 0.65098 0.611765
v 13.3769 -13.3831 13.3769 0.639216 0.682353 0.658824
v 14.0281 -13.044 13.1733 0.635294 0.658824 0.658824
v -15.091 -12.1258 13.3045 0.662745 0.658824 0.678431
v -14.5266 -12.4849 13.4166 0.654902 0.694118 0.662745
v -13.8136 -12.7379 13.8136 0.619608 0.670588 0.643137
v 13.8136 -12.7379 13.8136 0.639216 0.682353 0.658824
v 14.5266 -12.4849 13.4166 0.635294 0.658824 0.658824
v 15.091 -12.1258 13.3045 0.627451 0.670588 0.647059
v -16.1686 -11.2166 13.3759 0.572549 0.670588 0.647059
v -15.6238 -11.5501 13.5247 0.662745 0.658824 0.678431
v -14.8281 -11.8917 13.9245 0.654902 0.694118 0.662745
v 14.8281 -11.8917 13.9245 0.635294 0.658824 0.658824
v 15.6238 -11.5501 13.5247 0.627451 0.670588 0.647059
v 16.1686 -11.2166 13.3758 0.65098 0.658824 0.647059
v -17.2621 -10.3258 13.3667 0.560784 0.627451 0.596078
v -16.699 -10.6506 13.5758 0.572549 0.670588 0.647059
v 16.699 -10.6506 13.5758 0.65098 0.658824 0.647059
v 17.2621 -10.3258 13.3667 0.627451 0.67451 0.67451
v -18.3193 -9.43249 13.3754 0.631373 0.654902 0.639216
v -17.7751 -9.70715 13.6647 0.560784 0.627451 0.596078
v 17.7751 -9.70715 13.6647 0.627451 0.67451 0.67451
v 18.3193 -9.43249 13.3754 0.635294 0.658824 0.643137
v -19.4078 -8.46268 13.4356 0.619608 0.666667 0.658824
v -18.8424 -8.79501 13.6898 0.631373 0.654902 0.639216
v 18.8424 -8.79501 13.6898 0.635294 0.658824 0.643137
v 19.4078 -8.46268 13.4356 0.635294 0.670588 0.65098
v -21.0546 -7.06662 13.3617 0.819608 0.815686 0.8
v -20.5006 -7.46844 13.5081 0.764706 0.737255 0.705882
v -19.9438 -7.93081 13.5538 0.701961 0.682353 0.658824
v 19.9438 -7.93081 13.5538 0.678431 0.67451 0.666667
v 20.5006 -7.46843 13.5081 0.74902 0.737255 0.717647
v 21.0546 -7.06662 13.3617 0.823529 0.823529 0.815686
v -21.1082 -6.49948 13.3957 0.847059 0.839216 0.85098
v 21.1082 -6.49948 13.3957 0.858824 0.858824 0.866667
v -21.1082 -5.50026 13.3957 0.996078 1 0.992157
v 21.1082 -5.50026 13.3957 1 0.72549 0.929412
v -11.2816 -14.1625 14.2519 0.678431 0.698039 0.682353
v -10.493 -14.2454 14.7453 0.643137 0.662745 0.647059
v 10.5003 -14.356 14.608 0.643137 0.670588 0.639216
v 11.2731 -14.1698 14.2498 0.654902 0.690196 0.686275
v -13.1733 -13.044 14.0281 0.603922 0.647059 0.631373
v -12.3776 -13.2943 14.4192 0.639216 0.662745 0.647059
v -11.6141 -13.6912 14.5606 0.678431 0.698039 0.682353
v -10.8375 -13.8902 14.9166 0.643137 0.662745 0.647059
v 10.8375 -13.8902 14.9166 0.643137 0.670588 0.639216
v 11.6141 -13.6912 14.5606 0.654902 0.690196 0.686275
v 12.3776 -13.2943 14.4192 0.658824 0.686275 0.658824
v 13.1733 -13.044 14.0281 0.65098 0.65098 0.611765
v -14.153 -12.2338 14.153 0.619608 0.670588 0.643137
v -13.4166 -12.4849 14.5266 0.603922 0.647059 0.631373
v -12.6985 -12.8429 14.7104 0.639216 0.662745 0.647059
v 12.6985 -12.8429 14.7104 0.658824 0.686275 0.658824
v 13.4166 -12.4849 14.5266 0.65098 0.65098 0.611765
v 14.153 -12.2338 14.153 0.639216 0.682353 0.658824
v -15.2628 -11.2995 14.2847 0.654902 0.694118 0.662745
v -14.6162 -11.5436 14.6162 0.619608 0.670588 0.643137
v -13.9245 -11.8917 14.8281 0.603922 0.647059 0.631373
v 13.9245 -11.8917 14.8281 0.65098 0.65098 0.611765
v 14.6162 -11.5436 14.6162 0.639216 0.682353 0.658824
v 15.2628 -11.2995 14.2847 0.635294 0.658824 0.658824
v -17.0274 -10.0463 14.0863 0.572549 0.670588 0.647059
v -16.3694 -10.3967 14.3429 0.662745 0.658824 0.678431
v -15.7535 -10.6624 14.6469 0.654902 0.694118 0.662745
v -14.9957 -10.9825 14.9957 0.619608 0.670588 0.643137
v 14.9957 -10.9825 14.9957 0.639216 0.682353 0.658824
v 15.7535 -10.6624 14.6469 0.635294 0.658824 0.658824
v 16.3694 -10.3967 14.3429 0.627451 0.670588 0.647059
v 17.0274 -10.0463 14.0863 0.65098 0.658824 0.647059
v -18.1524 -9.12809 14.0805 0.560784 0.627451 0.596078
v -17.4158 -9.49531 14.4395 0.572549 0.670588 0.647059
v -16.8016 -9.73123 14.8126 0.662745 0.658824 0.678431
v 16.8016 -9.73122 14.8126 0.627451 0.670588 0.647059
v 17.4158 -9.4953 14.4395 0.65098 0.658824 0.647059
v 18.1524 -9.12809 14.0805 0.627451 0.67451 0.67451
v -19.3626 -8.11986 14.0677 0.631373 0.654902 0.639216
v -18.5402 -8.51872 14.5246 0.560784 0.627451 0.596078
v -17.8994 -8.85803 14.8076 0.572549 0.670588 0.647059
v 17.8994 -8.85803 14.8076 0.65098 0.658824 0.647059
v 18.5401 -8.51871 14.5246 0.627451 0.67451 0.67451
v 19.3626 -8.11986 14.0677 0.635294 0.658824 0.643137
v -20.2492 -7.1218 14.4591 0.862745 0.847059 0.835294
v -19.5066 -7.70098 14.5403 0.745098 0.745098 0.698039
v 19.5066 -7.70098 14.5403 0.709804 0.705882 0.690196
v 20.2492 -7.1218 14.4591 0.839216 0.835294 0.827451
v -20.4512 -6.49948 14.3734 0.870588 0.866667 0.858824
v 20.4512 -6.49948 14.3734 0.858824 0.85098 0.870588
v -20.4512 -5.50026 14.3733 0.996078 1 0.992157
v 20.4512 -5.50026 14.3734 0.705882 0.733333 0.835294
v -10.248 -14.1062 15.0795 0.584314 0.658824 0.635294
v -9.47397 -14.2188 15.4491 0.678431 0.690196 0.654902
v -8.13322 -14.4393 15.9623 0.619608 0.658824 0.623529
v 8.45457 -14.3275 15.9126 0.682353 0.694118 0.666667
v 9.42958 -14.2908 15.3959 0.682353 0.666667 0.654902
v 10.248 -14.1062 15.0795 0.627451 0.67451 0.658824
v -11.3559 -13.2561 15.2825 0.643137 0.662745 0.647059
v -10.5145 -13.5261 15.5626 0.584314 0.658824 0.635294
v -9.6854 -13.843 15.7393 0.678431 0.690196 0.654902
v 9.6854 -13.843 15.7393 0.647059 0.67451 0.647059
v 10.5145 -13.5261 15.5626 0.627451 0.67451 0.658824
v 11.3559 -13.2561 15.2825 0.643137 0.670588 0.639216
v -13.3045 -12.1258 15.091 0.639216 0.662745 0.647059
v -12.4485 -12.376 15.4969 0.615686 0.658824 0.643137
v -11.6433 -12.7848 15.6279 0.643137 0.662745 0.647059
v -10.8552 -12.972 15.9729 0.584314 0.658824 0.635294
v 10.8552 -12.972 15.9729 0.627451 0.67451 0.658824
v 11.6433 -12.7848 15.6279 0.643137 0.670588 0.639216
v 12.4485 -12.376 15.4969 0.666667 0.686275 0.670588
v 13.3045 -12.1258 15.091 0.658824 0.686275 0.658824
v -14.2847 -11.2995 15.2628 0.603922 0.647059 0.631373
v -13.5247 -11.5501 15.6238 0.639216 0.662745 0.647059
v -12.8956 -11.9259 15.6878 0.615686 0.658824 0.643137
v 12.8956 -11.9259 15.6878 0.666667 0.686275 0.670588
v 13.5247 -11.5501 15.6238 0.658824 0.686275 0.658824
v 14.2847 -11.2995 15.2628 0.65098 0.65098 0.611765
v -16.0718 -10.1003 15.0924 0.654902 0.694118 0.662745
v -15.3411 -10.4688 15.3411 0.619608 0.670588 0.643137
v -14.6469 -10.6624 15.7535 0.603922 0.647059 0.631373
v 14.6469 -10.6624 15.7535 0.65098 0.65098 0.611765
v 15.3411 -10.4688 15.3411 0.639216 0.682353 0.658824
v 16.0718 -10.1003 15.0924 0.635294 0.658824 0.658824
v -17.1746 -9.2091 15.1415 0.662745 0.658824 0.678431
v -16.4905 -9.49717 15.4856 0.654902 0.694118 0.662745
v -15.8262 -9.74923 15.8262 0.619608 0.670588 0.643137
v 15.8262 -9.74923 15.8262 0.639216 0.682353 0.658824
v 16.4905 -9.49717 15.4856 0.635294 0.658824 0.658824
v 17.1746 -9.2091 15.1415 0.627451 0.670588 0.647059
v -18.3004 -8.2508 15.2284 0.572549 0.670588 0.647059
v -17.6284 -8.53624 15.5948 0.662745 0.658824 0.678431
v -16.9218 -8.87603 15.8906 0.654902 0.694118 0.662745
v 16.9218 -8.87603 15.8906 0.635294 0.658824 0.658824
v 17.6284 -8.53624 15.5948 0.627451 0.670588 0.647059
v 18.3004 -8.25079 15.2284 0.65098 0.658824 0.647059
v -19.3859 -7.23483 15.4244 0.827451 0.815686 0.788235
v -18.6306 -7.72737 15.6093 0.756863 0.745098 0.717647
v 18.6306 -7.72737 15.6093 0.729412 0.733333 0.713726
v 19.3859 -7.23483 15.4244 0.780392 0.776471 0.768627
v -19.5084 -6.49949 15.6291 0.858824 0.85098 0.854902
v 19.5084 -6.49948 15.6291 0.85098 0.847059 0.866667
v -19.5084 -5.50025 15.6291 0.996078 1 0.992157
v 19.5084 -5.50025 15.6291 0.729412 0.831373 0.937255
v -8.23831 -14.1962 16.1686 0.619608 0.658824 0.623529
v -7.45181 -14.2458 16.4915 0.631373 0.670588 0.666667
v -6.46728 -14.3152 16.8315 0.658824 0.694118 0.682353
v -5.51748 -14.5023 16.9811 0.611765 0.678431 0.639216
v 6.4307 -14.3646 16.795 0.580392 0.603922 0.588235
v 7.41998 -14.2955 16.454 0.647059 0.666667 0.682353
v 8.32725 -14.1713 16.1484 0.631373 0.666667 0.662745
v -10.2424 -13.179 16.1395 0.678431 0.690196 0.654902
v -9.41735 -13.3681 16.4246 0.670588 0.654902 0.643137
v -8.6016 -13.6487 16.5662 0.619608 0.658824 0.623529
v -7.72844 -13.8043 16.828 0.631373 0.670588 0.666667
v 7.72844 -13.8043 16.828 0.647059 0.662745 0.67451
v 8.626 -13.6768 16.523 0.631373 0.666667 0.662745
v 9.40731 -13.3471 16.4534 0.682353 0.666667 0.654902
v 10.2425 -13.179 16.1395 0.647059 0.67451 0.647059
v -11.4217 -12.3066 16.3492 0.584314 0.658824 0.635294
v -10.5763 -12.6072 16.5693 0.678431 0.690196 0.654902
v -9.87938 -12.8222 16.7595 0.670588 0.654902 0.643137
v 9.75781 -12.8504 16.7979 0.682353 0.666667 0.654902
v 10.5763 -12.6072 16.5693 0.647059 0.67451 0.647059
v 11.4217 -12.3066 16.3492 0.627451 0.67451 0.658824
v -13.3759 -11.2166 16.1686 0.615686 0.658824 0.643137
v -12.4973 -11.4936 16.5242 0.678431 0.698039 0.682353
v -11.6352 -11.8634 16.715 0.584314 0.658824 0.635294
v 11.6352 -11.8634 16.715 0.627451 0.67451 0.658824
v 12.4973 -11.4936 16.5242 0.654902 0.690196 0.686275
v 13.3758 -11.2166 16.1686 0.666667 0.686275 0.670588
v -15.0924 -10.1003 16.0718 0.603922 0.647059 0.631373
v -14.3429 -10.3967 16.3694 0.639216 0.662745 0.647059
v -13.5758 -10.6506 16.699 0.615686 0.658824 0.643137
v -12.998 -10.9825 16.7569 0.678431 0.698039 0.682353
v 12.998 -10.9825 16.7569 0.654902 0.690196 0.686275
v 13.5758 -10.6506 16.699 0.666667 0.686275 0.670588
v 14.3429 -10.3967 16.3694 0.658824 0.686275 0.658824
v 15.0924 -10.1003 16.0718 0.65098 0.65098 0.611765
v -16.1657 -9.24511 16.1657 0.619608 0.670588 0.643137
v -15.4856 -9.49717 16.4905 0.603922 0.647059 0.631373
v -14.8126 -9.73122 16.8016 0.639216 0.662745 0.647059
v 14.8126 -9.73123 16.8016 0.658824 0.686275 0.658824
v 15.4856 -9.49717 16.4905 0.65098 0.65098 0.611765
v 16.1657 -9.24511 16.1657 0.639216 0.682353 0.658824
v -17.2843 -8.35391 16.231 0.654902 0.694118 0.662745
v -16.6689 -8.49794 16.6689 0.619608 0.670588 0.643137
v -15.8906 -8.87603 16.9218 0.603922 0.647059 0.631373
v 15.8906 -8.87603 16.9218 0.65098 0.65098 0.611765
v 16.6689 -8.49794 16.6689 0.639216 0.682353 0.658824
v 17.2843 -8.35391 16.231 0.635294 0.658824 0.658824
v -18.396 -7.39282 16.3691 0.768627 0.74902 0.733333
v -17.7655 -7.66075 16.6829 0.737255 0.72549 0.698039
v 17.7655 -7.66075 16.6829 0.737255 0.721569 0.709804
v 18.396 -7.39282 16.3691 0.788235 0.768627 0.752941
v -18.7528 -6.49948 16.5328 0.862745 0.854902 0.866667
v 18.7528 -6.49948 16.5328 0.858824 0.85098 0.862745
v -18.7528 -5.50026 16.5328 0.996078 1 0.992157
v 18.7528 -5.50026 16.5328 0.494118 0.580392 0.72549
v -18.7528 -4.50103 16.5328 0.690196 0.709804 0.686275
v 18.7528 -4.50103 16.5328 0.631373 0.639216 0.584314
v -6.25523 -14.1238 17.1065 0.647059 0.662745 0.658824
v -5.34189 -14.2285 17.3078 0.611765 0.678431 0.639216
v -4.60409 -14.2683 17.4803 0.658824 0.682353 0.666667
v -3.66753 -14.2817 17.6866 0.623529 0.67451 0.647059
v -2.55984 -14.3559 17.8091 0.639216 0.678431 0.643137
v -1.42381 -14.4297 17.8652 0.635294 0.654902 0.631373
v -0.306792 -14.4483 17.9016 0.654902 0.694118 0.662745
v 0.562452 -14.4483 17.8975 0.627451 0.662745 0.65098
v 1.43626 -14.4163 17.877 0.639216 0.666667 0.639216
v 2.56218 -14.3468 17.8175 0.631373 0.67451 0.643137
v 3.7702 -14.2432 17.7028 0.658824 0.682353 0.67451
v 4.60285 -14.3299 17.4197 0.541176 0.584314 0.568627
v 5.34188 -14.2286 17.3078 0.65098 0.678431 0.65098
v 6.25523 -14.1238 17.1065 0.639216 0.647059 0.627451
v -8.27885 -13.2242 17.1794 0.631373 0.670588 0.666667
v -7.39025 -13.3377 17.4629 0.666667 0.690196 0.690196
v -6.59156 -13.6092 17.5032 0.647059 0.662745 0.658824
v -5.5146 -13.7294 17.752 0.611765 0.678431 0.639216
v -4.32758 -13.8839 17.9266 0.658824 0.682353 0.666667
v 4.42577 -13.8863 17.9008 0.541176 0.584314 0.568627
v 5.5146 -13.7294 17.752 0.65098 0.678431 0.65098
v 6.59156 -13.6092 17.5032 0.639216 0.647059 0.627451
v 7.39025 -13.3377 17.4629 0.647059 0.666667 0.682353
v 8.27885 -13.2242 17.1794 0.647059 0.662745 0.67451
v -10.2923 -12.2169 17.1835 0.670588 0.654902 0.643137
v -9.40476 -12.3767 17.5116 0.643137 0.647059 0.627451
v -8.59234 -12.7008 17.5809 0.631373 0.670588 0.666667
v -7.602 -12.8549 17.8728 0.666667 0.690196 0.690196
v 7.602 -12.8549 17.8728 0.647059 0.666667 0.682353
v 8.59234 -12.7008 17.5809 0.647059 0.662745 0.67451
v 9.40476 -12.3767 17.5116 0.682353 0.694118 0.666667
v 10.2923 -12.2168 17.1835 0.682353 0.666667 0.654902
v -12.4048 -11.0905 17.0737 0.643137 0.662745 0.647059
v -11.4523 -11.3382 17.4421 0.678431 0.690196 0.654902
v -10.609 -11.7088 17.5569 0.670588 0.654902 0.643137
v -9.81185 -11.8647 17.8477 0.643137 0.647059 0.627451
v 9.82424 -11.8377 17.8702 0.682353 0.694118 0.666667
v 10.609 -11.7088 17.5569 0.682353 0.666667 0.654902
v 11.4523 -11.3382 17.4421 0.647059 0.67451 0.647059
v 12.4048 -11.0905 17.0737 0.643137 0.670588 0.639216
v -14.0863 -10.0463 17.0274 0.615686 0.658824 0.643137
v -13.3667 -10.3258 17.2621 0.678431 0.698039 0.682353
v -12.5432 -10.5386 17.6188 0.643137 0.662745 0.647059
v -11.7103 -10.9184 17.7509 0.584314 0.658824 0.635294
v 11.7103 -10.9184 17.7509 0.627451 0.67451 0.658824
v 12.5432 -10.5386 17.6188 0.643137 0.670588 0.639216
v 13.3667 -10.3258 17.2621 0.654902 0.690196 0.686275
v 14.0863 -10.0463 17.0274 0.666667 0.686275 0.670588
v -15.1415 -9.20911 17.1746 0.639216 0.662745 0.647059
v -14.4395 -9.49531 17.4158 0.615686 0.658824 0.643137
v -13.6647 -9.70715 17.7751 0.678431 0.698039 0.682353
v 13.6647 -9.70715 17.7751 0.654902 0.690196 0.686275
v 14.4394 -9.49531 17.4158 0.666667 0.686275 0.670588
v 15.1415 -9.2091 17.1746 0.658824 0.686275 0.658824
v -16.231 -8.35391 17.2843 0.603922 0.647059 0.631373
v -15.5948 -8.53624 17.6284 0.639216 0.662745 0.647059
v -14.8077 -8.85803 17.8994 0.615686 0.658824 0.643137
v 14.8076 -8.85802 17.8994 0.666667 0.686275 0.670588
v 15.5948 -8.53624 17.6284 0.658824 0.686275 0.658824
v 16.231 -8.35391 17.2843 0.65098 0.65098 0.611765
v -18.1655 -7.08462 17.0585 0.854902 0.843137 0.823529
v -17.3418 -7.49871 17.3418 0.74902 0.713726 0.694118
v -16.6829 -7.66075 17.7655 0.733333 0.713726 0.690196
v 16.6829 -7.66075 17.7655 0.72549 0.72549 0.694118
v 17.3418 -7.49871 17.3418 0.741176 0.721569 0.705882
v 18.1655 -7.08462 17.0585 0.835294 0.831373 0.811765
v -18.2242 -6.49949 17.1137 0.854902 0.847059 0.85098
v -17.6777 -6.49949 17.6777 0.858824 0.85098 0.854902
v 17.6777 -6.49949 17.6777 0.862745 0.854902 0.87451
v 18.2242 -6.49949 17.1137 0.854902 0.85098 0.870588
v -18.2242 -5.50026 17.1137 0.996078 1 0.992157
v -17.6777 -5.50026 17.6777 0.996078 1 0.992157
v 17.6777 -5.50026 17.6777 0.823529 0.909804 0.992157
v 18.2242 -5.50026 17.1137 0.682353 0.788235 0.870588
v -18.2242 -4.50103 17.1137 0.705882 0.745098 0.709804
v -17.6777 -4.50103 17.6777 0.682353 0.733333 0.698039
v 17.6777 -4.50103 17.6777 0.654902 0.662745 0.611765
v 18.2242 -4.50103 17.1137 0.690196 0.678431 0.643137
v -3.43404 -14.0072 18.0019 0.662745 0.662745 0.662745
v -2.48877 -14.0813 18.0834 0.619608 0.615686 0.6
v -1.40989 -14.1428 18.1404 0.619608 0.666667 0.619608
v -0.278082 -14.1739 18.1634 0.596078 0.647059 0.619608
v 0.570801 -14.1692 18.1632 0.627451 0.662745 0.65098
v 1.40989 -14.1428 18.1404 0.6 0.635294 0.623529
v 2.48876 -14.0813 18.0834 0.647059 0.698039 0.658824
v 3.43404 -14.0072 18.0019 0.639216 0.666667 0.639216
v -6.5041 -13.089 18.0658 0.647059 0.662745 0.658824
v -5.54552 -13.2507 18.2194 0.678431 0.686275 0.67451
v -4.38127 -13.4127 18.3753 0.623529 0.67451 0.647059
v -3.48882 -13.4744 18.5073 0.662745 0.662745 0.662745
v -2.64477 -13.5616 18.5611 0.639216 0.678431 0.643137
v -1.47753 -13.6151 18.6391 0.635294 0.654902 0.631373
v -0.29321 -13.6471 18.6648 0.654902 0.694118 0.662745
v 0.58642 -13.6471 18.6602 0.627451 0.662745 0.65098
v 1.47753 -13.6151 18.6391 0.639216 0.666667 0.639216
v 2.64477 -13.5616 18.5611 0.631373 0.67451 0.643137
v 3.48882 -13.4744 18.5073 0.639216 0.666667 0.639216
v 4.37096 -13.4095 18.3809 0.658824 0.682353 0.67451
v 5.54551 -13.2507 18.2194 0.631373 0.654902 0.639216
v 6.5041 -13.089 18.0658 0.639216 0.647059 0.627451
v -9.18023 -12.0177 18.0172 0.619608 0.658824 0.623529
v -8.42247 -12.1507 18.2423 0.631373 0.670588 0.666667
v -7.51347 -12.4288 18.3487 0.658824 0.694118 0.682353
v -6.45504 -12.5447 18.6305 0.647059 0.662745 0.658824
v -5.5614 -12.7796 18.6839 0.678431 0.686275 0.67451
v -4.62013 -12.8567 18.8624 0.658824 0.682353 0.666667
v -3.61879 -12.972 18.9703 0.662745 0.662745 0.662745
v 3.61879 -12.972 18.9703 0.639216 0.666667 0.639216
v 4.62013 -12.8567 18.8624 0.541176 0.584314 0.568627
v 5.5614 -12.7796 18.6839 0.631373 0.654902 0.639216
v 6.45504 -12.5447 18.6305 0.639216 0.647059 0.627451
v 7.51347 -12.4288 18.3487 0.580392 0.603922 0.588235
v 8.42247 -12.1507 18.2423 0.647059 0.662745 0.67451
v 9.18023 -12.0177 18.0172 0.631373 0.666667 0.662745
v -10.3469 -11.1935 18.2783 0.643137 0.647059 0.627451
v -9.41629 -11.4952 18.4553 0.619608 0.658824 0.623529
v -8.53121 -11.6618 18.704 0.631373 0.670588 0.666667
v -7.48495 -11.9007 18.9048 0.658824 0.694118 0.682353
v 7.48495 -11.9007 18.9048 0.580392 0.603922 0.588235
v 8.53121 -11.6619 18.704 0.647059 0.662745 0.67451
v 9.50166 -11.5083 18.3959 0.631373 0.666667 0.662745
v 10.3469 -11.1935 18.2783 0.682353 0.694118 0.666667
v -12.3394 -10.1993 18.1569 0.584314 0.658824 0.635294
v -11.4545 -10.3913 18.5103 0.678431 0.690196 0.654902
v -10.5901 -10.7561 18.6192 0.643137 0.647059 0.627451
v -9.65119 -10.9285 18.9415 0.619608 0.658824 0.623529
v 9.65119 -10.9285 18.9415 0.631373 0.666667 0.662745
v 10.5901 -10.7561 18.6192 0.682353 0.694118 0.666667
v 11.4545 -10.3913 18.5103 0.647059 0.67451 0.647059
v 12.3394 -10.1993 18.1569 0.627451 0.67451 0.658824
v -14.0805 -9.12809 18.1524 0.678431 0.698039 0.682353
v -13.3754 -9.43249 18.3193 0.643137 0.662745 0.647059
v -12.6048 -9.58119 18.6868 0.584314 0.658824 0.635294
v -11.933 -9.86626 18.8034 0.678431 0.690196 0.654902
v 11.933 -9.86625 18.8034 0.647059 0.67451 0.647059
v 12.6048 -9.58119 18.6868 0.627451 0.67451 0.658824
v 13.3754 -9.43249 18.3193 0.643137 0.670588 0.639216
v 14.0805 -9.12809 18.1524 0.654902 0.690196 0.686275
v -15.2284 -8.25079 18.3004 0.615686 0.658824 0.643137
v -14.5246 -8.51871 18.5401 0.678431 0.698039 0.682353
v -13.6898 -8.79501 18.8424 0.643137 0.662745 0.647059
v 13.6898 -8.79501 18.8424 0.643137 0.670588 0.639216
v 14.5246 -8.51871 18.5402 0.654902 0.690196 0.686275
v 15.2284 -8.25079 18.3004 0.666667 0.686275 0.670588
v -17.0585 -7.08462 18.1655 0.839216 0.835294 0.815686
v -16.3691 -7.39282 18.396 0.764706 0.764706 0.733333
v -15.6093 -7.72737 18.6306 0.776471 0.764706 0.745098
v 15.6093 -7.72737 18.6306 0.737255 0.733333 0.717647
v 16.3691 -7.39282 18.396 0.780392 0.764706 0.752941
v 17.0585 -7.08462 18.1655 0.85098 0.847059 0.827451
v -17.1137 -6.49948 18.2242 0.847059 0.839216 0.843137
v -16.5328 -6.49949 18.7528 0.862745 0.854902 0.866667
v 16.5328 -6.49949 18.7528 0.854902 0.854902 0.862745
v 17.1137 -6.49949 18.2242 0.87451 0.858824 0.862745
v -17.1137 -5.50026 18.2242 0.996078 1 0.992157
v -16.5328 -5.50026 18.7528 0.996078 1 0.992157
v 16.5328 -5.50026 18.7528 0.741176 0.839216 0.92549
v 17.1137 -5.50026 18.2242 0.72549 0.803922 0.901961
v -17.1137 -4.50103 18.2242 0.713726 0.733333 0.717647
v -16.5328 -4.50103 18.7528 0.67451 0.717647 0.694118
v 16.5328 -4.50103 18.7528 0.65098 0.654902 0.635294
v 17.1137 -4.50103 18.2242 0.662745 0.670588 0.627451
v -3.01308 -13.026 19.0238 0.639216 0.678431 0.643137
v -2.40867 -13.071 19.0666 0.619608 0.615686 0.6
v -1.468 -13.1221 19.1108 0.619608 0.666667 0.619608
v -0.300616 -13.152 19.1362 0.654902 0.694118 0.662745
v 0.601231 -13.152 19.1315 0.627451 0.662745 0.65098
v 1.46801 -13.1221 19.1108 0.6 0.635294 0.623529
v 2.40867 -13.071 19.0666 0.647059 0.698039 0.658824
v 3.01308 -13.026 19.0238 0.631373 0.67451 0.643137
v -6.31968 -12.1168 19.1075 0.611765 0.678431 0.639216
v -5.45045 -12.1957 19.2949 0.678431 0.686275 0.67451
v -4.56412 -12.4014 19.3218 0.623529 0.67451 0.647059
v -3.38837 -12.4865 19.4798 0.639216 0.678431 0.643137
v -2.47099 -12.5489 19.5599 0.619608 0.615686 0.6
v -1.55334 -12.5979 19.6048 0.635294 0.654902 0.631373
v -0.31219 -12.6253 19.6376 0.654902 0.694118 0.662745
v 0.617119 -12.6209 19.6371 0.627451 0.662745 0.65098
v 1.55335 -12.5979 19.6048 0.639216 0.666667 0.639216
v 2.47099 -12.5489 19.5599 0.647059 0.698039 0.658824
v 3.38837 -12.4865 19.4798 0.631373 0.67451 0.643137
v 4.56412 -12.4014 19.3218 0.658824 0.682353 0.67451
v 5.45045 -12.1957 19.2949 0.631373 0.654902 0.639216
v 6.31967 -12.1168 19.1075 0.65098 0.678431 0.65098
v -9.0113 -11.0275 19.15 0.631373 0.670588 0.666667
v -8.46017 -11.2273 19.1901 0.666667 0.690196 0.690196
v -7.4288 -11.3452 19.4915 0.658824 0.694118 0.682353
v -6.57031 -11.6522 19.4893 0.611765 0.678431 0.639216
v -5.4614 -11.7309 19.7507 0.678431 0.686275 0.67451
v -4.44291 -11.8647 19.8764 0.623529 0.67451 0.647059
v -3.724 -11.9435 19.9462 0.662745 0.662745 0.662745
v 3.72401 -11.9435 19.9462 0.639216 0.666667 0.639216
v 4.44291 -11.8647 19.8764 0.658824 0.682353 0.67451
v 5.46141 -11.7309 19.7507 0.631373 0.654902 0.639216
v 6.57031 -11.6522 19.4893 0.65098 0.678431 0.65098
v 7.4288 -11.3452 19.4915 0.580392 0.603922 0.588235
v 8.46017 -11.2273 19.1901 0.647059 0.666667 0.682353
v 9.0113 -11.0275 19.15 0.647059 0.662745 0.67451
v -11.2536 -10.0373 19.0287 0.670588 0.654902 0.643137
v -10.4461 -10.2073 19.2978 0.643137 0.647059 0.627451
v -9.48921 -10.5065 19.4683 0.631373 0.670588 0.666667
v -8.53814 -10.6764 19.7305 0.666667 0.690196 0.690196
v -7.76465 -10.8488 19.87 0.658824 0.694118 0.682353
v 7.76466 -10.8488 19.87 0.580392 0.603922 0.588235
v 8.53813 -10.6764 19.7305 0.647059 0.666667 0.682353
v 9.48921 -10.5065 19.4683 0.647059 0.662745 0.67451
v 10.4461 -10.2073 19.2978 0.682353 0.694118 0.666667
v 11.2535 -10.0373 19.0287 0.682353 0.666667 0.654902
v -12.3534 -9.26291 19.2146 0.678431 0.690196 0.654902
v -11.5154 -9.49717 19.4715 0.670588 0.654902 0.643137
v -10.6117 -9.70267 19.7538 0.643137 0.647059 0.627451
v 10.6117 -9.70267 19.7538 0.682353 0.694118 0.666667
v 11.5154 -9.49717 19.4715 0.682353 0.666667 0.654902
v 12.3534 -9.2629 19.2146 0.647059 0.67451 0.647059
v -14.0677 -8.11986 19.3626 0.643137 0.662745 0.647059
v -13.4356 -8.46267 19.4078 0.584314 0.658824 0.635294
v -12.5603 -8.70299 19.7166 0.678431 0.690196 0.654902
v -11.7947 -8.92104 19.9438 0.670588 0.654902 0.643137
v 11.7947 -8.92104 19.9438 0.682353 0.666667 0.654902
v 12.5603 -8.70299 19.7166 0.647059 0.67451 0.647059
v 13.4356 -8.46268 19.4078 0.627451 0.67451 0.658824
v 14.0677 -8.11986 19.3626 0.643137 0.670588 0.639216
v -15.4244 -7.23483 19.3859 0.803922 0.8 0.780392
v -14.5403 -7.70098 19.5066 0.737255 0.72549 0.698039
v -13.5538 -7.93081 19.9438 0.67451 0.682353 0.662745
v 13.5538 -7.93081 19.9438 0.670588 0.67451 0.654902
v 14.5403 -7.70098 19.5066 0.72549 0.713726 0.686275
v 15.4244 -7.23483 19.3859 0.784314 0.772549 0.752941
v -15.6291 -6.49948 19.5084 0.866667 0.858824 0.862745
v 15.6291 -6.49949 19.5084 0.843137 0.843137 0.85098
v -15.6291 -5.50026 19.5084 0.996078 1 0.992157
v 15.6291 -5.50026 19.5084 0.580392 0.717647 0.803922
v -2.53117 -12.0448 20.0362 0.619608 0.615686 0.6
v -1.53561 -12.0962 20.0854 0.619608 0.666667 0.619608
v -0.304393 -12.1214 20.1177 0.596078 0.647059 0.619608
v 0.6322 -12.1168 20.117 0.627451 0.662745 0.65098
v 1.53561 -12.0962 20.0854 0.6 0.635294 0.623529
v 2.53116 -12.0448 20.0362 0.647059 0.698039 0.658824
v -6.52422 -11.0815 20.0795 0.611765 0.678431 0.639216
v -5.47169 -11.2429 20.2297 0.658824 0.682353 0.666667
v -4.54764 -11.3606 20.345 0.623529 0.67451 0.647059
v -3.54918 -11.4612 20.4429 0.639216 0.678431 0.643137
v -2.59456 -11.5136 20.5381 0.619608 0.615686 0.6
v -1.63054 -11.5627 20.5875 0.635294 0.654902 0.631373
v -0.327549 -11.5991 20.6148 0.654902 0.694118 0.662745
v 0.647819 -11.5947 20.614 0.627451 0.662745 0.65098
v 1.63054 -11.5627 20.5875 0.639216 0.666667 0.639216
v 2.59456 -11.5136 20.5381 0.647059 0.698039 0.658824
v 3.54918 -11.4612 20.4429 0.631373 0.67451 0.643137
v 4.54764 -11.3606 20.345 0.658824 0.682353 0.67451
v 5.47169 -11.2429 20.2297 0.541176 0.584314 0.568627
v 6.52422 -11.0815 20.0795 0.65098 0.678431 0.65098
v -9.42015 -10.0193 20.0188 0.631373 0.670588 0.666667
v -8.37071 -10.201 20.2899 0.658824 0.694118 0.682353
v -7.47103 -10.4856 20.3506 0.647059 0.662745 0.658824
v -6.50054 -10.5167 20.6496 0.611765 0.678431 0.639216
v -5.5764 -10.7747 20.6633 0.658824 0.682353 0.666667
v -4.59743 -10.8196 20.8608 0.623529 0.67451 0.647059
v -3.78202 -10.9243 20.9212 0.662745 0.662745 0.662745
v 3.78202 -10.9243 20.9212 0.639216 0.666667 0.639216
v 4.59743 -10.8196 20.8608 0.658824 0.682353 0.67451
v 5.57641 -10.7747 20.6633 0.541176 0.584314 0.568627
v 6.50054 -10.5167 20.6496 0.65098 0.678431 0.65098
v 7.47103 -10.4856 20.3506 0.639216 0.647059 0.627451
v 8.37071 -10.201 20.2899 0.580392 0.603922 0.588235
v 9.42015 -10.0193 20.0188 0.647059 0.662745 0.67451
v -11.0633 -9.13709 20.1241 0.643137 0.647059 0.627451
v -10.3401 -9.33513 20.2936 0.619608 0.658824 0.623529
v -9.52074 -9.46834 20.5491 0.631373 0.670588 0.666667
v -8.58796 -9.74794 20.6668 0.666667 0.690196 0.690196
v -7.52925 -9.91127 20.9133 0.647059 0.662745 0.658824
v 7.52925 -9.91127 20.9133 0.639216 0.647059 0.627451
v 8.58796 -9.74794 20.6669 0.647059 0.666667 0.682353
v 9.52075 -9.46834 20.5491 0.647059 0.662745 0.67451
v 10.3401 -9.33513 20.2936 0.631373 0.666667 0.662745
v 11.0633 -9.13709 20.1241 0.682353 0.694118 0.666667
v -12.4131 -8.22225 20.3452 0.670588 0.654902 0.643137
v -11.5019 -8.57896 20.4858 0.643137 0.647059 0.627451
v -10.5931 -8.75 20.7902 0.619608 0.658824 0.623529
v -9.85819 -8.93904 20.9497 0.631373 0.670588 0.666667
v 9.85819 -8.93904 20.9497 0.647059 0.662745 0.67451
v 10.5931 -8.75 20.7902 0.631373 0.666667 0.662745
v 11.5019 -8.57896 20.4858 0.682353 0.694118 0.666667
v 12.4131 -8.22225 20.3452 0.682353 0.666667 0.654902
v -14.4591 -7.1218 20.2492 0.854902 0.843137 0.823529
v -13.5081 -7.46843 20.5006 0.741176 0.721569 0.705882
v -12.5656 -7.84132 20.6773 0.705882 0.67451 0.662745
v 12.5656 -7.84132 20.6773 0.658824 0.631373 0.6
v 13.5081 -7.46843 20.5006 0.756863 0.729412 0.705882
v 14.4591 -7.1218 20.2492 0.85098 0.835294 0.823529
v -14.3734 -6.49948 20.4512 0.870588 0.854902 0.85098
v 14.3734 -6.49948 20.4512 0.858824 0.85098 0.854902
v -14.3734 -5.50026 20.4512 0.996078 1 0.992157
v 14.3734 -5.50026 20.4512 0.839216 0.921569 0.996078
v -2.65474 -11.0095 21.0144 0.619608 0.615686 0.6
v -1.59178 -11.0617 21.0691 0.619608 0.666667 0.619608
v -0.317039 -11.0952 21.0948 0.596078 0.647059 0.619608
v 0.6629 -11.0905 21.0938 0.627451 0.662745 0.65098
v 1.59178 -11.0617 21.0691 0.6 0.635294 0.623529
v 2.65473 -11.0095 21.0144 0.647059 0.698039 0.658824
v -6.27755 -10.1237 21.1097 0.678431 0.686275 0.67451
v -5.44883 -10.2443 21.2218 0.658824 0.682353 0.666667
v -4.38626 -10.365 21.3466 0.662745 0.662745 0.662745
v -3.39531 -10.4604 21.4372 0.639216 0.678431 0.643137
v -2.39718 -10.4964 21.5344 0.619608 0.615686 0.6
v -1.39436 -10.5743 21.5503 0.619608 0.666667 0.619608
v -0.33926 -10.5684 21.5962 0.654902 0.694118 0.662745
v 0.678519 -10.5684 21.5909 0.627451 0.662745 0.65098
v 1.39437 -10.5743 21.5503 0.6 0.635294 0.623529
v 2.39718 -10.4964 21.5344 0.647059 0.698039 0.658824
v 3.39531 -10.4604 21.4372 0.631373 0.67451 0.643137
v 4.38626 -10.365 21.3466 0.639216 0.666667 0.639216
v 5.44883 -10.2443 21.2218 0.541176 0.584314 0.568627
v 6.27755 -10.1237 21.1097 0.631373 0.654902 0.639216
v -9.13059 -9.11008 21.0995 0.666667 0.690196 0.690196
v -8.40967 -9.26312 21.2404 0.658824 0.694118 0.682353
v -7.46731 -9.34213 21.5074 0.647059 0.662745 0.658824
v -6.53962 -9.6502 21.5008 0.678431 0.686275 0.67451
v -5.57676 -9.70422 21.72 0.658824 0.682353 0.666667
v -4.59673 -9.82267 21.8304 0.623529 0.67451 0.647059
v -3.47444 -9.92927 21.9368 0.639216 0.678431 0.643137
v -2.77723 -9.98328 21.9841 0.619608 0.615686 0.6
v 2.77723 -9.98328 21.9841 0.647059 0.698039 0.658824
v 3.47444 -9.92927 21.9368 0.631373 0.67451 0.643137
v 4.59673 -9.82267 21.8304 0.658824 0.682353 0.67451
v 5.57676 -9.70422 21.72 0.541176 0.584314 0.568627
v 6.53962 -9.65021 21.5008 0.631373 0.654902 0.639216
v 7.46731 -9.34213 21.5074 0.639216 0.647059 0.627451
v 8.40968 -9.26312 21.2404 0.580392 0.603922 0.588235
v 9.13059 -9.11008 21.0995 0.647059 0.666667 0.682353
v -11.5631 -8.04784 21.0332 0.643137 0.647059 0.627451
v -10.434 -8.27924 21.3673 0.631373 0.670588 0.666667
v -9.4894 -8.5834 21.4878 0.666667 0.690196 0.690196
v -8.60851 -8.69599 21.7426 0.658824 0.694118 0.682353
v -7.79108 -8.86303 21.8787 0.647059 0.662745 0.658824
v 7.79108 -8.86303 21.8787 0.639216 0.647059 0.627451
v 8.60851 -8.69599 21.7426 0.580392 0.603922 0.588235
v 9.4894 -8.5834 21.4878 0.647059 0.666667 0.682353
v 10.434 -8.27924 21.3673 0.647059 0.662745 0.67451
v 11.5631 -8.04784 21.0332 0.682353 0.694118 0.666667
v -13.3617 -7.06662 21.0546 0.831373 0.819608 0.792157
v -12.4948 -7.27147 21.3528 0.772549 0.760784 0.733333
v -11.5506 -7.55588 21.5698 0.784314 0.756863 0.733333
v -10.5662 -7.87713 21.7289 0.682353 0.670588 0.65098
v 10.5662 -7.87713 21.7289 0.694118 0.67451 0.65098
v 11.5506 -7.55588 21.5698 0.764706 0.745098 0.721569
v 12.4948 -7.27147 21.3529 0.792157 0.772549 0.756863
v 13.3617 -7.06662 21.0546 0.831373 0.827451 0.807843
v -13.3957 -6.49949 21.1082 0.866667 0.85098 0.847059
v -12.3849 -6.49949 21.7131 0.858824 0.843137 0.847059
v 12.3849 -6.49949 21.7131 0.85098 0.843137 0.854902
v 13.3957 -6.49949 21.1082 0.866667 0.858824 0.870588
v -13.3957 -5.50026 21.1082 0.996078 1 0.992157
v -12.3849 -5.50026 21.7131 0.984314 1 0.988235
v 12.3849 -5.50026 21.7131 0.807843 0.905882 0.992157
v 13.3957 -5.50026 21.1082 0.705882 0.792157 0.882353
v -12.3849 -4.50103 21.7131 0.690196 0.729412 0.694118
v 12.3849 -4.50103 21.7131 0.647059 0.647059 0.6
v -2.08129 -10.0283 22.0178 0.635294 0.654902 0.631373
v -1.38705 -10.0553 22.0466 0.619608 0.666667 0.619608
v -0.346665 -10.0733 22.0676 0.654902 0.694118 0.662745
v 0.69333 -10.0733 22.0622 0.627451 0.662745 0.65098
v 1.38705 -10.0553 22.0466 0.6 0.635294 0.623529
v 2.08129 -10.0283 22.0178 0.639216 0.666667 0.639216
v -6.4189 -9.09208 22.094 0.678431 0.686275 0.67451
v -5.47706 -9.16515 22.2719 0.658824 0.682353 0.666667
v -4.50542 -9.37157 22.288 0.662745 0.662745 0.662745
v -3.54955 -9.42515 22.411 0.639216 0.678431 0.643137
v -2.47671 -9.48833 22.4914 0.635294 0.654902 0.631373
v -1.41882 -9.52417 22.5514 0.619608 0.666667 0.619608
v -0.358121 -9.54663 22.569 0.654902 0.694118 0.662745
v 0.709219 -9.54218 22.5677 0.627451 0.662745 0.65098
v 1.41882 -9.52418 22.5514 0.6 0.635294 0.623529
v 2.47671 -9.48833 22.4914 0.639216 0.666667 0.639216
v 3.54955 -9.42515 22.411 0.631373 0.67451 0.643137
v 4.50542 -9.37157 22.288 0.639216 0.666667 0.639216
v 5.47706 -9.16515 22.2719 0.541176 0.584314 0.568627
v 6.4189 -9.09208 22.094 0.631373 0.654902 0.639216
v -9.53577 -8.03884 22.0359 0.666667 0.690196 0.690196
v -8.40456 -8.21524 22.3091 0.647059 0.662745 0.658824
v -7.42971 -8.50063 22.3672 0.611765 0.678431 0.639216
v -6.5648 -8.54295 22.5962 0.678431 0.686275 0.67451
v -5.52041 -8.69211 22.7248 0.658824 0.682353 0.666667
v -4.35777 -8.83102 22.8442 0.662745 0.662745 0.662745
v -3.62868 -8.89403 22.9106 0.639216 0.678431 0.643137
v -2.9008 -8.94805 22.9622 0.619608 0.615686 0.6
v 2.9008 -8.94805 22.9622 0.647059 0.698039 0.658824
v 3.62868 -8.89403 22.9106 0.631373 0.67451 0.643137
v 4.35777 -8.83102 22.8442 0.639216 0.666667 0.639216
v 5.52041 -8.69211 22.7248 0.541176 0.584314 0.568627
v 6.5648 -8.54295 22.5962 0.631373 0.654902 0.639216
v 7.42971 -8.50063 22.3672 0.65098 0.678431 0.65098
v 8.40456 -8.21524 22.3091 0.639216 0.647059 0.627451
v 9.53577 -8.03884 22.0359 0.647059 0.666667 0.682353
v -11.282 -7.15664 22.1422 0.831373 0.815686 0.803922
v -10.5007 -7.35468 22.315 0.788235 0.760784 0.737255
v -9.5875 -7.48271 22.5877 0.780392 0.764706 0.729412
v -8.57711 -7.79119 22.6755 0.72549 0.698039 0.666667
v -7.45149 -7.93081 22.9333 0.666667 0.666667 0.666667
v 7.45148 -7.93081 22.9333 0.670588 0.682353 0.654902
v 8.57711 -7.79119 22.6756 0.721569 0.701961 0.678431
v 9.5875 -7.48271 22.5877 0.752941 0.741176 0.713726
v 10.5007 -7.35468 22.315 0.8 0.772549 0.74902
v 11.282 -7.15664 22.1422 0.815686 0.811765 0.792157
v -11.3498 -6.49949 22.2752 0.854902 0.854902 0.862745
v -10.6445 -6.49949 22.6207 0.854902 0.847059 0.858824
v -9.9287 -6.49949 22.9439 0.862745 0.847059 0.85098
v 9.9287 -6.49949 22.9439 0.858824 0.858824 0.866667
v 10.6445 -6.49949 22.6207 0.862745 0.854902 0.858824
v 11.3498 -6.49949 22.2752 0.858824 0.843137 0.847059
v -11.3498 -5.50026 22.2752 0.772549 0.862745 0.933333
v -10.6445 -5.50026 22.6207 0.623529 0.733333 0.827451
v -9.9287 -5.50026 22.9439 0.576471 0.670588 0.803922
v 9.9287 -5.50026 22.9439 0.760784 0.858824 0.945098
v 10.6445 -5.50026 22.6207 0.796078 0.878431 0.952941
v 11.3498 -5.50026 22.2752 0.8 0.901961 0.968627
v -11.3498 -4.50103 22.2752 0.682353 0.721569 0.690196
v -10.6445 -4.50103 22.6207 0.654902 0.698039 0.682353
v -9.9287 -4.50103 22.9439 0.705882 0.713726 0.670588
v 9.9287 -4.50103 22.9439 0.639216 0.647059 0.596078
v 10.6445 -4.50103 22.6207 0.65098 0.65098 0.603922
v 11.3498 -4.50103 22.2752 0.666667 0.670588 0.607843
v -9.9287 -3.9339 22.9439 0.705882 0.713726 0.670588
v -1.44896 -9.02006 23.0306 0.619608 0.666667 0.619608
v -0.329227 -9.04298 23.0491 0.596078 0.647059 0.619608
v 0.724299 -9.03807 23.0476 0.627451 0.662745 0.65098
v 1.44896 -9.02006 23.0306 0.6 0.635294 0.623529
v -6.69636 -8.04784 23.049 0.678431 0.686275 0.67451
v -5.47644 -8.21748 23.2001 0.623529 0.67451 0.647059
v -4.44613 -8.33591 23.3074 0.662745 0.662745 0.662745
v -3.61901 -8.35787 23.4277 0.639216 0.678431 0.643137
v -2.54512 -8.50194 23.4289 0.635294 0.654902 0.631373
v -1.48018 -8.49794 23.5269 0.619608 0.666667 0.619608
v -0.373483 -8.5204 23.5461 0.654902 0.694118 0.662745
v 0.739919 -8.51595 23.5446 0.627451 0.662745 0.65098
v 1.48018 -8.49794 23.5269 0.6 0.635294 0.623529
v 2.54512 -8.50194 23.4289 0.639216 0.666667 0.639216
v 3.61901 -8.35787 23.4277 0.631373 0.67451 0.643137
v 4.44613 -8.33591 23.3074 0.639216 0.666667 0.639216
v 5.47644 -8.21748 23.2001 0.658824 0.682353 0.67451
v 6.69636 -8.04784 23.049 0.631373 0.654902 0.639216
v -9.15451 -7.13863 23.1217 0.827451 0.823529 0.807843
v -8.37436 -7.29167 23.2607 0.796078 0.776471 0.760784
v -7.59985 -7.4267 23.3899 0.772549 0.752941 0.741176
v -6.53023 -7.53346 23.6023 0.784314 0.745098 0.737255
v -5.39769 -7.74761 23.6792 0.729412 0.717647 0.698039
v -4.54252 -7.79578 23.8127 0.729412 0.694118 0.658824
v -3.49722 -7.88805 23.8969 0.701961 0.686275 0.67451
v -2.26605 -7.96682 23.9724 0.67451 0.686275 0.65098
v 2.26605 -7.96682 23.9724 0.678431 0.682353 0.662745
v 3.49722 -7.88805 23.8969 0.709804 0.698039 0.662745
v 4.54252 -7.79578 23.8127 0.721569 0.713726 0.666667
v 5.39769 -7.74761 23.6792 0.729412 0.709804 0.694118
v 6.53023 -7.53346 23.6023 0.8 0.784314 0.741176
v 7.59985 -7.4267 23.3899 0.764706 0.745098 0.721569
v 8.37436 -7.29167 23.2607 0.8 0.780392 0.756863
v 9.15451 -7.13863 23.1217 0.835294 0.823529 0.803922
v -9.20312 -6.49949 23.2444 0.866667 0.85098 0.854902
v -8.46845 -6.49949 23.522 0.866667 0.85098 0.854902
v -7.72543 -6.49948 23.7764 0.85098 0.843137 0.854902
v 7.72543 -6.49949 23.7764 0.858824 0.85098 0.854902
v 8.46845 -6.49949 23.522 0.87451 0.866667 0.870588
v 9.20312 -6.49948 23.2444 0.858824 0.85098 0.854902
v -9.20312 -5.50026 23.2444 0.854902 0.945098 1
v -8.46845 -5.50026 23.522 0.470588 0.560784 0.686275
v -7.72543 -5.50026 23.7764 0.490196 0.592157 0.737255
v 7.72543 -5.50026 23.7764 0.811765 0.894118 0.960784
v 8.46845 -5.50026 23.522 0.682353 0.780392 0.866667
v 9.20312 -5.50026 23.2444 0.588235 0.682353 0.776471
v -9.20312 -4.50103 23.2444 0.686275 0.705882 0.678431
v -8.46845 -4.50103 23.522 0.678431 0.690196 0.647059
v -7.72543 -4.50103 23.7764 0.67451 0.701961 0.670588
v 7.72543 -4.50103 23.7764 0.658824 0.670588 0.603922
v 8.46845 -4.50103 23.522 0.678431 0.654902 0.6
v 9.20312 -4.50103 23.2444 0.65098 0.658824 0.603922
v -9.20311 -3.91589 23.2444 0.686275 0.705882 0.678431
v -8.46845 -3.99691 23.522 0.678431 0.690196 0.647059
v -7.72543 -3.97891 23.7764 0.67451 0.701961 0.670588
v -0.301892 -8.02624 24.0179 0.596078 0.647059 0.619608
v 0.75473 -8.02083 24.0159 0.627451 0.662745 0.65098
v -6.24674 -7.10391 24.1039 0.858824 0.843137 0.831373
v -5.40982 -7.21065 24.2021 0.819608 0.807843 0.788235
v -4.63248 -7.29167 24.2843 0.796078 0.776471 0.752941
v -3.44372 -7.39253 24.3811 0.788235 0.760784 0.737255
v -2.31123 -7.46271 24.4503 0.729412 0.709804 0.694118
v -1.53994 -7.49871 24.4766 0.733333 0.717647 0.682353
v -0.385175 -7.49871 24.519 0.745098 0.733333 0.698039
v 0.770349 -7.49871 24.5129 0.74902 0.721569 0.698039
v 1.53994 -7.49871 24.4766 0.74902 0.713726 0.686275
v 2.31124 -7.46271 24.4503 0.74902 0.713726 0.686275
v 3.44371 -7.39253 24.3811 0.764706 0.745098 0.721569
v 4.63248 -7.29167 24.2843 0.792157 0.780392 0.760784
v 5.40982 -7.21065 24.2021 0.815686 0.803922 0.784314
v 6.24674 -7.10391 24.1039 0.862745 0.85098 0.831373
v -6.60662 -6.49999 24.1081 0.87451 0.858824 0.862745
v -5.45358 -6.49948 24.3979 0.862745 0.854902 0.858824
v -4.68454 -6.49948 24.5572 0.870588 0.854902 0.858824
v -3.5221 -6.49949 24.7476 0.862745 0.854902 0.858824
v -2.35271 -6.49949 24.889 0.858824 0.85098 0.854902
v -1.56976 -6.49949 24.9507 0.866667 0.866667 0.866667
v -0.785267 -6.49949 24.9877 0.858824 0.858824 0.866667
v 0.785268 -6.49949 24.9877 0.85098 0.843137 0.854902
v 1.56976 -6.49948 24.9507 0.870588 0.854902 0.85098
v 2.35271 -6.49949 24.889 0.847059 0.847059 0.847059
v 3.5221 -6.49949 24.7475 0.854902 0.85098 0.843137
v 4.68454 -6.49948 24.5572 0.858824 0.85098 0.862745
v 5.45358 -6.49948 24.3979 0.866667 0.858824 0.870588
v 6.59601 -6.49949 24.111 0.862745 0.847059 0.85098
v -6.59601 -5.50026 24.111 0.819608 0.901961 0.984314
v -5.45358 -5.50026 24.3979 0.686275 0.796078 0.882353
v -4.68454 -5.50026 24.5572 0.607843 0.694118 0.788235
v -3.5221 -5.50026 24.7475 0.717647 0.823529 0.905882
v -2.35271 -5.50026 24.889 0.784314 0.87451 0.937255
v -1.56976 -5.50026 24.9507 0.654902 0.760784 0.835294
v -0.785267 -5.50026 24.9877 0.568627 0.690196 0.8
v 0.785268 -5.50026 24.9877 0.741176 0.831373 0.901961
v 1.56976 -5.50026 24.9507 0.431373 0.52549 0.635294
v 2.35271 -5.50026 24.889 0.654902 0.764706 0.858824
v 3.5221 -5.50025 24.7475 0.6 0.709804 0.796078
v 4.68454 -5.50026 24.5572 0.517647 0.615686 0.733333
v 5.45358 -5.50026 24.3979 0.545098 0.662745 0.772549
v 6.59601 -5.50025 24.111 0.588235 0.698039 0.784314
v -6.62976 -4.53793 24.1017 0.670588 0.678431 0.635294
v -5.45358 -4.50103 24.3979 0.686275 0.701961 0.647059
v -4.68454 -4.50103 24.5572 0.686275 0.686275 0.654902
v -3.52209 -4.50103 24.7475 0.709804 0.717647 0.662745
v -2.35271 -4.50103 24.889 0.658824 0.682353 0.627451
v -1.56976 -4.50103 24.9507 0.670588 0.694118 0.647059
v -0.785267 -4.50103 24.9877 0.662745 0.698039 0.631373
v 0.785268 -4.50103 24.9877 0.678431 0.670588 0.623529
v 1.56976 -4.50103 24.9507 0.690196 0.686275 0.615686
v 2.35271 -4.50103 24.889 0.690196 0.682353 0.623529
v 3.5221 -4.50103 24.7475 0.682353 0.698039 0.639216
v 4.68454 -4.50103 24.5572 0.658824 0.635294 0.643137
v 5.45358 -4.50103 24.3979 0.670588 0.662745 0.615686
v 6.59601 -4.50103 24.111 0.662745 0.678431 0.588235
v -1.09278e-06 -6.49948 25 0.858824 0.85098 0.854902
v -1.09278e-06 -5.50026 25 0.607843 0.709804 0.807843
v -1.09278e-06 -4.50103 25 0.670588 0.682353 0.639216
vt 0.245 0.618454
vt 0.252 0.617955
vt 0.209642 0.703123
vt 0.215 0.693267
vt 0.22 0.685786
vt 0.227668 0.676471
vt 0.235 0.669992
vt 0.24 0.666667
vt 0.245 0.666667
vt 0.2525 0.666667
vt 0.26 0.666667
vt 0.265 0.669992
vt 0.272332 0.676471
vt 0.28 0.685786
vt 0.285 0.693267
vt 0.290359 0.703123
vt 0.2075 0.758936
vt 0.215 0.758936
vt 0.22 0.758936
vt 0.2275 0.758936
vt 0.235 0.758936
vt 0.24 0.758936
vt 0.245 0.758936
vt 0.2525 0.758936
vt 0.26 0.758936
vt 0.265 0.758936
vt 0.2725 0.758936
vt 0.28 0.758936
vt 0.285 0.758936
vt 0.2925 0.758936
vt 0.2075 0.851205
vt 0.215 0.851205
vt 0.22 0.851205
vt 0.2275 0.851206
vt 0.235 0.851205
vt 0.24 0.851205
vt 0.245 0.851205
vt 0.2525 0.851205
vt 0.26 0.851205
vt 0.265 0.851205
vt 0.2725 0.851206
vt 0.28 0.851205
vt 0.285 0.851205
vt 0.2925 0.851205
vt 0.2075 0.943475
vt 0.215 0.943475
vt 0.22 0.943475
vt 0.2275 0.943475
vt 0.235 0.943475
vt 0.24 0.943475
vt 0.245 0.943475
vt 0.2525 0.943475
vt 0.2725 0.943475
vt 0.28 0.943475
vt 0.285 0.943475
vt 0.2925 0.943475
vt 0.24 0.526185
vt 0.245 0.524522
vt 0.252273 0.524069
vt 0.26 0.526185
vt 0.205 0.61596
vt 0.213106 0.600295
vt 0.22 0.58936
vt 0.225607 0.587332
vt 0.232778 0.574028
vt 0.24 0.574397
vt 0.245 0.572735
vt 0.252524 0.572323
vt 0.26 0.574397
vt 0.267222 0.574028
vt 0.274393 0.587332
vt 0.28 0.58936
vt 0.286894 0.600296
vt 0.295 0.61596
vt 0.19 0.699917
vt 0.195 0.685785
vt 0.2 0.673317
vt 0.20704 0.663458
vt 0.21433 0.643684
vt 0.22 0.639235
vt 0.226872 0.630715
vt 0.235 0.623441
vt 0.265 0.623441
vt 0.273128 0.630715
vt 0.28 0.639235
vt 0.28567 0.643684
vt 0.29296 0.663458
vt 0.3 0.673317
vt 0.305 0.685786
vt 0.31 0.699917
vt 0.19 0.758936
vt 0.195 0.758936
vt 0.2 0.758936
vt 0.3 0.758936
vt 0.305 0.758936
vt 0.31 0.758936
vt 0.19 0.851206
vt 0.195 0.851205
vt 0.2 0.851205
vt 0.3 0.851205
vt 0.305 0.851205
vt 0.31 0.851206
vt 0.19 0.943475
vt 0.195 0.943475
vt 0.2 0.943475
vt 0.3 0.943475
vt 0.305 0.943475
vt 0.31 0.943475
vt 0.235 0.433084
vt 0.24 0.43059
vt 0.245 0.428928
vt 0.2525 0.428928
vt 0.26 0.43059
vt 0.265 0.433084
vt 0.205 0.519535
vt 0.211622 0.512787
vt 0.218255 0.493726
vt 0.225 0.488778
vt 0.232545 0.482944
vt 0.24 0.479634
vt 0.245 0.477972
vt 0.252525 0.477561
vt 0.26 0.479634
vt 0.267455 0.482944
vt 0.275 0.488778
vt 0.281745 0.493726
vt 0.288378 0.512787
vt 0.295 0.519535
vt 0.185 0.616791
vt 0.192658 0.600502
vt 0.198959 0.574149
vt 0.205 0.570241
vt 0.212072 0.556468
vt 0.22 0.543641
vt 0.225 0.537822
vt 0.23 0.532835
vt 0.27 0.532835
vt 0.275 0.537822
vt 0.28 0.543641
vt 0.287928 0.556468
vt 0.295 0.570241
vt 0.301041 0.574149
vt 0.307342 0.600502
vt 0.315 0.616791
vt 0.175 0.698254
vt 0.18 0.679967
vt 0.186113 0.668145
vt 0.192446 0.63966
vt 0.2 0.626766
vt 0.3 0.626766
vt 0.307554 0.63966
vt 0.313887 0.668145
vt 0.32 0.679967
vt 0.325 0.698254
vt 0.175 0.758936
vt 0.18 0.758936
vt 0.185 0.758936
vt 0.315 0.758936
vt 0.32 0.758936
vt 0.325 0.758936
vt 0.175 0.851205
vt 0.18 0.851205
vt 0.185 0.851206
vt 0.315 0.851205
vt 0.32 0.851206
vt 0.325 0.851205
vt 0.175 0.943475
vt 0.18 0.943475
vt 0.185 0.943475
vt 0.315 0.943475
vt 0.32 0.943475
vt 0.325 0.943475
vt 0.23 0.342477
vt 0.237999 0.337656
vt 0.245 0.334996
vt 0.252392 0.334562
vt 0.262001 0.337656
vt 0.27 0.342477
vt 0.203996 0.424273
vt 0.21 0.413134
vt 0.217746 0.401995
vt 0.225 0.393184
vt 0.232356 0.389858
vt 0.239717 0.382665
vt 0.245 0.383209
vt 0.2525 0.383208
vt 0.260283 0.382665
vt 0.267644 0.389859
vt 0.275 0.393184
vt 0.282254 0.401995
vt 0.29 0.413134
vt 0.296004 0.424273
vt 0.185 0.517872
vt 0.19 0.503741
vt 0.196814 0.496444
vt 0.203007 0.467997
vt 0.21 0.463009
vt 0.21697 0.452072
vt 0.225 0.442228
vt 0.23 0.43724
vt 0.27 0.43724
vt 0.275 0.442228
vt 0.28303 0.452071
vt 0.29 0.463009
vt 0.296993 0.467996
vt 0.303186 0.496444
vt 0.31 0.503741
vt 0.315 0.517872
vt 0.17 0.61596
vt 0.177703 0.594593
vt 0.183814 0.566507
vt 0.19 0.55611
vt 0.195553 0.540685
vt 0.304447 0.540685
vt 0.31 0.55611
vt 0.316186 0.566507
vt 0.322297 0.594593
vt 0.33 0.61596
vt 0.16 0.706567
vt 0.165738 0.687651
vt 0.171753 0.661388
vt 0.177965 0.631723
vt 0.322035 0.631723
vt 0.328247 0.661388
vt 0.334262 0.687651
vt 0.34 0.706567
vt 0.16 0.758936
vt 0.1675 0.758936
vt 0.3325 0.758936
vt 0.34 0.758936
vt 0.16 0.851205
vt 0.1675 0.851205
vt 0.3325 0.851205
vt 0.34 0.851205
vt 0.1675 0.943475
vt 0.3325 0.943475
vt 0.23 0.246883
vt 0.237856 0.242133
vt 0.245 0.240233
vt 0.252408 0.239802
vt 0.262144 0.242133
vt 0.27 0.246883
vt 0.2 0.335827
vt 0.207958 0.320926
vt 0.215 0.310058
vt 0.222641 0.300771
vt 0.23 0.295927
vt 0.237421 0.291393
vt 0.245 0.288445
vt 0.252529 0.288035
vt 0.262579 0.291394
vt 0.27 0.295927
vt 0.277359 0.30077
vt 0.285 0.310058
vt 0.292042 0.320926
vt 0.3 0.335827
vt 0.18 0.433915
vt 0.187725 0.417139
vt 0.194003 0.390856
vt 0.201461 0.387989
vt 0.208048 0.364162
vt 0.215476 0.360013
vt 0.221536 0.350342
vt 0.278464 0.350342
vt 0.284524 0.360013
vt 0.291952 0.364162
vt 0.298539 0.387989
vt 0.305997 0.390856
vt 0.312275 0.417139
vt 0.32 0.433915
vt 0.17 0.515378
vt 0.175 0.497091
vt 0.180947 0.48479
vt 0.18732 0.458972
vt 0.195 0.44389
vt 0.305 0.44389
vt 0.31268 0.458972
vt 0.319053 0.48479
vt 0.325 0.497091
vt 0.33 0.515378
vt 0.16281 0.599854
vt 0.168577 0.566916
vt 0.175 0.551122
vt 0.18 0.533666
vt 0.32 0.533666
vt 0.325 0.551122
vt 0.331423 0.566916
vt 0.33719 0.599855
vt 0.151308 0.701471
vt 0.157274 0.669463
vt 0.163092 0.63503
vt 0.336908 0.63503
vt 0.342726 0.669463
vt 0.348692 0.701471
vt 0.1525 0.758936
vt 0.3475 0.758936
vt 0.1525 0.851206
vt 0.3475 0.851206
vt 0.225 0.156276
vt 0.23 0.15212
vt 0.237798 0.147398
vt 0.245 0.144638
vt 0.2525 0.144638
vt 0.262202 0.147398
vt 0.27 0.15212
vt 0.275 0.156276
vt 0.199163 0.240233
vt 0.206183 0.232947
vt 0.213082 0.213951
vt 0.22259 0.20609
vt 0.23 0.200332
vt 0.237416 0.195802
vt 0.245 0.193682
vt 0.25253 0.193272
vt 0.262584 0.195802
vt 0.27 0.200332
vt 0.27741 0.20609
vt 0.286918 0.213951
vt 0.293817 0.232947
vt 0.300837 0.240233
vt 0.18 0.340815
vt 0.183915 0.32237
vt 0.192046 0.31148
vt 0.198249 0.283131
vt 0.207064 0.275862
vt 0.215 0.263508
vt 0.220624 0.256234
vt 0.279376 0.256234
vt 0.285 0.263508
vt 0.292936 0.275862
vt 0.301751 0.28313
vt 0.307954 0.31148
vt 0.316085 0.32237
vt 0.32 0.340815
vt 0.165 0.432253
vt 0.171036 0.416557
vt 0.177818 0.388921
vt 0.185 0.373234
vt 0.19071 0.357321
vt 0.309289 0.357321
vt 0.315 0.373234
vt 0.322182 0.388921
vt 0.328964 0.416557
vt 0.335 0.432253
vt 0.159062 0.50376
vt 0.165 0.482128
vt 0.171543 0.463153
vt 0.328457 0.463152
vt 0.335 0.482128
vt 0.340938 0.50376
vt 0.15 0.60931
vt 0.153628 0.577654
vt 0.159725 0.555463
vt 0.165 0.535328
vt 0.335 0.535328
vt 0.340275 0.555463
vt 0.346372 0.577654
vt 0.35 0.60931
vt 0.143035 0.691034
vt 0.148053 0.64799
vt 0.155 0.626766
vt 0.345 0.626766
vt 0.351947 0.64799
vt 0.356965 0.691034
vt 0.1425 0.758936
vt 0.3575 0.758936
vt 0.1425 0.851205
vt 0.3575 0.851206
vt 0.22 0.0656692
vt 0.225 0.0615129
vt 0.237741 0.0527444
vt 0.245 0.0507066
vt 0.252436 0.0502802
vt 0.262345 0.0531484
vt 0.271767 0.0588235
vt 0.28 0.0656692
vt 0.195 0.150457
vt 0.202975 0.135526
vt 0.212671 0.12202
vt 0.220391 0.120372
vt 0.22747 0.1125
vt 0.237428 0.10714
vt 0.245 0.103907
vt 0.2525 0.0989198
vt 0.26259 0.101873
vt 0.272526 0.10682
vt 0.279654 0.114868
vt 0.287252 0.120569
vt 0.297025 0.135526
vt 0.305 0.150457
vt 0.175 0.249377
vt 0.181159 0.2371
vt 0.188144 0.211416
vt 0.196916 0.200719
vt 0.203955 0.179026
vt 0.21177 0.171909
vt 0.22 0.161264
vt 0.28 0.161263
vt 0.28823 0.171909
vt 0.296045 0.179026
vt 0.303083 0.200719
vt 0.311856 0.211416
vt 0.318841 0.2371
vt 0.325 0.249377
vt 0.168019 0.325485
vt 0.17412 0.296416
vt 0.181893 0.28224
vt 0.19 0.260183
vt 0.31 0.260183
vt 0.318107 0.28224
vt 0.32588 0.296416
vt 0.331981 0.325485
vt 0.155 0.41729
vt 0.161806 0.399568
vt 0.167694 0.36588
vt 0.175 0.349959
vt 0.325 0.349958
vt 0.332306 0.36588
vt 0.338194 0.399568
vt 0.345 0.41729
vt 0.145 0.51621
vt 0.149628 0.488101
vt 0.155553 0.47437
vt 0.16 0.448047
vt 0.34 0.448047
vt 0.344447 0.47437
vt 0.350372 0.488101
vt 0.355 0.51621
vt 0.139541 0.597219
vt 0.144234 0.572479
vt 0.15 0.546966
vt 0.35 0.546966
vt 0.355766 0.572479
vt 0.360459 0.597219
vt 0.13 0.704904
vt 0.134269 0.676445
vt 0.139008 0.645553
vt 0.360992 0.645553
vt 0.365731 0.676445
vt 0.37 0.704904
vt 0.13 0.758936
vt 0.135 0.758936
vt 0.365 0.758936
vt 0.37 0.758936
vt 0.13 0.851206
vt 0.135 0.851205
vt 0.365 0.851205
vt 0.37 0.851206
vt 0.13 0.943475
vt 0.135 0.943475
vt 0.365 0.943475
vt 0.37 0.943475
vt 0.193112 0.0515378
vt 0.202355 0.0452298
vt 0.208886 0.0261125
vt 0.217469 0.0311772
vt 0.22684 0.0256817
vt 0.237213 0.0181917
vt 0.245 0.0141314
vt 0.252552 0.0137246
vt 0.262597 0.0183197
vt 0.272723 0.0242538
vt 0.28259 0.0311569
vt 0.291153 0.0272828
vt 0.297645 0.04523
vt 0.305793 0.0549066
vt 0.178529 0.137968
vt 0.186284 0.127492
vt 0.192318 0.109534
vt 0.202541 0.0949928
vt 0.211424 0.0768318
vt 0.288576 0.0768316
vt 0.297937 0.0913234
vt 0.307322 0.102418
vt 0.313716 0.127492
vt 0.321471 0.137968
vt 0.164111 0.230991
vt 0.17156 0.216232
vt 0.177649 0.186299
vt 0.185995 0.17207
vt 0.314005 0.17207
vt 0.322351 0.186298
vt 0.32844 0.216232
vt 0.335889 0.230991
vt 0.15 0.334996
vt 0.157532 0.312131
vt 0.163492 0.277906
vt 0.17 0.266002
vt 0.33 0.266002
vt 0.336508 0.277907
vt 0.342468 0.312131
vt 0.35 0.334996
vt 0.14 0.431421
vt 0.145133 0.405609
vt 0.151533 0.385958
vt 0.157186 0.350894
vt 0.342814 0.350894
vt 0.348467 0.385958
vt 0.354867 0.405609
vt 0.36 0.431421
vt 0.135 0.508728
vt 0.139827 0.4823
vt 0.14569 0.462739
vt 0.35431 0.462739
vt 0.360173 0.4823
vt 0.365 0.508728
vt 0.13 0.587697
vt 0.134729 0.570861
vt 0.14 0.541147
vt 0.36 0.541147
vt 0.365271 0.570861
vt 0.37 0.587697
vt 0.12 0.704904
vt 0.125 0.666667
vt 0.13 0.651704
vt 0.37 0.651704
vt 0.375 0.666667
vt 0.38 0.704904
vt 0.12 0.758936
vt 0.125 0.758936
vt 0.375 0.758936
vt 0.38 0.758936
vt 0.12 0.851206
vt 0.125 0.851205
vt 0.375 0.851205
vt 0.38 0.851205
vt 0.12 0.943475
vt 0.125 0.943475
vt 0.375 0.943475
vt 0.38 0.943475
vt 0.174225 0.050515
vt 0.185 0.016625
vt 0.191351 0.025136
vt 0.198813 0.00692693
vt 0.205 0
vt 0.295 0.000831225
vt 0.301517 0.00603591
vt 0.308525 0.0261236
vt 0.317407 0.0336188
vt 0.325775 0.0505147
vt 0.16 0.142145
vt 0.167336 0.126627
vt 0.173483 0.101566
vt 0.18 0.0972569
vt 0.318521 0.0844061
vt 0.326576 0.0961755
vt 0.332664 0.126628
vt 0.34 0.142145
vt 0.152948 0.222701
vt 0.159582 0.194941
vt 0.166244 0.172485
vt 0.333756 0.172486
vt 0.340418 0.194942
vt 0.347052 0.222701
vt 0.14 0.323358
vt 0.146943 0.297774
vt 0.153218 0.263627
vt 0.346782 0.263627
vt 0.353057 0.297774
vt 0.36 0.323358
vt 0.13 0.426434
vt 0.135486 0.399067
vt 0.141361 0.37562
vt 0.145 0.344971
vt 0.355 0.344971
vt 0.358639 0.37562
vt 0.364514 0.399067
vt 0.37 0.426434
vt 0.125 0.505403
vt 0.13 0.482128
vt 0.135 0.460515
vt 0.365 0.460516
vt 0.37 0.482128
vt 0.375 0.505403
vt 0.12 0.587698
vt 0.125 0.574397
vt 0.13 0.539485
vt 0.37 0.539485
vt 0.375 0.574397
vt 0.38 0.587697
vt 0.115731 0.676445
vt 0.12 0.651704
vt 0.38 0.651704
vt 0.384269 0.676445
vt 0.115 0.758936
vt 0.385 0.758936
vt 0.115 0.851205
vt 0.385 0.851205
vt 0.115 0.943475
vt 0.385 0.943475
vt 0.155 0.0473815
vt 0.162673 0.0368439
vt 0.171093 0.0207556
vt 0.328907 0.0207818
vt 0.336426 0.0403234
vt 0.345 0.0565254
vt 0.148292 0.135029
vt 0.155485 0.114543
vt 0.161996 0.0879469
vt 0.337796 0.0808278
vt 0.344567 0.110091
vt 0.351708 0.135029
vt 0.135 0.239402
vt 0.142293 0.216297
vt 0.148091 0.178543
vt 0.155 0.161264
vt 0.345 0.161264
vt 0.351909 0.178543
vt 0.357707 0.216297
vt 0.365 0.239402
vt 0.130267 0.315702
vt 0.136441 0.292558
vt 0.140498 0.257855
vt 0.359502 0.257855
vt 0.363559 0.292558
vt 0.369733 0.315702
vt 0.12 0.426434
vt 0.125 0.39241
vt 0.130791 0.37453
vt 0.369209 0.37453
vt 0.375 0.39241
vt 0.38 0.426434
vt 0.115 0.508728
vt 0.12 0.482128
vt 0.125 0.458853
vt 0.375 0.458853
vt 0.38 0.482128
vt 0.385 0.508728
vt 0.110459 0.597219
vt 0.115271 0.570861
vt 0.12 0.539485
vt 0.38 0.539485
vt 0.384729 0.570861
vt 0.389541 0.597219
vt 0.106965 0.691034
vt 0.110992 0.645553
vt 0.389008 0.645553
vt 0.393035 0.691034
vt 0.1075 0.758936
vt 0.3925 0.758936
vt 0.1075 0.851206
vt 0.3925 0.851206
vt 0.143478 0.0506562
vt 0.150574 0.0238112
vt 0.157222 0.00498753
vt 0.345 0.00581884
vt 0.348438 0.0299248
vt 0.356506 0.0520362
vt 0.13 0.154614
vt 0.137102 0.131499
vt 0.142986 0.100262
vt 0.15 0.0839567
vt 0.35 0.0764755
vt 0.357159 0.0948499
vt 0.362898 0.131499
vt 0.37 0.154614
vt 0.125 0.229427
vt 0.131319 0.206238
vt 0.136661 0.173178
vt 0.363339 0.173178
vt 0.368681 0.206239
vt 0.375 0.229427
vt 0.119733 0.315702
vt 0.125 0.293156
vt 0.13 0.261014
vt 0.37 0.261014
vt 0.375 0.293156
vt 0.380267 0.315702
vt 0.11 0.431421
vt 0.114514 0.399066
vt 0.119209 0.37453
vt 0.125 0.344971
vt 0.375 0.344971
vt 0.380791 0.37453
vt 0.385486 0.399067
vt 0.39 0.431421
vt 0.105 0.51621
vt 0.110173 0.4823
vt 0.115 0.460516
vt 0.385 0.460516
vt 0.389827 0.4823
vt 0.395 0.51621
vt 0.1 0.60931
vt 0.105766 0.572479
vt 0.11 0.541147
vt 0.39 0.541147
vt 0.394234 0.572479
vt 0.4 0.60931
vt 0.0986921 0.701471
vt 0.101947 0.64799
vt 0.398053 0.647989
vt 0.401308 0.701471
vt 0.0975001 0.758936
vt 0.4025 0.758936
vt 0.0975 0.851206
vt 0.4025 0.851206
vt 0.132312 0.0420478
vt 0.137581 0.023275
vt 0.145 0.00249385
vt 0.362582 0.0208081
vt 0.366767 0.0588235
vt 0.12 0.154614
vt 0.125 0.127205
vt 0.131365 0.100665
vt 0.368343 0.0928234
vt 0.375 0.123303
vt 0.38 0.154614
vt 0.115 0.239402
vt 0.118681 0.206239
vt 0.125 0.182876
vt 0.375 0.182876
vt 0.381319 0.206238
vt 0.385 0.239402
vt 0.11 0.323358
vt 0.113559 0.292558
vt 0.12 0.261014
vt 0.38 0.261014
vt 0.386441 0.292558
vt 0.39 0.323358
vt 0.104867 0.405609
vt 0.108639 0.37562
vt 0.391361 0.37562
vt 0.395133 0.405609
vt 0.100372 0.488101
vt 0.10431 0.462739
vt 0.39569 0.462739
vt 0.399628 0.488101
vt 0.0963724 0.577654
vt 0.1 0.546966
vt 0.4 0.546966
vt 0.403628 0.577654
vt 0.09 0.706567
vt 0.092726 0.669463
vt 0.095 0.626766
vt 0.405 0.626766
vt 0.407274 0.669463
vt 0.41 0.706567
vt 0.09 0.758936
vt 0.41 0.758936
vt 0.09 0.851206
vt 0.41 0.851205
vt 0.12 0.0423937
vt 0.124589 0.0252703
vt 0.375 0.0315877
vt 0.3825 0.0581878
vt 0.112898 0.131499
vt 0.118758 0.100665
vt 0.375 0.0689941
vt 0.381657 0.0928232
vt 0.387102 0.131499
vt 0.107707 0.216296
vt 0.113339 0.173178
vt 0.386661 0.173178
vt 0.392293 0.216296
vt 0.1 0.334996
vt 0.103057 0.297774
vt 0.109502 0.257855
vt 0.390498 0.257855
vt 0.396943 0.297774
vt 0.4 0.334996
vt 0.0950001 0.41729
vt 0.0984667 0.385958
vt 0.105 0.344971
vt 0.395 0.344971
vt 0.401533 0.385958
vt 0.405 0.41729
vt 0.0909378 0.50376
vt 0.0944468 0.47437
vt 0.405553 0.47437
vt 0.409062 0.50376
vt 0.08719 0.599855
vt 0.0902746 0.555463
vt 0.409725 0.555463
vt 0.41281 0.599854
vt 0.084262 0.687651
vt 0.0869083 0.63503
vt 0.413092 0.63503
vt 0.415738 0.687651
vt 0.0824999 0.758936
vt 0.4175 0.758936
vt 0.0824999 0.851206
vt 0.4175 0.851206
vt 0.0825 0.943475
vt 0.4175 0.943475
vt 0.106522 0.0506559
vt 0.11246 0.022866
vt 0.3875 0.0193485
vt 0.39327 0.0519104
vt 0.101708 0.135029
vt 0.106975 0.102937
vt 0.392841 0.0948502
vt 0.398292 0.135029
vt 0.0970517 0.222701
vt 0.101909 0.178543
vt 0.398091 0.178543
vt 0.402948 0.222701
vt 0.0924681 0.312131
vt 0.0967818 0.263627
vt 0.403218 0.263627
vt 0.407532 0.312131
vt 0.085 0.432253
vt 0.0881942 0.399568
vt 0.0928136 0.350894
vt 0.407186 0.350894
vt 0.411806 0.399568
vt 0.415 0.432253
vt 0.0799999 0.515378
vt 0.085 0.482128
vt 0.09 0.448047
vt 0.41 0.448047
vt 0.415 0.482128
vt 0.42 0.515378
vt 0.08 0.61596
vt 0.0814232 0.566916
vt 0.085 0.535328
vt 0.415 0.535328
vt 0.418577 0.566916
vt 0.42 0.61596
vt 0.075 0.698254
vt 0.0782472 0.661388
vt 0.421753 0.661388
vt 0.425 0.698254
vt 0.0750001 0.758936
vt 0.425 0.758936
vt 0.0750001 0.851205
vt 0.425 0.851205
vt 0.0750001 0.943475
vt 0.425 0.943475
vt 0.0950001 0.0565253
vt 0.0994343 0.0278941
vt 0.105 0.000831401
vt 0.395 0.000831225
vt 0.400556 0.0215373
vt 0.405 0.0565254
vt 0.09 0.142145
vt 0.0945012 0.115427
vt 0.1 0.0856193
vt 0.4 0.0806318
vt 0.405433 0.110091
vt 0.41 0.142145
vt 0.0858891 0.230991
vt 0.090418 0.194941
vt 0.0950001 0.161263
vt 0.405 0.161264
vt 0.409582 0.194941
vt 0.414111 0.230991
vt 0.081981 0.325485
vt 0.086508 0.277907
vt 0.413492 0.277907
vt 0.418019 0.325484
vt 0.0789643 0.416557
vt 0.0823057 0.36588
vt 0.417694 0.36588
vt 0.421036 0.416557
vt 0.075 0.497091
vt 0.0784573 0.463152
vt 0.421543 0.463152
vt 0.425 0.497091
vt 0.0722973 0.594593
vt 0.075 0.551122
vt 0.425 0.551122
vt 0.427703 0.594593
vt 0.07 0.679967
vt 0.0720349 0.631723
vt 0.427965 0.631723
vt 0.43 0.679967
vt 0.0699999 0.758936
vt 0.43 0.758936
vt 0.0699999 0.851205
vt 0.43 0.851205
vt 0.0699999 0.943475
vt 0.43 0.943475
vt 0.0878019 0.0357724
vt 0.09 0.00415639
vt 0.407499 0.00415604
vt 0.412966 0.0364193
vt 0.0826638 0.126628
vt 0.088334 0.0879469
vt 0.412204 0.0808276
vt 0.417336 0.126628
vt 0.075 0.249377
vt 0.0784402 0.216232
vt 0.0837558 0.172486
vt 0.416244 0.172486
vt 0.42156 0.216232
vt 0.425 0.249377
vt 0.07 0.340815
vt 0.0758799 0.296416
vt 0.08 0.266002
vt 0.42 0.266002
vt 0.42412 0.296416
vt 0.43 0.340815
vt 0.07 0.433915
vt 0.0721818 0.388922
vt 0.075 0.349959
vt 0.425 0.349959
vt 0.427818 0.388921
vt 0.43 0.433915
vt 0.065 0.517872
vt 0.0690531 0.48479
vt 0.430947 0.48479
vt 0.435 0.517872
vt 0.065 0.616791
vt 0.0661863 0.566507
vt 0.07 0.533666
vt 0.43 0.533666
vt 0.433814 0.566507
vt 0.435 0.616791
vt 0.06 0.699917
vt 0.0638865 0.668144
vt 0.436113 0.668144
vt 0.44 0.699917
vt 0.06 0.758936
vt 0.065 0.758936
vt 0.435 0.758936
vt 0.44 0.758936
vt 0.06 0.851205
vt 0.065 0.851205
vt 0.435 0.851205
vt 0.44 0.851206
vt 0.06 0.943475
vt 0.065 0.943475
vt 0.435 0.943475
vt 0.44 0.943475
vt 0.065 1
vt 0.075 0.0349127
vt 0.075 0.0133004
vt 0.421784 0.0275501
vt 0.423941 0.052894
vt 0.0714713 0.137968
vt 0.0754255 0.110177
vt 0.423424 0.0961749
vt 0.428529 0.137968
vt 0.0688409 0.237099
vt 0.0723507 0.186299
vt 0.427649 0.1863
vt 0.431159 0.2371
vt 0.0660855 0.32237
vt 0.068107 0.28224
vt 0.431893 0.28224
vt 0.433914 0.32237
vt 0.0622746 0.417139
vt 0.065 0.373234
vt 0.435 0.373234
vt 0.437725 0.417139
vt 0.06 0.503741
vt 0.0626805 0.458972
vt 0.43732 0.458972
vt 0.44 0.503741
vt 0.0573417 0.600502
vt 0.06 0.55611
vt 0.44 0.55611
vt 0.442658 0.600502
vt 0.055 0.685786
vt 0.0575536 0.63966
vt 0.442446 0.63966
vt 0.445 0.685786
vt 0.055 0.758936
vt 0.445 0.758936
vt 0.055 0.851205
vt 0.445 0.851205
vt 0.055 0.943475
vt 0.445 0.943475
vt 0.07 0.0199503
vt 0.433545 0.0383334
vt 0.0637164 0.127492
vt 0.0690067 0.0934331
vt 0.431479 0.0844063
vt 0.436284 0.127492
vt 0.0618563 0.211416
vt 0.0640053 0.17207
vt 0.435995 0.17207
vt 0.438144 0.211416
vt 0.0579536 0.31148
vt 0.06 0.260183
vt 0.44 0.260183
vt 0.442046 0.31148
vt 0.0559971 0.390856
vt 0.0592895 0.357321
vt 0.440711 0.357321
vt 0.444003 0.390856
vt 0.0531858 0.496444
vt 0.055 0.44389
vt 0.445 0.44389
vt 0.446814 0.496444
vt 0.0510414 0.574149
vt 0.0544471 0.540685
vt 0.445553 0.540685
vt 0.448959 0.574149
vt 0.05 0.673317
vt 0.05 0.626766
vt 0.45 0.626766
vt 0.45 0.673317
vt 0.05 0.758936
vt 0.45 0.758936
vt 0.05 0.851206
vt 0.45 0.851205
vt 0.05 0.943475
vt 0.45 0.943475
vt 0.442323 0.0310334
vt 0.444163 0.055694
vt 0.055 0.150457
vt 0.0573829 0.110309
vt 0.442678 0.102418
vt 0.445 0.150457
vt 0.0508368 0.240233
vt 0.0530835 0.200719
vt 0.446916 0.200719
vt 0.449163 0.240233
vt 0.05 0.335827
vt 0.0517505 0.28313
vt 0.448249 0.28313
vt 0.45 0.335827
vt 0.0460037 0.424273
vt 0.0485393 0.387989
vt 0.451461 0.387989
vt 0.453996 0.424273
vt 0.045 0.519535
vt 0.0469931 0.467997
vt 0.453007 0.467997
vt 0.455 0.519535
vt 0.045 0.61596
vt 0.045 0.570241
vt 0.455 0.570241
vt 0.455 0.61596
vt 0.0403585 0.703123
vt 0.04296 0.663458
vt 0.45704 0.663458
vt 0.459642 0.703123
vt 0.0425 0.758936
vt 0.4575 0.758936
vt 0.0425 0.851205
vt 0.4575 0.851206
vt 0.0425 0.943475
vt 0.4575 0.943475
vt 0.045 0.0315878
vt 0.45437 0.0498755
vt 0.0470246 0.135527
vt 0.0480056 0.0947635
vt 0.452063 0.0913241
vt 0.452975 0.135526
vt 0.0438167 0.232947
vt 0.0460445 0.179027
vt 0.453955 0.179026
vt 0.456183 0.232947
vt 0.042042 0.320926
vt 0.0429362 0.275862
vt 0.457064 0.275862
vt 0.457958 0.320926
vt 0.04 0.413134
vt 0.0419517 0.364162
vt 0.458048 0.364162
vt 0.46 0.413134
vt 0.0383775 0.512787
vt 0.04 0.463009
vt 0.46 0.463009
vt 0.461623 0.512787
vt 0.0368935 0.600296
vt 0.037928 0.556468
vt 0.462072 0.556468
vt 0.463107 0.600296
vt 0.035 0.693267
vt 0.0356701 0.643684
vt 0.46433 0.643684
vt 0.465 0.693267
vt 0.035 0.758936
vt 0.465 0.758936
vt 0.035 0.851205
vt 0.465 0.851205
vt 0.035 0.943475
vt 0.465 0.943475
vt 0.455 8.80628e-08
vt 0.458886 0.0261127
vt 0.0372523 0.12057
vt 0.0390034 0.079967
vt 0.461424 0.0768318
vt 0.462748 0.120569
vt 0.0369183 0.213951
vt 0.0382305 0.171909
vt 0.46177 0.171909
vt 0.463082 0.213951
vt 0.035 0.310058
vt 0.035 0.263508
vt 0.465 0.263508
vt 0.465 0.310058
vt 0.0322538 0.401995
vt 0.0345237 0.360013
vt 0.465476 0.360013
vt 0.467746 0.401995
vt 0.0317447 0.493726
vt 0.03303 0.452072
vt 0.46697 0.452072
vt 0.468255 0.493726
vt 0.03 0.58936
vt 0.03 0.543641
vt 0.47 0.543641
vt 0.47 0.58936
vt 0.03 0.685786
vt 0.03 0.639235
vt 0.47 0.639235
vt 0.47 0.685786
vt 0.03 0.758936
vt 0.47 0.758936
vt 0.03 0.851205
vt 0.47 0.851206
vt 0.03 0.943475
vt 0.47 0.943475
vt 0.466428 0.0364092
vt 0.47 0.0656692
vt 0.025 0.156276
vt 0.0296485 0.115688
vt 0.470346 0.114868
vt 0.475 0.156276
vt 0.0274095 0.206089
vt 0.03 0.161264
vt 0.47 0.161264
vt 0.47259 0.20609
vt 0.0273588 0.300771
vt 0.0293764 0.256234
vt 0.470624 0.256234
vt 0.472641 0.300771
vt 0.025 0.393184
vt 0.0284637 0.350342
vt 0.471536 0.350342
vt 0.475 0.393184
vt 0.025 0.488778
vt 0.025 0.442228
vt 0.475 0.442228
vt 0.475 0.488778
vt 0.0243928 0.587331
vt 0.025 0.537822
vt 0.475 0.537822
vt 0.475607 0.587332
vt 0.0223321 0.676472
vt 0.0231275 0.630715
vt 0.476872 0.630715
vt 0.477668 0.676472
vt 0.0225 0.758936
vt 0.4775 0.758936
vt 0.0225 0.851205
vt 0.4775 0.851205
vt 0.0225 0.943475
vt 0.4775 0.943475
vt 0.477277 0.0242535
vt 0.478233 0.0588234
vt 0.02 0.15212
vt 0.0225274 0.108483
vt 0.477474 0.10682
vt 0.48 0.15212
vt 0.02 0.246883
vt 0.02 0.200333
vt 0.48 0.200333
vt 0.48 0.246883
vt 0.02 0.342477
vt 0.02 0.295927
vt 0.48 0.295927
vt 0.48 0.342477
vt 0.015 0.433084
vt 0.0176442 0.389859
vt 0.482356 0.389858
vt 0.485 0.433084
vt 0.0174555 0.482944
vt 0.02 0.43724
vt 0.48 0.43724
vt 0.482545 0.482944
vt 0.0172217 0.574028
vt 0.02 0.532835
vt 0.48 0.532835
vt 0.482778 0.574028
vt 0.015 0.669992
vt 0.015 0.623441
vt 0.485 0.623441
vt 0.485 0.669992
vt 0.015 0.758936
vt 0.485 0.758936
vt 0.015 0.851205
vt 0.485 0.851206
vt 0.485 0.943475
vt 0.487245 0.0194918
vt 0.487655 0.053148
vt 0.0122016 0.147398
vt 0.0126202 0.102284
vt 0.48741 0.101873
vt 0.487798 0.147398
vt 0.0121444 0.242133
vt 0.012584 0.195802
vt 0.487416 0.195802
vt 0.487856 0.242133
vt 0.0120014 0.337656
vt 0.0125789 0.291393
vt 0.487421 0.291393
vt 0.487999 0.337656
vt 0.00999999 0.43059
vt 0.0102834 0.382665
vt 0.489717 0.382665
vt 0.49 0.43059
vt 0.00999999 0.526185
vt 0.00999999 0.479634
vt 0.49 0.479634
vt 0.49 0.526185
vt 0.00999999 0.574398
vt 0.49 0.574397
vt 0.00999999 0.666667
vt 0.49 0.666667
vt 0.00999999 0.758936
vt 0.49 0.758936
vt 0.00999999 0.851205
vt 0.49 0.851205
vt 0.49 0.943475
vt 0.495 0.0174561
vt 0.495 0.0507067
vt 0.00250003 0.144638
vt 0.00246811 0.0993297
vt 0.495 0.0989194
vt 0.495 0.144638
vt 0.00240793 0.239802
vt 0.00252996 0.193272
vt 0.495 0.193682
vt 0.495 0.240233
vt 0.0023918 0.334562
vt 0.00252864 0.288035
vt 0.495 0.288446
vt 0.495 0.334996
vt 0.00250003 0.428928
vt 0.00250003 0.383209
vt 0.495 0.383209
vt 0.495 0.428928
vt 0.00227319 0.524069
vt 0.00252526 0.47756
vt 0.495 0.477972
vt 0.495 0.524522
vt 0.0020004 0.617955
vt 0.00252427 0.572323
vt 0.495 0.572735
vt 0.495 0.618454
vt 0.00250003 0.666667
vt 0.495 0.666667
vt 0.00250003 0.758936
vt 0.495 0.758936
vt 0.00250003 0.851206
vt 0.495 0.851206
vt 0.00250003 0.943475
vt 0.495 0.943475
vt 0.502576 0.0203784
vt 0.502436 0.0502802
vt 0.995 0.144639
vt 0.995 0.0989195
vt 0.5025 0.0989195
vt 0.5025 0.144638
vt 0.995 0.240233
vt 0.995 0.193682
vt 0.50253 0.193272
vt 0.502408 0.239802
vt 0.995 0.334996
vt 0.995 0.288446
vt 0.502529 0.288034
vt 0.502392 0.334562
vt 0.995 0.428928
vt 0.995 0.383209
vt 0.5025 0.383209
vt 0.5025 0.428928
vt 0.995 0.524522
vt 0.995 0.477972
vt 0.502155 0.474307
vt 0.502273 0.524069
vt 0.995 0.618454
vt 0.995 0.572735
vt 0.502524 0.572323
vt 0.502 0.617955
vt 0.995 0.666667
vt 0.5025 0.666667
vt 0.995 0.758936
vt 0.505 0.758936
vt 0.5 0.758936
vt 0.995 0.851206
vt 0.505 0.851205
vt 0.5 0.851205
vt 0.995 0.943475
vt 0.505 0.943475
vt 0.5 0.943475
vt 0.985 0.0640066
vt 0.51261 0.0208172
vt 0.512345 0.053148
vt 0.987798 0.147398
vt 0.987182 0.104525
vt 0.512717 0.102552
vt 0.512202 0.147398
vt 0.987856 0.242133
vt 0.987416 0.195802
vt 0.512584 0.195802
vt 0.512144 0.242133
vt 0.987999 0.337656
vt 0.987421 0.291393
vt 0.512579 0.291394
vt 0.512001 0.337656
vt 0.99 0.43059
vt 0.989717 0.382665
vt 0.510283 0.382665
vt 0.51 0.43059
vt 0.99 0.526185
vt 0.99 0.479634
vt 0.51 0.479634
vt 0.51 0.526185
vt 0.99 0.574397
vt 0.51 0.574397
vt 0.99 0.666667
vt 0.51 0.666667
vt 0.99 0.758936
vt 0.51 0.758936
vt 0.99 0.851205
vt 0.51 0.851206
vt 0.99 0.943475
vt 0.51 0.943475
vt 0.977001 0.0643392
vt 0.522627 0.0271585
vt 0.521767 0.0588235
vt 0.98 0.15212
vt 0.977474 0.106821
vt 0.522526 0.10682
vt 0.52 0.15212
vt 0.98 0.246883
vt 0.98 0.200333
vt 0.52 0.200333
vt 0.52 0.246883
vt 0.98 0.342477
vt 0.98 0.295927
vt 0.52 0.295927
vt 0.52 0.342477
vt 0.985 0.433084
vt 0.982356 0.389859
vt 0.517644 0.389859
vt 0.515 0.433084
vt 0.982545 0.482944
vt 0.98 0.43724
vt 0.52 0.43724
vt 0.517456 0.482944
vt 0.982778 0.574028
vt 0.98 0.532835
vt 0.52 0.532835
vt 0.517222 0.574028
vt 0.985 0.669992
vt 0.985 0.623441
vt 0.515 0.623441
vt 0.515 0.669992
vt 0.985 0.758936
vt 0.515 0.758936
vt 0.985 0.851205
vt 0.515 0.851205
vt 0.985 0.943475
vt 0.515 0.943475
vt 0.97 0.0656692
vt 0.966875 0.0623441
vt 0.532592 0.0319876
vt 0.53 0.0656692
vt 0.975 0.156276
vt 0.970346 0.114868
vt 0.529654 0.114868
vt 0.525 0.156276
vt 0.97259 0.20609
vt 0.97 0.161263
vt 0.53 0.161264
vt 0.52741 0.20609
vt 0.972641 0.300771
vt 0.970624 0.256234
vt 0.529376 0.256234
vt 0.527359 0.30077
vt 0.975 0.393184
vt 0.971536 0.350342
vt 0.528464 0.350342
vt 0.525 0.393184
vt 0.975 0.488778
vt 0.975 0.442228
vt 0.525 0.442228
vt 0.525 0.488778
vt 0.975607 0.587332
vt 0.975 0.537822
vt 0.525 0.537822
vt 0.524393 0.587332
vt 0.977668 0.676472
vt 0.976872 0.630715
vt 0.523128 0.630715
vt 0.522332 0.676472
vt 0.9775 0.758936
vt 0.5225 0.758936
vt 0.9775 0.851206
vt 0.5225 0.851206
vt 0.9775 0.943475
vt 0.5225 0.943475
vt 0.96 0.0606817
vt 0.54 0.0315877
vt 0.962748 0.120569
vt 0.961424 0.076832
vt 0.538576 0.0768318
vt 0.537252 0.120569
vt 0.963082 0.213951
vt 0.96177 0.171909
vt 0.53823 0.171909
vt 0.536918 0.213951
vt 0.965 0.310058
vt 0.965 0.263508
vt 0.535 0.263508
vt 0.535 0.310058
vt 0.967746 0.401995
vt 0.965476 0.360013
vt 0.534524 0.360013
vt 0.532254 0.401995
vt 0.968255 0.493726
vt 0.96697 0.452072
vt 0.53303 0.452071
vt 0.531745 0.493726
vt 0.97 0.58936
vt 0.97 0.543641
vt 0.53 0.543641
vt 0.53 0.58936
vt 0.97 0.685786
vt 0.97 0.639235
vt 0.53 0.639235
vt 0.53 0.685786
vt 0.97 0.758936
vt 0.53 0.758936
vt 0.97 0.851205
vt 0.53 0.851206
vt 0.97 0.943475
vt 0.53 0.943475
vt 0.952666 0.0602381
vt 0.547287 0.0518464
vt 0.952975 0.135526
vt 0.952063 0.0913236
vt 0.547863 0.0913792
vt 0.547025 0.135527
vt 0.956183 0.232947
vt 0.953955 0.179026
vt 0.546135 0.176772
vt 0.543817 0.232947
vt 0.957958 0.320926
vt 0.957064 0.275862
vt 0.542936 0.275862
vt 0.542042 0.320926
vt 0.96 0.413134
vt 0.958048 0.364162
vt 0.541952 0.364162
vt 0.54 0.413134
vt 0.961623 0.512787
vt 0.96 0.463009
vt 0.54 0.463009
vt 0.538378 0.512787
vt 0.963107 0.600296
vt 0.962072 0.556468
vt 0.537928 0.556468
vt 0.536893 0.600296
vt 0.965 0.693267
vt 0.96433 0.643684
vt 0.53567 0.643684
vt 0.535 0.693267
vt 0.965 0.758936
vt 0.535 0.758936
vt 0.965 0.851205
vt 0.535 0.851205
vt 0.965 0.943475
vt 0.535 0.943475
vt 0.943124 0.0629676
vt 0.94 0.0565253
vt 0.558251 0.0281316
vt 0.555793 0.0549065
vt 0.945 0.150457
vt 0.942678 0.102418
vt 0.557322 0.102418
vt 0.555 0.150457
vt 0.949163 0.240233
vt 0.946917 0.200719
vt 0.553083 0.200719
vt 0.550837 0.240233
vt 0.95 0.335827
vt 0.948343 0.283579
vt 0.551751 0.283131
vt 0.55 0.335827
vt 0.953996 0.424273
vt 0.951461 0.387989
vt 0.548539 0.387988
vt 0.546004 0.424273
vt 0.955 0.519535
vt 0.953007 0.467997
vt 0.546993 0.467996
vt 0.545 0.519535
vt 0.955 0.61596
vt 0.955 0.570241
vt 0.545 0.570241
vt 0.545 0.61596
vt 0.959642 0.703123
vt 0.95704 0.663458
vt 0.54296 0.663458
vt 0.540358 0.703123
vt 0.9575 0.758936
vt 0.5425 0.758936
vt 0.9575 0.851206
vt 0.5425 0.851205
vt 0.9575 0.943475
vt 0.5425 0.943475
vt 0.932334 0.0602383
vt 0.567397 0.0465151
vt 0.936284 0.127492
vt 0.931479 0.084406
vt 0.568233 0.0830454
vt 0.563716 0.127492
vt 0.938144 0.211416
vt 0.935995 0.17207
vt 0.564005 0.17207
vt 0.561856 0.211416
vt 0.942046 0.31148
vt 0.94 0.260183
vt 0.56 0.260183
vt 0.557954 0.31148
vt 0.944003 0.390856
vt 0.940711 0.357321
vt 0.55929 0.357321
vt 0.555997 0.390856
vt 0.946814 0.496445
vt 0.945 0.44389
vt 0.555 0.44389
vt 0.553186 0.496444
vt 0.948959 0.574149
vt 0.945553 0.540685
vt 0.554447 0.540685
vt 0.551041 0.574149
vt 0.95 0.673317
vt 0.95 0.626766
vt 0.55 0.626766
vt 0.55 0.673317
vt 0.95 0.758936
vt 0.55 0.758936
vt 0.95 0.851205
vt 0.55 0.851206
vt 0.95 0.943475
vt 0.55 0.943475
vt 0.923569 0.0596128
vt 0.92 0.0515378
vt 0.577296 0.0296987
vt 0.575775 0.050515
vt 0.928529 0.137968
vt 0.923424 0.0961751
vt 0.576576 0.0961747
vt 0.571471 0.137968
vt 0.931159 0.2371
vt 0.927649 0.186299
vt 0.572351 0.186299
vt 0.568841 0.2371
vt 0.933915 0.32237
vt 0.931893 0.28224
vt 0.568107 0.28224
vt 0.566086 0.32237
vt 0.937725 0.417139
vt 0.935 0.373234
vt 0.565 0.373234
vt 0.562275 0.417139
vt 0.94 0.503741
vt 0.93732 0.458972
vt 0.56268 0.458972
vt 0.56 0.503741
vt 0.942607 0.600094
vt 0.94 0.55611
vt 0.56 0.55611
vt 0.557342 0.600502
vt 0.945 0.685786
vt 0.942002 0.642062
vt 0.557554 0.63966
vt 0.555 0.685786
vt 0.945 0.758936
vt 0.555 0.758936
vt 0.945 0.851206
vt 0.555 0.851205
vt 0.945 0.943475
vt 0.555 0.943475
vt 0.945 0.998338
vt 0.912243 0.054318
vt 0.595 0.00831269
vt 0.586943 0.0394178
vt 0.917336 0.126628
vt 0.912204 0.0808276
vt 0.587796 0.0808276
vt 0.582664 0.126628
vt 0.925 0.249377
vt 0.92156 0.216232
vt 0.916244 0.172485
vt 0.583756 0.172486
vt 0.57844 0.216232
vt 0.575 0.249377
vt 0.93 0.340815
vt 0.92412 0.296416
vt 0.92 0.266002
vt 0.58 0.266002
vt 0.57588 0.296416
vt 0.57 0.340815
vt 0.93 0.433915
vt 0.927818 0.388921
vt 0.925 0.349959
vt 0.575 0.349959
vt 0.572182 0.388921
vt 0.57 0.433915
vt 0.935 0.517872
vt 0.930947 0.484791
vt 0.569053 0.48479
vt 0.565 0.517872
vt 0.935 0.616791
vt 0.933814 0.566507
vt 0.93 0.533666
vt 0.57 0.533666
vt 0.566186 0.566507
vt 0.565 0.616791
vt 0.94 0.699917
vt 0.936113 0.668145
vt 0.563887 0.668144
vt 0.56 0.699917
vt 0.94 0.758936
vt 0.935 0.758936
vt 0.565 0.758936
vt 0.56 0.758936
vt 0.94 0.851205
vt 0.935 0.851206
vt 0.565 0.851205
vt 0.56 0.851205
vt 0.94 0.943475
vt 0.935 0.943475
vt 0.565 0.943475
vt 0.56 0.943475
vt 0.905 0.0565253
vt 0.901492 0.0508728
vt 0.605 0.0041563
vt 0.599507 0.0299252
vt 0.595 0.0565253
vt 0.91 0.142145
vt 0.905433 0.110091
vt 0.9 0.0764755
vt 0.6 0.0764755
vt 0.594567 0.110091
vt 0.59 0.142145
vt 0.914111 0.230991
vt 0.909582 0.194941
vt 0.905 0.161264
vt 0.595 0.161264
vt 0.590418 0.194942
vt 0.585889 0.230991
vt 0.918019 0.325485
vt 0.913492 0.277907
vt 0.586508 0.277907
vt 0.581981 0.325485
vt 0.921036 0.416557
vt 0.917694 0.36588
vt 0.582306 0.36588
vt 0.578964 0.416557
vt 0.925 0.497091
vt 0.921543 0.463152
vt 0.578457 0.463152
vt 0.575 0.497091
vt 0.927703 0.594593
vt 0.925 0.551122
vt 0.575 0.551122
vt 0.572297 0.594593
vt 0.93 0.679967
vt 0.927965 0.631723
vt 0.572035 0.631723
vt 0.57 0.679967
vt 0.93 0.758936
vt 0.57 0.758936
vt 0.93 0.851206
vt 0.57 0.851206
vt 0.93 0.943475
vt 0.57 0.943475
vt 0.893271 0.0532861
vt 0.887501 0.0415627
vt 0.612432 0.0336772
vt 0.606522 0.0506562
vt 0.898292 0.135029
vt 0.892841 0.0948502
vt 0.607159 0.0948502
vt 0.601708 0.135029
vt 0.902948 0.222701
vt 0.898091 0.178543
vt 0.601909 0.178543
vt 0.597052 0.222701
vt 0.907532 0.312131
vt 0.903218 0.263627
vt 0.596782 0.263627
vt 0.592468 0.312131
vt 0.915 0.432253
vt 0.911806 0.399568
vt 0.907187 0.350894
vt 0.592813 0.350894
vt 0.588194 0.399568
vt 0.585 0.432253
vt 0.92 0.515378
vt 0.915 0.482128
vt 0.91 0.448047
vt 0.59 0.448047
vt 0.585 0.482128
vt 0.58 0.515378
vt 0.92 0.61596
vt 0.918577 0.566916
vt 0.915 0.535328
vt 0.585 0.535328
vt 0.581423 0.566916
vt 0.58 0.61596
vt 0.925 0.698254
vt 0.921753 0.661388
vt 0.578247 0.661388
vt 0.575 0.698254
vt 0.925 0.758936
vt 0.575 0.758936
vt 0.925 0.851206
vt 0.575 0.851205
vt 0.925 0.943475
vt 0.575 0.943475
vt 0.881672 0.0512607
vt 0.875 0.0482129
vt 0.625149 0.0393211
vt 0.618617 0.0465088
vt 0.887102 0.131499
vt 0.881657 0.0928238
vt 0.875 0.0689943
vt 0.625 0.0689941
vt 0.618343 0.0928233
vt 0.612898 0.131499
vt 0.892293 0.216296
vt 0.886661 0.173178
vt 0.613339 0.173178
vt 0.607707 0.216297
vt 0.9 0.334996
vt 0.896943 0.297774
vt 0.890498 0.257856
vt 0.609502 0.257855
vt 0.603057 0.297774
vt 0.6 0.334996
vt 0.905 0.41729
vt 0.901533 0.385958
vt 0.895 0.344971
vt 0.605 0.344971
vt 0.598467 0.385958
vt 0.595 0.41729
vt 0.909062 0.50376
vt 0.905553 0.47437
vt 0.594447 0.47437
vt 0.590938 0.50376
vt 0.912376 0.60345
vt 0.909725 0.555463
vt 0.590275 0.555463
vt 0.58719 0.599855
vt 0.915818 0.687763
vt 0.913092 0.63503
vt 0.586908 0.63503
vt 0.584262 0.687651
vt 0.918354 0.760355
vt 0.5825 0.758936
vt 0.917979 0.845157
vt 0.5825 0.851206
vt 0.91767 0.946186
vt 0.5825 0.943475
vt 0.868328 0.0512606
vt 0.862292 0.0390693
vt 0.637619 0.0315874
vt 0.631383 0.0465086
vt 0.88 0.154614
vt 0.875 0.123303
vt 0.868343 0.0928234
vt 0.631657 0.0928234
vt 0.625 0.123303
vt 0.62 0.154614
vt 0.885 0.239402
vt 0.881319 0.206239
vt 0.875 0.182876
vt 0.625 0.182876
vt 0.618681 0.206239
vt 0.615 0.239402
vt 0.89 0.323358
vt 0.886441 0.292558
vt 0.88 0.261014
vt 0.62 0.261014
vt 0.613559 0.292558
vt 0.61 0.323358
vt 0.895133 0.405609
vt 0.891361 0.37562
vt 0.608639 0.37562
vt 0.604867 0.405609
vt 0.899628 0.488101
vt 0.895691 0.462739
vt 0.604309 0.462739
vt 0.600372 0.488101
vt 0.903628 0.577654
vt 0.9 0.546966
vt 0.6 0.546966
vt 0.596372 0.577654
vt 0.91 0.706567
vt 0.907274 0.669462
vt 0.905 0.626766
vt 0.595 0.626766
vt 0.592726 0.669463
vt 0.59 0.706567
vt 0.91 0.758936
vt 0.59 0.758936
vt 0.91 0.851205
vt 0.59 0.851205
vt 0.856569 0.0513298
vt 0.848434 0.0436768
vt 0.650809 0.0334648
vt 0.643478 0.0506562
vt 0.87 0.154614
vt 0.862898 0.131499
vt 0.857159 0.0948505
vt 0.85 0.0764755
vt 0.65 0.0764755
vt 0.642841 0.0948505
vt 0.637102 0.131499
vt 0.63 0.154614
vt 0.875 0.229427
vt 0.868681 0.206239
vt 0.863339 0.173178
vt 0.636661 0.173178
vt 0.631319 0.206239
vt 0.625 0.229427
vt 0.880267 0.315702
vt 0.875 0.293156
vt 0.87 0.261014
vt 0.63 0.261014
vt 0.625 0.293156
vt 0.619733 0.315702
vt 0.89 0.431421
vt 0.885486 0.399067
vt 0.880791 0.374531
vt 0.875 0.344971
vt 0.625 0.344971
vt 0.619209 0.37453
vt 0.614514 0.399067
vt 0.61 0.431421
vt 0.895 0.51621
vt 0.889827 0.4823
vt 0.885 0.460515
vt 0.615 0.460516
vt 0.610173 0.4823
vt 0.605 0.51621
vt 0.9 0.60931
vt 0.894234 0.572479
vt 0.89 0.541147
vt 0.61 0.541147
vt 0.605766 0.572479
vt 0.6 0.60931
vt 0.901308 0.701471
vt 0.898053 0.647989
vt 0.601947 0.647989
vt 0.598692 0.701471
vt 0.9025 0.758936
vt 0.5975 0.758936
vt 0.9025 0.851205
vt 0.5975 0.851205
vt 0.845 0.0565253
vt 0.83755 0.0461262
vt 0.825 0.0257689
vt 0.672272 0.03609
vt 0.662538 0.0394777
vt 0.655 0.0565252
vt 0.851708 0.135029
vt 0.844567 0.110091
vt 0.837796 0.0808275
vt 0.662204 0.0808276
vt 0.655433 0.110091
vt 0.648292 0.135029
vt 0.865 0.239402
vt 0.857707 0.216297
vt 0.851909 0.178544
vt 0.845 0.161264
vt 0.655 0.161264
vt 0.648091 0.178544
vt 0.642293 0.216297
vt 0.635 0.239402
vt 0.869733 0.315702
vt 0.863559 0.292558
vt 0.859502 0.257855
vt 0.640498 0.257855
vt 0.636441 0.292558
vt 0.630267 0.315702
vt 0.88 0.426434
vt 0.875 0.39241
vt 0.869209 0.37453
vt 0.630791 0.37453
vt 0.625 0.39241
vt 0.62 0.426434
vt 0.885 0.508728
vt 0.88 0.482128
vt 0.875 0.458853
vt 0.625 0.458853
vt 0.62 0.482128
vt 0.615 0.508728
vt 0.889541 0.597219
vt 0.884729 0.570861
vt 0.88 0.539485
vt 0.62 0.539485
vt 0.615271 0.570861
vt 0.610458 0.597219
vt 0.893035 0.691034
vt 0.889008 0.645553
vt 0.610992 0.645553
vt 0.606965 0.691034
vt 0.8925 0.758936
vt 0.6075 0.758936
vt 0.8925 0.851206
vt 0.6075 0.851206
vt 0.825 0.0482129
vt 0.817545 0.043633
vt 0.808385 0.0372267
vt 0.8 0.0199502
vt 0.691801 0.0326663
vt 0.682575 0.0390432
vt 0.674225 0.0505149
vt 0.84 0.142145
vt 0.832857 0.124688
vt 0.826221 0.098774
vt 0.818521 0.0844064
vt 0.681479 0.0844062
vt 0.673424 0.0961747
vt 0.667336 0.126628
vt 0.66 0.142145
vt 0.847052 0.222701
vt 0.840418 0.194942
vt 0.834774 0.175093
vt 0.666244 0.172486
vt 0.659582 0.194942
vt 0.652948 0.222701
vt 0.86 0.323358
vt 0.853057 0.297774
vt 0.846782 0.263627
vt 0.653218 0.263626
vt 0.646943 0.297774
vt 0.64 0.323358
vt 0.87 0.426434
vt 0.864514 0.399067
vt 0.858639 0.37562
vt 0.855 0.344971
vt 0.645 0.344971
vt 0.641361 0.37562
vt 0.635486 0.399067
vt 0.63 0.426434
vt 0.875 0.505403
vt 0.87 0.482128
vt 0.865 0.460516
vt 0.635 0.460515
vt 0.63 0.482128
vt 0.625 0.505403
vt 0.88 0.587697
vt 0.875 0.574397
vt 0.87 0.539485
vt 0.63 0.539485
vt 0.625 0.574397
vt 0.62 0.587697
vt 0.884269 0.676445
vt 0.88 0.651704
vt 0.62 0.651704
vt 0.615731 0.676445
vt 0.885 0.758936
vt 0.615 0.758936
vt 0.885 0.851205
vt 0.615 0.851205
vt 0.885 0.943475
vt 0.615 0.943475
vt 0.805793 0.0549065
vt 0.797645 0.0452298
vt 0.790989 0.0415626
vt 0.782542 0.0403224
vt 0.772721 0.0334669
vt 0.762657 0.0266522
vt 0.752727 0.0249376
vt 0.745 0.0249379
vt 0.737241 0.0278902
vt 0.727269 0.0343075
vt 0.716603 0.0438797
vt 0.708886 0.0358684
vt 0.702355 0.0452295
vt 0.694207 0.0549066
vt 0.821471 0.137968
vt 0.813716 0.127492
vt 0.807322 0.102418
vt 0.797937 0.091324
vt 0.7877 0.077051
vt 0.711424 0.076832
vt 0.702063 0.0913235
vt 0.692678 0.102419
vt 0.686284 0.127492
vt 0.678529 0.137968
vt 0.835889 0.230991
vt 0.82844 0.216232
vt 0.822351 0.186299
vt 0.814005 0.17207
vt 0.685995 0.17207
vt 0.677649 0.186299
vt 0.67156 0.216232
vt 0.664111 0.230991
vt 0.85 0.334996
vt 0.842468 0.312131
vt 0.836508 0.277907
vt 0.83 0.263508
vt 0.67 0.266002
vt 0.663492 0.277906
vt 0.657532 0.312131
vt 0.65 0.334996
vt 0.86 0.431421
vt 0.854867 0.405609
vt 0.848467 0.385958
vt 0.842813 0.350894
vt 0.657187 0.350894
vt 0.651533 0.385958
vt 0.645133 0.405609
vt 0.64 0.431421
vt 0.865 0.508728
vt 0.860173 0.4823
vt 0.854309 0.462739
vt 0.645691 0.462739
vt 0.639827 0.4823
vt 0.635 0.508728
vt 0.87 0.587698
vt 0.865271 0.570861
vt 0.86 0.541147
vt 0.64 0.541147
vt 0.63473 0.570861
vt 0.63 0.587697
vt 0.88 0.704904
vt 0.875 0.666667
vt 0.87 0.651704
vt 0.63 0.651704
vt 0.625 0.666667
vt 0.62 0.704904
vt 0.88 0.758936
vt 0.875 0.758936
vt 0.625 0.758936
vt 0.62 0.758936
vt 0.88 0.851205
vt 0.875 0.851206
vt 0.625 0.851205
vt 0.62 0.851206
vt 0.88 0.943475
vt 0.875 0.943475
vt 0.625 0.943475
vt 0.62 0.943475
vt 0.78 0.0656692
vt 0.771767 0.0588235
vt 0.762345 0.0531485
vt 0.752436 0.0502802
vt 0.745 0.0507066
vt 0.737655 0.0531482
vt 0.728233 0.0588235
vt 0.72 0.0656692
vt 0.805 0.150457
vt 0.797025 0.135527
vt 0.787252 0.120569
vt 0.779654 0.114868
vt 0.772526 0.106821
vt 0.76259 0.101873
vt 0.7525 0.0989192
vt 0.745 0.0989194
vt 0.73741 0.101873
vt 0.727474 0.10682
vt 0.720346 0.114868
vt 0.712843 0.120861
vt 0.702975 0.135526
vt 0.695 0.150457
vt 0.825 0.249377
vt 0.818841 0.2371
vt 0.811856 0.211416
vt 0.803084 0.20072
vt 0.796044 0.179026
vt 0.78823 0.171909
vt 0.78 0.161263
vt 0.72 0.161263
vt 0.71177 0.171909
vt 0.703955 0.179026
vt 0.696916 0.20072
vt 0.688144 0.211416
vt 0.681159 0.2371
vt 0.675 0.249377
vt 0.831981 0.325485
vt 0.825088 0.297633
vt 0.818107 0.28224
vt 0.81 0.260183
vt 0.69 0.260183
vt 0.681893 0.28224
vt 0.67412 0.296416
vt 0.668019 0.325485
vt 0.845 0.41729
vt 0.838194 0.399568
vt 0.832306 0.36588
vt 0.825 0.349959
vt 0.675 0.349959
vt 0.667694 0.36588
vt 0.661806 0.399568
vt 0.655 0.41729
vt 0.855 0.51621
vt 0.850372 0.488101
vt 0.844447 0.47437
vt 0.84 0.448047
vt 0.66 0.448047
vt 0.655553 0.47437
vt 0.649628 0.488101
vt 0.645 0.51621
vt 0.860459 0.597219
vt 0.855766 0.572479
vt 0.85 0.546966
vt 0.65 0.546966
vt 0.644234 0.572479
vt 0.639542 0.597219
vt 0.87 0.704904
vt 0.865731 0.676445
vt 0.860992 0.645553
vt 0.639008 0.645553
vt 0.634269 0.676445
vt 0.63 0.704904
vt 0.87 0.758936
vt 0.865 0.758936
vt 0.635 0.758936
vt 0.63 0.758936
vt 0.87 0.851205
vt 0.865 0.851205
vt 0.635 0.851205
vt 0.63 0.851206
vt 0.87 0.943475
vt 0.865 0.943475
vt 0.635 0.943475
vt 0.63 0.943475
vt 0.775 0.156276
vt 0.77 0.15212
vt 0.762202 0.147398
vt 0.7525 0.144638
vt 0.745 0.144639
vt 0.737798 0.147398
vt 0.73 0.15212
vt 0.725 0.156276
vt 0.800837 0.240233
vt 0.793817 0.232947
vt 0.786918 0.213951
vt 0.77741 0.206089
vt 0.77 0.200333
vt 0.762584 0.195802
vt 0.75253 0.193272
vt 0.745 0.193682
vt 0.737416 0.195802
vt 0.73 0.200332
vt 0.72259 0.20609
vt 0.713082 0.213952
vt 0.706183 0.232947
vt 0.699163 0.240233
vt 0.82 0.340815
vt 0.816085 0.32237
vt 0.807954 0.31148
vt 0.801751 0.28313
vt 0.792936 0.275862
vt 0.785 0.263508
vt 0.779376 0.256234
vt 0.720624 0.256234
vt 0.715 0.263508
vt 0.707064 0.275862
vt 0.698249 0.28313
vt 0.692046 0.31148
vt 0.683914 0.32237
vt 0.68 0.340815
vt 0.835 0.432253
vt 0.828964 0.416557
vt 0.822182 0.388922
vt 0.815 0.373233
vt 0.809289 0.357321
vt 0.690711 0.357321
vt 0.685 0.373234
vt 0.677818 0.388922
vt 0.671036 0.416556
vt 0.665 0.432253
vt 0.840938 0.50376
vt 0.835 0.482128
vt 0.828457 0.463152
vt 0.671543 0.463152
vt 0.665 0.482128
vt 0.659062 0.50376
vt 0.85 0.60931
vt 0.846372 0.577654
vt 0.840275 0.555463
vt 0.835 0.535328
vt 0.665 0.535328
vt 0.659725 0.555463
vt 0.653628 0.577654
vt 0.65 0.60931
vt 0.856965 0.691034
vt 0.851947 0.64799
vt 0.845 0.626766
vt 0.655 0.626766
vt 0.648053 0.647989
vt 0.643035 0.691034
vt 0.8575 0.758936
vt 0.6425 0.758936
vt 0.8575 0.851205
vt 0.6425 0.851206
vt 0.77 0.246883
vt 0.762144 0.242133
vt 0.752408 0.239802
vt 0.745 0.240233
vt 0.737856 0.242133
vt 0.73 0.246883
vt 0.8 0.335827
vt 0.792042 0.320926
vt 0.785 0.310058
vt 0.777359 0.30077
vt 0.77 0.295927
vt 0.762579 0.291393
vt 0.752529 0.288035
vt 0.745 0.288445
vt 0.737421 0.291393
vt 0.73 0.295927
vt 0.722641 0.300771
vt 0.715 0.310058
vt 0.707958 0.320926
vt 0.7 0.335827
vt 0.82 0.433915
vt 0.812275 0.417139
vt 0.805997 0.390856
vt 0.798539 0.387989
vt 0.791952 0.364162
vt 0.784524 0.360013
vt 0.778464 0.350342
vt 0.721536 0.350342
vt 0.715476 0.360013
vt 0.708048 0.364162
vt 0.701461 0.387989
vt 0.694003 0.390856
vt 0.687725 0.417139
vt 0.68 0.433915
vt 0.83 0.515378
vt 0.825 0.497091
vt 0.819053 0.484791
vt 0.81268 0.458971
vt 0.805 0.44389
vt 0.695 0.44389
vt 0.68732 0.458971
vt 0.680947 0.484791
vt 0.675 0.497091
vt 0.67 0.515378
vt 0.83719 0.599855
vt 0.831423 0.566916
vt 0.825 0.551122
vt 0.82 0.533666
vt 0.68 0.533666
vt 0.675 0.551122
vt 0.668577 0.566916
vt 0.66281 0.599855
vt 0.848692 0.701471
vt 0.842726 0.669463
vt 0.836908 0.63503
vt 0.663092 0.63503
vt 0.657274 0.669463
vt 0.651308 0.701471
vt 0.8475 0.758936
vt 0.6525 0.758936
vt 0.8475 0.851206
vt 0.6525 0.851205
vt 0.77 0.342477
vt 0.762001 0.337656
vt 0.752392 0.334562
vt 0.745 0.334996
vt 0.737999 0.337656
vt 0.73 0.342477
vt 0.796004 0.424273
vt 0.79 0.413134
vt 0.782254 0.401995
vt 0.775 0.393184
vt 0.767644 0.389859
vt 0.760283 0.382665
vt 0.7525 0.383209
vt 0.745 0.383209
vt 0.739717 0.382665
vt 0.732356 0.389859
vt 0.725 0.393184
vt 0.717746 0.401995
vt 0.71 0.413134
vt 0.703996 0.424273
vt 0.815 0.517872
vt 0.81 0.503741
vt 0.803186 0.496445
vt 0.796993 0.467997
vt 0.79 0.463009
vt 0.78303 0.452072
vt 0.775 0.442228
vt 0.77 0.43724
vt 0.73 0.43724
vt 0.725 0.442228
vt 0.71697 0.452072
vt 0.71 0.463009
vt 0.703007 0.467997
vt 0.696814 0.496444
vt 0.69 0.503741
vt 0.685 0.517872
vt 0.83 0.61596
vt 0.822297 0.594593
vt 0.816186 0.566507
vt 0.81 0.55611
vt 0.804447 0.540685
vt 0.695553 0.540685
vt 0.69 0.55611
vt 0.683814 0.566507
vt 0.677703 0.594593
vt 0.67 0.61596
vt 0.84 0.706567
vt 0.834262 0.687651
vt 0.828247 0.661388
vt 0.822035 0.631723
vt 0.677965 0.631723
vt 0.671753 0.661388
vt 0.665738 0.687651
vt 0.66 0.706567
vt 0.84 0.758936
vt 0.8325 0.758936
vt 0.6675 0.758936
vt 0.66 0.758936
vt 0.84 0.851205
vt 0.8325 0.851206
vt 0.6675 0.851205
vt 0.66 0.851206
vt 0.8325 0.943475
vt 0.6675 0.943475
vt 0.765 0.433084
vt 0.76 0.43059
vt 0.7525 0.428928
vt 0.745 0.428928
vt 0.74 0.43059
vt 0.735 0.433084
vt 0.795 0.519535
vt 0.788377 0.512787
vt 0.781745 0.493726
vt 0.775 0.488778
vt 0.767455 0.482944
vt 0.76 0.479634
vt 0.752525 0.477561
vt 0.745 0.477972
vt 0.74 0.479634
vt 0.732544 0.482944
vt 0.725 0.488778
vt 0.718255 0.493726
vt 0.711622 0.512787
vt 0.705 0.519534
vt 0.815 0.616791
vt 0.807342 0.600502
vt 0.801041 0.574149
vt 0.795 0.570241
vt 0.787928 0.556468
vt 0.78 0.543641
vt 0.775 0.537822
vt 0.77 0.532835
vt 0.73 0.532835
vt 0.725 0.537822
vt 0.72 0.543641
vt 0.712072 0.556468
vt 0.705 0.570241
vt 0.698959 0.574149
vt 0.692658 0.600502
vt 0.685 0.616791
vt 0.825 0.698254
vt 0.82 0.679967
vt 0.813887 0.668145
vt 0.807554 0.63966
vt 0.8 0.626766
vt 0.7 0.626766
vt 0.692446 0.63966
vt 0.686113 0.668145
vt 0.68 0.679967
vt 0.675 0.698254
vt 0.825 0.758936
vt 0.82 0.758936
vt 0.815 0.758936
vt 0.685 0.758936
vt 0.68 0.758936
vt 0.675 0.758936
vt 0.825 0.851205
vt 0.82 0.851205
vt 0.815 0.851205
vt 0.685 0.851205
vt 0.68 0.851206
vt 0.675 0.851206
vt 0.825 0.943475
vt 0.82 0.943475
vt 0.815 0.943475
vt 0.685 0.943475
vt 0.68 0.943475
vt 0.675 0.943475
vt 0.815 0.995844
vt 0.76 0.526185
vt 0.752273 0.524069
vt 0.745 0.524522
vt 0.74 0.526185
vt 0.795 0.61596
vt 0.786893 0.600296
vt 0.78 0.58936
vt 0.774393 0.587332
vt 0.767222 0.574028
vt 0.76 0.574398
vt 0.752524 0.572323
vt 0.745 0.572735
vt 0.74 0.574397
vt 0.732778 0.574028
vt 0.725607 0.587332
vt 0.72 0.58936
vt 0.713107 0.600296
vt 0.705 0.61596
vt 0.81 0.699917
vt 0.805 0.685786
vt 0.8 0.673317
vt 0.79296 0.663458
vt 0.78567 0.643684
vt 0.78 0.639235
vt 0.773128 0.630715
vt 0.765 0.623441
vt 0.735 0.623441
vt 0.726872 0.630715
vt 0.72 0.639235
vt 0.71433 0.643684
vt 0.70704 0.663458
vt 0.7 0.673317
vt 0.695 0.685786
vt 0.69 0.699917
vt 0.81 0.758936
vt 0.805 0.758936
vt 0.8 0.758936
vt 0.7 0.758936
vt 0.695 0.758936
vt 0.69 0.758936
vt 0.81 0.851205
vt 0.805 0.851205
vt 0.8 0.851206
vt 0.7 0.851205
vt 0.695 0.851205
vt 0.69 0.851205
vt 0.81 0.943475
vt 0.805 0.943475
vt 0.8 0.943475
vt 0.7 0.943475
vt 0.695 0.943475
vt 0.69 0.943475
vt 0.81 0.997506
vt 0.805 0.990025
vt 0.8 0.991687
vt 0.752 0.617955
vt 0.745 0.618454
vt 0.790358 0.703123
vt 0.785 0.693267
vt 0.78 0.685786
vt 0.772332 0.676472
vt 0.765 0.669992
vt 0.76 0.666667
vt 0.7525 0.666667
vt 0.745 0.666667
vt 0.74 0.666667
vt 0.735 0.669992
vt 0.727668 0.676472
vt 0.72 0.685786
vt 0.715 0.693267
vt 0.709642 0.703123
vt 0.79257 0.758889
vt 0.785 0.758936
vt 0.78 0.758936
vt 0.7725 0.758936
vt 0.765 0.758936
vt 0.76 0.758936
vt 0.755 0.758936
vt 0.745 0.758936
vt 0.74 0.758936
vt 0.735 0.758936
vt 0.7275 0.758936
vt 0.72 0.758936
vt 0.715 0.758936
vt 0.7075 0.758936
vt 0.7925 0.851206
vt 0.785 0.851206
vt 0.78 0.851205
vt 0.7725 0.851206
vt 0.765 0.851205
vt 0.76 0.851205
vt 0.755 0.851205
vt 0.745 0.851206
vt 0.74 0.851205
vt 0.735 0.851205
vt 0.7275 0.851206
vt 0.72 0.851205
vt 0.715 0.851205
vt 0.7075 0.851206
vt 0.792723 0.940067
vt 0.785 0.943475
vt 0.78 0.943475
vt 0.7725 0.943475
vt 0.765 0.943475
vt 0.76 0.943475
vt 0.755 0.943475
vt 0.745 0.943475
vt 0.74 0.943475
vt 0.735 0.943475
vt 0.7275 0.943475
vt 0.72 0.943475
vt 0.715 0.943475
vt 0.7075 0.943475
vt 0.75 0.758936
vt 0.75 0.851205
vt 0.75 0.943475
vn 0.0 0.0 1.0
vn 0.0 0.0 1.0
vn 0.0 0.0 1.0
vn 0.0 0.0 1.0
vn 0.0 0.0 1.0
vn 0.0 0.0 1.0
vn 0.0 0.0 1.0
vn 0.0 0.0 1.0
vn 0.0 0.0 1.0
vn 0.0 0.0 1.0
vn 0.0 0.0 1.0
vn 0.0 0.0 1.0
vn 0.0 0.0 1.0
vn 0.0 0.0 1.0
vn 0.0 0.0 1.0
vn 0.0 0.0 1.0
vn 0.0 0.0 1.0
vn 0.0 0.0 1.0
vn 0.0 0.0 1.0
vn 0.0 0.0 1.0
vn 0.0 0.0 1.0
vn 0.0 0.0 1.0
vn 0.0 0.0 1.0
vn 0.0 0.0 1.0
vn 0.0 0.0 1.0
vn 0.0 0.0 1.0
vn 0.0 0.0 1.0
vn 0.0 0.0 1.0
vn 0.0 0.0 1.0
vn 0.0 0.0 1.0
vn 0.0 0.0 1.0
vn 0.0 0.0 1.0
vn 0.0 0.0 1.0
vn 0.0 0.0 1.0
vn 0.0 0.0 1.0
vn 0.0 0.0 1.0
vn 0.0 0.0 1.0
vn 0.0 0.0 1.0
vn 0.0 0.0 1.0
vn 0.0 0.0 1.0
vn 0.0 0.0 1.0
vn 0.0 0.0 1.0
vn 0.0 0.0 1.0
vn 0.0 0.0 1.0
vn 0.0 0.0 1.0
vn 0.0 0.0 1.0
vn 0.0 0.0 1.0
vn 0.0 0.0 1.0
vn 0.0 0.0 1.0
vn 0.0 0.0 1.0
vn 0.0 0.0 1.0
vn 0.0 0.0 1.0
vn 0.0 0.0 1.0
vn 0.0 0.0 1.0
vn 0.0 0.0 1.0
vn 0.0 0.0 1.0
vn 0.0 0.0 1.0
vn 0.0 0.0 1.0
vn 0.0 0.0 1.0
vn 0.0 0.0 1.0
vn 0.0 0.0 1.0
vn 0.0 0.0 1.0
vn 0.0 0.0 1.0
vn 0.0 0.0 1.0
vn 0.0 0.0 1.0
vn 0.0 0.0 1.0
vn 0.0 0.0 1.0
vn 0.0 0.0 1.0
vn 0.0 0.0 1.0
vn 0.0 0.0 1.0
vn 0.0 0.0 1.0
vn 0.0 0.0 1.0
vn 0.0 0.0 1.0
vn 0.0 0.0 1.0
vn 0.0 0.0 1.0
vn 0.0 0.0 1.0
vn 0.0 0.0 1.0
vn 0.0 0.0 1.0
vn 0.0 0.0 1.0
vn 0.0 0.0 1.0
vn 0.0 0.0 1.0
vn 0.0 0.0 1.0
vn 0.0 0.0 1.0
vn 0.0 0.0 1.0
vn 0.0 0.0 1.0
vn 0.0 0.0 1.0
vn 0.0 0.0 1.0
vn 0.0 0.0 1.0
vn 0.0 0.0 1.0
vn 0.0 0.0 1.0
vn 0.0 0.0 1.0
vn 0.0 0.0 1.0
vn 0.0 0.0 1.0
vn 0.0 0.0 1.0
vn 0.0 0.0 1.0
vn 0.0 0.0 1.0
vn 0.0 0.0 1.0
vn 0.0 0.0 1.0
vn 0.0 0.0 1.0
vn 0.0 0.0 1.0
vn 0.0 0.0 1.0
vn 0.0 0.0 1.0
vn 0.0 0.0 1.0
vn 0.0 0.0 1.0
vn 0.0 0.0 1.0
vn 0.0 0.0 1.0
vn 0.0 0.0 1.0
vn 0.0 0.0 1.0
vn 0.0 0.0 1.0
vn 0.0 0.0 1.0
vn 0.0 0.0 1.0
vn 0.0 0.0 1.0
vn 0.0 0.0 1.0
vn 0.0 0.0 1.0
vn 0.0 0.0 1.0
vn 0.0 0.0 1.0
vn 0.0 0.0 1.0
vn 0.0 0.0 1.0
vn 0.0 0.0 1.0
vn 0.0 0.0 1.0
vn 0.0 0.0 1.0
vn 0.0 0.0 1.0
vn 0.0 0.0 1.0
vn 0.0 0.0 1.0
vn 0.0 0.0 1.0
vn 0.0 0.0 1.0
vn 0.0 0.0 1.0
vn 0.0 0.0 1.0
vn 0.0 0.0 1.0
vn 0.0 0.0 1.0
vn 0.0 0.0 1.0
vn 0.0 0.0 1.0
vn 0.0 0.0 1.0
vn 0.0 0.0 1.0
vn 0.0 0.0 1.0
vn 0.0 0.0 1.0
vn 0.0 0.0 1.0
vn 0.0 0.0 1.0
vn 0.0 0.0 1.0
vn 0.0 0.0 1.0
vn 0.0 0.0 1.0
vn 0.0 0.0 1.0
vn 0.0 0.0 1.0
vn 0.0 0.0 1.0
vn 0.0 0.0 1.0
vn 0.0 0.0 1.0
vn 0.0 0.0 1.0
vn 0.0 0.0 1.0
vn 0.0 0.0 1.0
vn 0.0 0.0 1.0
vn 0.0 0.0 1.0
vn 0.0 0.0 1.0
vn 0.0 0.0 1.0
vn 0.0 0.0 1.0
vn 0.0 0.0 1.0
vn 0.0 0.0 1.0
vn 0.0 0.0 1.0
vn 0.0 0.0 1.0
vn 0.0 0.0 1.0
vn 0.0 0.0 1.0
vn 0.0 0.0 1.0
vn 0.0 0.0 1.0
vn 0.0 0.0 1.0
vn 0.0 0.0 1.0
vn 0.0 0.0 1.0
vn 0.0 0.0 1.0
vn 0.0 0.0 1.0
vn 0.0 0.0 1.0
vn 0.0 0.0 1.0
vn 0.0 0.0 1.0
vn 0.0 0.0 1.0
vn 0.0 0.0 1.0
vn 0.0 0.0 1.0
vn 0.0 0.0 1.0
vn 0.0 0.0 1.0
vn 0.0 0.0 1.0
vn 0.0 0.0 1.0
vn 0.0 0.0 1.0
vn 0.0 0.0 1.0
vn 0.0 0.0 1.0
vn 0.0 0.0 1.0
vn 0.0 0.0 1.0
vn 0.0 0.0 1.0
vn 0.0 0.0 1.0
vn 0.0 0.0 1.0
vn 0.0 0.0 1.0
vn 0.0 0.0 1.0
vn 0.0 0.0 1.0
vn 0.0 0.0 1.0
vn 0.0 0.0 1.0
vn 0.0 0.0 1.0
vn 0.0 0.0 1.0
vn 0.0 0.0 1.0
vn 0.0 0.0 1.0
vn 0.0 0.0 1.0
vn 0.0 0.0 1.0
vn 0.0 0.0 1.0
vn 0.0 0.0 1.0
vn 0.0 0.0 1.0
vn 0.0 0.0 1.0
vn 0.0 0.0 1.0
vn 0.0 0.0 1.0
vn 0.0 0.0 1.0
vn 0.0 0.0 1.0
vn 0.0 0.0 1.0
vn 0.0 0.0 1.0
vn 0.0 0.0 1.0
vn 0.0 0.0 1.0
vn 0.0 0.0 1.0
vn 0.0 0.0 1.0
vn 0.0 0.0 1.0
vn 0.0 0.0 1.0
vn 0.0 0.0 1.0
vn 0.0 0.0 1.0
vn 0.0 0.0 1.0
vn 0.0 0.0 1.0
vn 0.0 0.0 1.0
vn 0.0 0.0 1.0
vn 0.0 0.0 1.0
vn 0.0 0.0 1.0
vn 0.0 0.0 1.0
vn 0.0 0.0 1.0
vn 0.0 0.0 1.0
vn 0.0 0.0 1.0
vn 0.0 0.0 1.0
vn 0.0 0.0 1.0
vn 0.0 0.0 1.0
vn 0.0 0.0 1.0
vn 0.0 0.0 1.0
vn 0.0 0.0 1.0
vn 0.0 0.0 1.0
vn 0.0 0.0 1.0
vn 0.0 0.0 1.0
vn 0.0 0.0 1.0
vn 0.0 0.0 1.0
vn 0.0 0.0 1.0
vn 0.0 0.0 1.0
vn 0.0 0.0 1.0
vn 0.0 0.0 1.0
vn 0.0 0.0 1.0
vn 0.0 0.0 1.0
vn 0.0 0.0 1.0
vn 0.0 0.0 1.0
vn 0.0 0.0 1.0
vn 0.0 0.0 1.0
vn 0.0 0.0 1.0
vn 0.0 0.0 1.0
vn 0.0 0.0 1.0
vn 0.0 0.0 1.0
vn 0.0 0.0 1.0
vn 0.0 0.0 1.0
vn 0.0 0.0 1.0
vn 0.0 0.0 1.0
vn 0.0 0.0 1.0
vn 0.0 0.0 1.0
vn 0.0 0.0 1.0
vn 0.0 0.0 1.0
vn 0.0 0.0 1.0
vn 0.0 0.0 1.0
vn 0.0 0.0 1.0
vn 0.0 0.0 1.0
vn 0.0 0.0 1.0
vn 0.0 0.0 1.0
vn 0.0 0.0 1.0
vn 0.0 0.0 1.0
vn 0.0 0.0 1.0
vn 0.0 0.0 1.0
vn 0.0 0.0 1.0
vn 0.0 0.0 1.0
vn 0.0 0.0 1.0
vn 0.0 0.0 1.0
vn 0.0 0.0 1.0
vn 0.0 0.0 1.0
vn 0.0 0.0 1.0
vn 0.0 0.0 1.0
vn 0.0 0.0 1.0
vn 0.0 0.0 1.0
vn 0.0 0.0 1.0
vn 0.0 0.0 1.0
vn 0.0 0.0 1.0
vn 0.0 0.0 1.0
vn 0.0 0.0 1.0
vn 0.0 0.0 1.0
vn 0.0 0.0 1.0
vn 0.0 0.0 1.0
vn 0.0 0.0 1.0
vn 0.0 0.0 1.0
vn 0.0 0.0 1.0
vn 0.0 0.0 1.0
vn 0.0 0.0 1.0
vn 0.0 0.0 1.0
vn 0.0 0.0 1.0
vn 0.0 0.0 1.0
vn 0.0 0.0 1.0
vn 0.0 0.0 1.0
vn 0.0 0.0 1.0
vn 0.0 0.0 1.0
vn 0.0 0.0 1.0
vn 0.0 0.0 1.0
vn 0.0 0.0 1.0
vn 0.0 0.0 1.0
vn 0.0 0.0 1.0
vn 0.0 0.0 1.0
vn 0.0 0.0 1.0
vn 0.0 0.0 1.0
vn 0.0 0.0 1.0
vn 0.0 0.0 1.0
vn 0.0 0.0 1.0
vn 0.0 0.0 1.0
vn 0.0 0.0 1.0
vn 0.0 0.0 1.0
vn 0.0 0.0 1.0
vn 0.0 0.0 1.0
vn 0.0 0.0 1.0
vn 0.0 0.0 1.0
vn 0.0 0.0 1.0
vn 0.0 0.0 1.0
vn 0.0 0.0 1.0
vn 0.0 0.0 1.0
vn 0.0 0.0 1.0
vn 0.0 0.0 1.0
vn 0.0 0.0 1.0
vn 0.0 0.0 1.0
vn 0.0 0.0 1.0
vn 0.0 0.0 1.0
vn 0.0 0.0 1.0
vn 0.0 0.0 1.0
vn 0.0 0.0 1.0
vn 0.0 0.0 1.0
vn 0.0 0.0 1.0
vn 0.0 0.0 1.0
vn 0.0 0.0 1.0
vn 0.0 0.0 1.0
vn 0.0 0.0 1.0
vn 0.0 0.0 1.0
vn 0.0 0.0 1.0
vn 0.0 0.0 1.0
vn 0.0 0.0 1.0
vn 0.0 0.0 1.0
vn 0.0 0.0 1.0
vn 0.0 0.0 1.0
vn 0.0 0.0 1.0
vn 0.0 0.0 1.0
vn 0.0 0.0 1.0
vn 0.0 0.0 1.0
vn 0.0 0.0 1.0
vn 0.0 0.0 1.0
vn 0.0 0.0 1.0
vn 0.0 0.0 1.0
vn 0.0 0.0 1.0
vn 0.0 0.0 1.0
vn 0.0 0.0 1.0
vn 0.0 0.0 1.0
vn 0.0 0.0 1.0
vn 0.0 0.0 1.0
vn 0.0 0.0 1.0
vn 0.0 0.0 1.0
vn 0.0 0.0 1.0
vn 0.0 0.0 1.0
vn 0.0 0.0 1.0
vn 0.0 0.0 1.0
vn 0.0 0.0 1.0
vn 0.0 0.0 1.0
vn 0.0 0.0 1.0
vn 0.0 0.0 1.0
vn 0.0 0.0 1.0
vn 0.0 0.0 1.0
vn 0.0 0.0 1.0
vn 0.0 0.0 1.0
vn 0.0 0.0 1.0
vn 0.0 0.0 1.0
vn 0.0 0.0 1.0
vn 0.0 0.0 1.0
vn 0.0 0.0 1.0
vn 0.0 0.0 1.0
vn 0.0 0.0 1.0
vn 0.0 0.0 1.0
vn 0.0 0.0 1.0
vn 0.0 0.0 1.0
vn 0.0 0.0 1.0
vn 0.0 0.0 1.0
vn 0.0 0.0 1.0
vn 0.0 0.0 1.0
vn 0.0 0.0 1.0
vn 0.0 0.0 1.0
vn 0.0 0.0 1.0
vn 0.0 0.0 1.0
vn 0.0 0.0 1.0
vn 0.0 0.0 1.0
vn 0.0 0.0 1.0
vn 0.0 0.0 1.0
vn 0.0 0.0 1.0
vn 0.0 0.0 1.0
vn 0.0 0.0 1.0
vn 0.0 0.0 1.0
vn 0.0 0.0 1.0
vn 0.0 0.0 1.0
vn 0.0 0.0 1.0
vn 0.0 0.0 1.0
vn 0.0 0.0 1.0
vn 0.0 0.0 1.0
vn 0.0 0.0 1.0
vn 0.0 0.0 1.0
vn 0.0 0.0 1.0
vn 0.0 0.0 1.0
vn 0.0 0.0 1.0
vn 0.0 0.0 1.0
vn 0.0 0.0 1.0
vn 0.0 0.0 1.0
vn 0.0 0.0 1.0
vn 0.0 0.0 1.0
vn 0.0 0.0 1.0
vn 0.0 0.0 1.0
vn 0.0 0.0 1.0
vn 0.0 0.0 1.0
vn 0.0 0.0 1.0
vn 0.0 0.0 1.0
vn 0.0 0.0 1.0
vn 0.0 0.0 1.0
vn 0.0 0.0 1.0
vn 0.0 0.0 1.0
vn 0.0 0.0 1.0
vn 0.0 0.0 1.0
vn 0.0 0.0 1.0
vn 0.0 0.0 1.0
vn 0.0 0.0 1.0
vn 0.0 0.0 1.0
vn 0.0 0.0 1.0
vn 0.0 0.0 1.0
vn 0.0 0.0 1.0
vn 0.0 0.0 1.0
vn 0.0 0.0 1.0
vn 0.0 0.0 1.0
vn 0.0 0.0 1.0
vn 0.0 0.0 1.0
vn 0.0 0.0 1.0
vn 0.0 0.0 1.0
vn 0.0 0.0 1.0
vn 0.0 0.0 1.0
vn 0.0 0.0 1.0
vn 0.0 0.0 1.0
vn 0.0 0.0 1.0
vn 0.0 0.0 1.0
vn 0.0 0.0 1.0
vn 0.0 0.0 1.0
vn 0.0 0.0 1.0
vn 0.0 0.0 1.0
vn 0.0 0.0 1.0
vn 0.0 0.0 1.0
vn 0.0 0.0 1.0
vn 0.0 0.0 1.0
vn 0.0 0.0 1.0
vn 0.0 0.0 1.0
vn 0.0 0.0 1.0
vn 0.0 0.0 1.0
vn 0.0 0.0 1.0
vn 0.0 0.0 1.0
vn 0.0 0.0 1.0
vn 0.0 0.0 1.0
vn 0.0 0.0 1.0
vn 0.0 0.0 1.0
vn 0.0 0.0 1.0
vn 0.0 0.0 1.0
vn 0.0 0.0 1.0
vn 0.0 0.0 1.0
vn 0.0 0.0 1.0
vn 0.0 0.0 1.0
vn 0.0 0.0 1.0
vn 0.0 0.0 1.0
vn 0.0 0.0 1.0
vn 0.0 0.0 1.0
vn 0.0 0.0 1.0
vn 0.0 0.0 1.0
vn 0.0 0.0 1.0
vn 0.0 0.0 1.0
vn 0.0 0.0 1.0
vn 0.0 0.0 1.0
vn 0.0 0.0 1.0
vn 0.0 0.0 1.0
vn 0.0 0.0 1.0
vn 0.0 0.0 1.0
vn 0.0 0.0 1.0
vn 0.0 0.0 1.0
vn 0.0 0.0 1.0
vn 0.0 0.0 1.0
vn 0.0 0.0 1.0
vn 0.0 0.0 1.0
vn 0.0 0.0 1.0
vn 0.0 0.0 1.0
vn 0.0 0.0 1.0
vn 0.0 0.0 1.0
vn 0.0 0.0 1.0
vn 0.0 0.0 1.0
vn 0.0 0.0 1.0
vn 0.0 0.0 1.0
vn 0.0 0.0 1.0
vn 0.0 0.0 1.0
vn 0.0 0.0 1.0
vn 0.0 0.0 1.0
vn 0.0 0.0 1.0
vn 0.0 0.0 1.0
vn 0.0 0.0 1.0
vn 0.0 0.0 1.0
vn 0.0 0.0 1.0
vn 0.0 0.0 1.0
vn 0.0 0.0 1.0
vn 0.0 0.0 1.0
vn 0.0 0.0 1.0
vn 0.0 0.0 1.0
vn 0.0 0.0 1.0
vn 0.0 0.0 1.0
vn 0.0 0.0 1.0
vn 0.0 0.0 1.0
vn 0.0 0.0 1.0
vn 0.0 0.0 1.0
vn 0.0 0.0 1.0
vn 0.0 0.0 1.0
vn 0.0 0.0 1.0
vn 0.0 0.0 1.0
vn 0.0 0.0 1.0
vn 0.0 0.0 1.0
vn 0.0 0.0 1.0
vn 0.0 0.0 1.0
vn 0.0 0.0 1.0
vn 0.0 0.0 1.0
vn 0.0 0.0 1.0
vn 0.0 0.0 1.0
vn 0.0 0.0 1.0
vn 0.0 0.0 1.0
vn 0.0 0.0 1.0
vn 0.0 0.0 1.0
vn 0.0 0.0 1.0
vn 0.0 0.0 1.0
vn 0.0 0.0 1.0
vn 0.0 0.0 1.0
vn 0.0 0.0 1.0
vn 0.0 0.0 1.0
vn 0.0 0.0 1.0
vn 0.0 0.0 1.0
vn 0.0 0.0 1.0
vn 0.0 0.0 1.0
vn 0.0 0.0 1.0
vn 0.0 0.0 1.0
vn 0.0 0.0 1.0
vn 0.0 0.0 1.0
vn 0.0 0.0 1.0
vn 0.0 0.0 1.0
vn 0.0 0.0 1.0
vn 0.0 0.0 1.0
vn 0.0 0.0 1.0
vn 0.0 0.0 1.0
vn 0.0 0.0 1.0
vn 0.0 0.0 1.0
vn 0.0 0.0 1.0
vn 0.0 0.0 1.0
vn 0.0 0.0 1.0
vn 0.0 0.0 1.0
vn 0.0 0.0 1.0
vn 0.0 0.0 1.0
vn 0.0 0.0 1.0
vn 0.0 0.0 1.0
vn 0.0 0.0 1.0
vn 0.0 0.0 1.0
vn 0.0 0.0 1.0
vn 0.0 0.0 1.0
vn 0.0 0.0 1.0
vn 0.0 0.0 1.0
vn 0.0 0.0 1.0
vn 0.0 0.0 1.0
vn 0.0 0.0 1.0
vn 0.0 0.0 1.0
vn 0.0 0.0 1.0
vn 0.0 0.0 1.0
vn 0.0 0.0 1.0
vn 0.0 0.0 1.0
vn 0.0 0.0 1.0
vn 0.0 0.0 1.0
vn 0.0 0.0 1.0
vn 0.0 0.0 1.0
vn 0.0 0.0 1.0
vn 0.0 0.0 1.0
vn 0.0 0.0 1.0
vn 0.0 0.0 1.0
vn 0.0 0.0 1.0
vn 0.0 0.0 1.0
vn 0.0 0.0 1.0
vn 0.0 0.0 1.0
vn 0.0 0.0 1.0
vn 0.0 0.0 1.0
vn 0.0 0.0 1.0
vn 0.0 0.0 1.0
vn 0.0 0.0 1.0
vn 0.0 0.0 1.0
vn 0.0 0.0 1.0
vn 0.0 0.0 1.0
vn 0.0 0.0 1.0
vn 0.0 0.0 1.0
vn 0.0 0.0 1.0
vn 0.0 0.0 1.0
vn 0.0 0.0 1.0
vn 0.0 0.0 1.0
vn 0.0 0.0 1.0
vn 0.0 0.0 1.0
vn 0.0 0.0 1.0
vn 0.0 0.0 1.0
vn 0.0 0.0 1.0
vn 0.0 0.0 1.0
vn 0.0 0.0 1.0
vn 0.0 0.0 1.0
vn 0.0 0.0 1.0
vn 0.0 0.0 1.0
vn 0.0 0.0 1.0
vn 0.0 0.0 1.0
vn 0.0 0.0 1.0
vn 0.0 0.0 1.0
vn 0.0 0.0 1.0
vn 0.0 0.0 1.0
vn 0.0 0.0 1.0
vn 0.0 0.0 1.0
vn 0.0 0.0 1.0
vn 0.0 0.0 1.0
vn 0.0 0.0 1.0
vn 0.0 0.0 1.0
vn 0.0 0.0 1.0
vn 0.0 0.0 1.0
vn 0.0 0.0 1.0
vn 0.0 0.0 1.0
vn 0.0 0.0 1.0
vn 0.0 0.0 1.0
vn 0.0 0.0 1.0
vn 0.0 0.0 1.0
vn 0.0 0.0 1.0
vn 0.0 0.0 1.0
vn 0.0 0.0 1.0
vn 0.0 0.0 1.0
vn 0.0 0.0 1.0
vn 0.0 0.0 1.0
vn 0.0 0.0 1.0
vn 0.0 0.0 1.0
vn 0.0 0.0 1.0
vn 0.0 0.0 1.0
vn 0.0 0.0 1.0
vn 0.0 0.0 1.0
vn 0.0 0.0 1.0
vn 0.0 0.0 1.0
vn 0.0 0.0 1.0
vn 0.0 0.0 1.0
vn 0.0 0.0 1.0
vn 0.0 0.0 1.0
vn 0.0 0.0 1.0
vn 0.0 0.0 1.0
vn 0.0 0.0 1.0
vn 0.0 0.0 1.0
vn 0.0 0.0 1.0
vn 0.0 0.0 1.0
vn 0.0 0.0 1.0
vn 0.0 0.0 1.0
vn 0.0 0.0 1.0
vn 0.0 0.0 1.0
vn 0.0 0.0 1.0
vn 0.0 0.0 1.0
vn 0.0 0.0 1.0
vn 0.0 0.0 1.0
vn 0.0 0.0 1.0
vn 0.0 0.0 1.0
vn 0.0 0.0 1.0
vn 0.0 0.0 1.0
vn 0.0 0.0 1.0
vn 0.0 0.0 1.0
vn 0.0 0.0 1.0
vn 0.0 0.0 1.0
vn 0.0 0.0 1.0
vn 0.0 0.0 1.0
vn 0.0 0.0 1.0
vn 0.0 0.0 1.0
vn 0.0 0.0 1.0
vn 0.0 0.0 1.0
vn 0.0 0.0 1.0
vn 0.0 0.0 1.0
vn 0.0 0.0 1.0
vn 0.0 0.0 1.0
vn 0.0 0.0 1.0
vn 0.0 0.0 1.0
vn 0.0 0.0 1.0
vn 0.0 0.0 1.0
vn 0.0 0.0 1.0
vn 0.0 0.0 1.0
vn 0.0 0.0 1.0
vn 0.0 0.0 1.0
vn 0.0 0.0 1.0
vn 0.0 0.0 1.0
vn 0.0 0.0 1.0
vn 0.0 0.0 1.0
vn 0.0 0.0 1.0
vn 0.0 0.0 1.0
vn 0.0 0.0 1.0
vn 0.0 0.0 1.0
vn 0.0 0.0 1.0
vn 0.0 0.0 1.0
vn 0.0 0.0 1.0
vn 0.0 0.0 1.0
vn 0.0 0.0 1.0
vn 0.0 0.0 1.0
vn 0.0 0.0 1.0
vn 0.0 0.0 1.0
vn 0.0 0.0 1.0
vn 0.0 0.0 1.0
vn 0.0 0.0 1.0
vn 0.0 0.0 1.0
vn 0.0 0.0 1.0
vn 0.0 0.0 1.0
vn 0.0 0.0 1.0
vn 0.0 0.0 1.0
vn 0.0 0.0 1.0
vn 0.0 0.0 1.0
vn 0.0 0.0 1.0
vn 0.0 0.0 1.0
vn 0.0 0.0 1.0
vn 0.0 0.0 1.0
vn 0.0 0.0 1.0
vn 0.0 0.0 1.0
vn 0.0 0.0 1.0
vn 0.0 0.0 1.0
vn 0.0 0.0 1.0
vn 0.0 0.0 1.0
vn 0.0 0.0 1.0
vn 0.0 0.0 1.0
vn 0.0 0.0 1.0
vn 0.0 0.0 1.0
vn 0.0 0.0 1.0
vn 0.0 0.0 1.0
vn 0.0 0.0 1.0
vn 0.0 0.0 1.0
vn 0.0 0.0 1.0
vn 0.0 0.0 1.0
vn 0.0 0.0 1.0
vn 0.0 0.0 1.0
vn 0.0 0.0 1.0
vn 0.0 0.0 1.0
vn 0.0 0.0 1.0
vn 0.0 0.0 1.0
vn 0.0 0.0 1.0
vn 0.0 0.0 1.0
vn 0.0 0.0 1.0
vn 0.0 0.0 1.0
vn 0.0 0.0 1.0
vn 0.0 0.0 1.0
vn 0.0 0.0 1.0
vn 0.0 0.0 1.0
vn 0.0 0.0 1.0
vn 0.0 0.0 1.0
vn 0.0 0.0 1.0
vn 0.0 0.0 1.0
vn 0.0 0.0 1.0
vn 0.0 0.0 1.0
vn 0.0 0.0 1.0
vn 0.0 0.0 1.0
vn 0.0 0.0 1.0
vn 0.0 0.0 1.0
vn 0.0 0.0 1.0
vn 0.0 0.0 1.0
vn 0.0 0.0 1.0
vn 0.0 0.0 1.0
vn 0.0 0.0 1.0
vn 0.0 0.0 1.0
vn 0.0 0.0 1.0
vn 0.0 0.0 1.0
vn 0.0 0.0 1.0
vn 0.0 0.0 1.0
vn 0.0 0.0 1.0
vn 0.0 0.0 1.0
vn 0.0 0.0 1.0
vn 0.0 0.0 1.0
vn 0.0 0.0 1.0
vn 0.0 0.0 1.0
vn 0.0 0.0 1.0
vn 0.0 0.0 1.0
vn 0.0 0.0 1.0
vn 0.0 0.0 1.0
vn 0.0 0.0 1.0
vn 0.0 0.0 1.0
vn 0.0 0.0 1.0
vn 0.0 0.0 1.0
vn 0.0 0.0 1.0
vn 0.0 0.0 1.0
vn 0.0 0.0 1.0
vn 0.0 0.0 1.0
vn 0.0 0.0 1.0
vn 0.0 0.0 1.0
vn 0.0 0.0 1.0
vn 0.0 0.0 1.0
vn 0.0 0.0 1.0
vn 0.0 0.0 1.0
vn 0.0 0.0 1.0
vn 0.0 0.0 1.0
vn 0.0 0.0 1.0
vn 0.0 0.0 1.0
vn 0.0 0.0 1.0
vn 0.0 0.0 1.0
vn 0.0 0.0 1.0
vn 0.0 0.0 1.0
vn 0.0 0.0 1.0
vn 0.0 0.0 1.0
vn 0.0 0.0 1.0
vn 0.0 0.0 1.0
vn 0.0 0.0 1.0
vn 0.0 0.0 1.0
vn 0.0 0.0 1.0
vn 0.0 0.0 1.0
vn 0.0 0.0 1.0
vn 0.0 0.0 1.0
vn 0.0 0.0 1.0
vn 0.0 0.0 1.0
vn 0.0 0.0 1.0
vn 0.0 0.0 1.0
vn 0.0 0.0 1.0
vn 0.0 0.0 1.0
vn 0.0 0.0 1.0
vn 0.0 0.0 1.0
vn 0.0 0.0 1.0
vn 0.0 0.0 1.0
vn 0.0 0.0 1.0
vn 0.0 0.0 1.0
vn 0.0 0.0 1.0
vn 0.0 0.0 1.0
vn 0.0 0.0 1.0
vn 0.0 0.0 1.0
vn 0.0 0.0 1.0
vn 0.0 0.0 1.0
vn 0.0 0.0 1.0
vn 0.0 0.0 1.0
vn 0.0 0.0 1.0
vn 0.0 0.0 1.0
vn 0.0 0.0 1.0
vn 0.0 0.0 1.0
vn 0.0 0.0 1.0
vn 0.0 0.0 1.0
vn 0.0 0.0 1.0
vn 0.0 0.0 1.0
vn 0.0 0.0 1.0
vn 0.0 0.0 1.0
vn 0.0 0.0 1.0
vn 0.0 0.0 1.0
vn 0.0 0.0 1.0
vn 0.0 0.0 1.0
vn 0.0 0.0 1.0
vn 0.0 0.0 1.0
vn 0.0 0.0 1.0
vn 0.0 0.0 1.0
vn 0.0 0.0 1.0
vn 0.0 0.0 1.0
vn 0.0 0.0 1.0
vn 0.0 0.0 1.0
vn 0.0 0.0 1.0
vn 0.0 0.0 1.0
vn 0.0 0.0 1.0
vn 0.0 0.0 1.0
vn 0.0 0.0 1.0
vn 0.0 0.0 1.0
vn 0.0 0.0 1.0
vn 0.0 0.0 1.0
vn 0.0 0.0 1.0
vn 0.0 0.0 1.0
vn 0.0 0.0 1.0
vn 0.0 0.0 1.0
vn 0.0 0.0 1.0
vn 0.0 0.0 1.0
vn 0.0 0.0 1.0
vn 0.0 0.0 1.0
vn 0.0 0.0 1.0
vn 0.0 0.0 1.0
vn 0.0 0.0 1.0
vn 0.0 0.0 1.0
vn 0.0 0.0 1.0
vn 0.0 0.0 1.0
vn 0.0 0.0 1.0
vn 0.0 0.0 1.0
vn 0.0 0.0 1.0
vn 0.0 0.0 1.0
vn 0.0 0.0 1.0
vn 0.0 0.0 1.0
vn 0.0 0.0 1.0
vn 0.0 0.0 1.0
vn 0.0 0.0 1.0
vn 0.0 0.0 1.0
vn 0.0 0.0 1.0
vn 0.0 0.0 1.0
vn 0.0 0.0 1.0
vn 0.0 0.0 1.0
vn 0.0 0.0 1.0
vn 0.0 0.0 1.0
vn 0.0 0.0 1.0
vn 0.0 0.0 1.0
vn 0.0 0.0 1.0
vn 0.0 0.0 1.0
vn 0.0 0.0 1.0
vn 0.0 0.0 1.0
vn 0.0 0.0 1.0
vn 0.0 0.0 1.0
vn 0.0 0.0 1.0
vn 0.0 0.0 1.0
vn 0.0 0.0 1.0
vn 0.0 0.0 1.0
vn 0.0 0.0 1.0
vn 0.0 0.0 1.0
vn 0.0 0.0 1.0
vn 0.0 0.0 1.0
vn 0.0 0.0 1.0
vn 0.0 0.0 1.0
vn 0.0 0.0 1.0
vn 0.0 0.0 1.0
vn 0.0 0.0 1.0
vn 0.0 0.0 1.0
vn 0.0 0.0 1.0
vn 0.0 0.0 1.0
vn 0.0 0.0 1.0
vn 0.0 0.0 1.0
vn 0.0 0.0 1.0
vn 0.0 0.0 1.0
vn 0.0 0.0 1.0
vn 0.0 0.0 1.0
vn 0.0 0.0 1.0
vn 0.0 0.0 1.0
vn 0.0 0.0 1.0
vn 0.0 0.0 1.0
vn 0.0 0.0 1.0
vn 0.0 0.0 1.0
vn 0.0 0.0 1.0
vn 0.0 0.0 1.0
vn 0.0 0.0 1.0
vn 0.0 0.0 1.0
vn 0.0 0.0 1.0
vn 0.0 0.0 1.0
vn 0.0 0.0 1.0
vn 0.0 0.0 1.0
vn 0.0 0.0 1.0
vn 0.0 0.0 1.0
vn 0.0 0.0 1.0
vn 0.0 0.0 1.0
vn 0.0 0.0 1.0
vn 0.0 0.0 1.0
vn 0.0 0.0 1.0
vn 0.0 0.0 1.0
vn 0.0 0.0 1.0
vn 0.0 0.0 1.0
vn 0.0 0.0 1.0
vn 0.0 0.0 1.0
vn 0.0 0.0 1.0
vn 0.0 0.0 1.0
vn 0.0 0.0 1.0
vn 0.0 0.0 1.0
vn 0.0 0.0 1.0
vn 0.0 0.0 1.0
vn 0.0 0.0 1.0
vn 0.0 0.0 1.0
vn 0.0 0.0 1.0
vn 0.0 0.0 1.0
vn 0.0 0.0 1.0
vn 0.0 0.0 1.0
vn 0.0 0.0 1.0
vn 0.0 0.0 1.0
vn 0.0 0.0 1.0
vn 0.0 0.0 1.0
vn 0.0 0.0 1.0
vn 0.0 0.0 1.0
vn 0.0 0.0 1.0
vn 0.0 0.0 1.0
vn 0.0 0.0 1.0
vn 0.0 0.0 1.0
vn 0.0 0.0 1.0
vn 0.0 0.0 1.0
vn 0.0 0.0 1.0
vn 0.0 0.0 1.0
vn 0.0 0.0 1.0
vn 0.0 0.0 1.0
vn 0.0 0.0 1.0
vn 0.0 0.0 1.0
vn 0.0 0.0 1.0
vn 0.0 0.0 1.0
vn 0.0 0.0 1.0
vn 0.0 0.0 1.0
vn 0.0 0.0 1.0
vn 0.0 0.0 1.0
vn 0.0 0.0 1.0
vn 0.0 0.0 1.0
vn 0.0 0.0 1.0
vn 0.0 0.0 1.0
vn 0.0 0.0 1.0
vn 0.0 0.0 1.0
vn 0.0 0.0 1.0
vn 0.0 0.0 1.0
vn 0.0 0.0 1.0
vn 0.0 0.0 1.0
vn 0.0 0.0 1.0
vn 0.0 0.0 1.0
vn 0.0 0.0 1.0
vn 0.0 0.0 1.0
vn 0.0 0.0 1.0
vn 0.0 0.0 1.0
vn 0.0 0.0 1.0
vn 0.0 0.0 1.0
vn 0.0 0.0 1.0
vn 0.0 0.0 1.0
vn 0.0 0.0 1.0
vn 0.0 0.0 1.0
vn 0.0 0.0 1.0
vn 0.0 0.0 1.0
vn 0.0 0.0 1.0
vn 0.0 0.0 1.0
vn 0.0 0.0 1.0
vn 0.0 0.0 1.0
vn 0.0 0.0 1.0
vn 0.0 0.0 1.0
vn 0.0 0.0 1.0
vn 0.0 0.0 1.0
vn 0.0 0.0 1.0
vn 0.0 0.0 1.0
vn 0.0 0.0 1.0
vn 0.0 0.0 1.0
vn 0.0 0.0 1.0
vn 0.0 0.0 1.0
vn 0.0 0.0 1.0
vn 0.0 0.0 1.0
vn 0.0 0.0 1.0
vn 0.0 0.0 1.0
vn 0.0 0.0 1.0
vn 0.0 0.0 1.0
vn 0.0 0.0 1.0
vn 0.0 0.0 1.0
vn 0.0 0.0 1.0
vn 0.0 0.0 1.0
vn 0.0 0.0 1.0
vn 0.0 0.0 1.0
vn 0.0 0.0 1.0
vn 0.0 0.0 1.0
vn 0.0 0.0 1.0
vn 0.0 0.0 1.0
vn 0.0 0.0 1.0
vn 0.0 0.0 1.0
vn 0.0 0.0 1.0
vn 0.0 0.0 1.0
vn 0.0 0.0 1.0
vn 0.0 0.0 1.0
vn 0.0 0.0 1.0
vn 0.0 0.0 1.0
vn 0.0 0.0 1.0
vn 0.0 0.0 1.0
vn 0.0 0.0 1.0
vn 0.0 0.0 1.0
vn 0.0 0.0 1.0
vn 0.0 0.0 1.0
vn 0.0 0.0 1.0
vn 0.0 0.0 1.0
vn 0.0 0.0 1.0
vn 0.0 0.0 1.0
vn 0.0 0.0 1.0
vn 0.0 0.0 1.0
vn 0.0 0.0 1.0
vn 0.0 0.0 1.0
vn 0.0 0.0 1.0
vn 0.0 0.0 1.0
vn 0.0 0.0 1.0
vn 0.0 0.0 1.0
vn 0.0 0.0 1.0
vn 0.0 0.0 1.0
vn 0.0 0.0 1.0
vn 0.0 0.0 1.0
vn 0.0 0.0 1.0
vn 0.0 0.0 1.0
vn 0.0 0.0 1.0
vn 0.0 0.0 1.0
vn 0.0 0.0 1.0
vn 0.0 0.0 1.0
vn 0.0 0.0 1.0
vn 0.0 0.0 1.0
vn 0.0 0.0 1.0
vn 0.0 0.0 1.0
vn 0.0 0.0 1.0
vn 0.0 0.0 1.0
vn 0.0 0.0 1.0
vn 0.0 0.0 1.0
vn 0.0 0.0 1.0
vn 0.0 0.0 1.0
vn 0.0 0.0 1.0
vn 0.0 0.0 1.0
vn 0.0 0.0 1.0
vn 0.0 0.0 1.0
vn 0.0 0.0 1.0
vn 0.0 0.0 1.0
vn 0.0 0.0 1.0
vn 0.0 0.0 1.0
vn 0.0 0.0 1.0
vn 0.0 0.0 1.0
vn 0.0 0.0 1.0
vn 0.0 0.0 1.0
vn 0.0 0.0 1.0
vn 0.0 0.0 1.0
vn 0.0 0.0 1.0
vn 0.0 0.0 1.0
vn 0.0 0.0 1.0
vn 0.0 0.0 1.0
vn 0.0 0.0 1.0
vn 0.0 0.0 1.0
vn 0.0 0.0 1.0
vn 0.0 0.0 1.0
vn 0.0 0.0 1.0
vn 0.0 0.0 1.0
vn 0.0 0.0 1.0
vn 0.0 0.0 1.0
vn 0.0 0.0 1.0
vn 0.0 0.0 1.0
vn 0.0 0.0 1.0
vn 0.0 0.0 1.0
vn 0.0 0.0 1.0
vn 0.0 0.0 1.0
vn 0.0 0.0 1.0
vn 0.0 0.0 1.0
vn 0.0 0.0 1.0
vn 0.0 0.0 1.0
vn 0.0 0.0 1.0
vn 0.0 0.0 1.0
vn 0.0 0.0 1.0
vn 0.0 0.0 1.0
vn 0.0 0.0 1.0
vn 0.0 0.0 1.0
vn 0.0 0.0 1.0
vn 0.0 0.0 1.0
vn 0.0 0.0 1.0
vn 0.0 0.0 1.0
vn 0.0 0.0 1.0
vn 0.0 0.0 1.0
vn 0.0 0.0 1.0
vn 0.0 0.0 1.0
vn 0.0 0.0 1.0
vn 0.0 0.0 1.0
vn 0.0 0.0 1.0
vn 0.0 0.0 1.0
vn 0.0 0.0 1.0
vn 0.0 0.0 1.0
vn 0.0 0.0 1.0
vn 0.0 0.0 1.0
vn 0.0 0.0 1.0
vn 0.0 0.0 1.0
vn 0.0 0.0 1.0
vn 0.0 0.0 1.0
vn 0.0 0.0 1.0
vn 0.0 0.0 1.0
vn 0.0 0.0 1.0
vn 0.0 0.0 1.0
vn 0.0 0.0 1.0
vn 0.0 0.0 1.0
vn 0.0 0.0 1.0
vn 0.0 0.0 1.0
vn 0.0 0.0 1.0
vn 0.0 0.0 1.0
vn 0.0 0.0 1.0
vn 0.0 0.0 1.0
vn 0.0 0.0 1.0
vn 0.0 0.0 1.0
vn 0.0 0.0 1.0
vn 0.0 0.0 1.0
vn 0.0 0.0 1.0
vn 0.0 0.0 1.0
vn 0.0 0.0 1.0
vn 0.0 0.0 1.0
vn 0.0 0.0 1.0
vn 0.0 0.0 1.0
vn 0.0 0.0 1.0
vn 0.0 0.0 1.0
vn 0.0 0.0 1.0
vn 0.0 0.0 1.0
vn 0.0 0.0 1.0
vn 0.0 0.0 1.0
vn 0.0 0.0 1.0
vn 0.0 0.0 1.0
vn 0.0 0.0 1.0
vn 0.0 0.0 1.0
vn 0.0 0.0 1.0
vn 0.0 0.0 1.0
vn 0.0 0.0 1.0
vn 0.0 0.0 1.0
vn 0.0 0.0 1.0
vn 0.0 0.0 1.0
vn 0.0 0.0 1.0
vn 0.0 0.0 1.0
vn 0.0 0.0 1.0
vn 0.0 0.0 1.0
vn 0.0 0.0 1.0
vn 0.0 0.0 1.0
vn 0.0 0.0 1.0
vn 0.0 0.0 1.0
vn 0.0 0.0 1.0
vn 0.0 0.0 1.0
vn 0.0 0.0 1.0
vn 0.0 0.0 1.0
vn 0.0 0.0 1.0
vn 0.0 0.0 1.0
vn 0.0 0.0 1.0
vn 0.0 0.0 1.0
vn 0.0 0.0 1.0
vn 0.0 0.0 1.0
vn 0.0 0.0 1.0
vn 0.0 0.0 1.0
vn 0.0 0.0 1.0
vn 0.0 0.0 1.0
vn 0.0 0.0 1.0
vn 0.0 0.0 1.0
vn 0.0 0.0 1.0
vn 0.0 0.0 1.0
vn 0.0 0.0 1.0
vn 0.0 0.0 1.0
vn 0.0 0.0 1.0
vn 0.0 0.0 1.0
vn 0.0 0.0 1.0
vn 0.0 0.0 1.0
vn 0.0 0.0 1.0
vn 0.0 0.0 1.0
vn 0.0 0.0 1.0
vn 0.0 0.0 1.0
vn 0.0 0.0 1.0
vn 0.0 0.0 1.0
vn 0.0 0.0 1.0
vn 0.0 0.0 1.0
vn 0.0 0.0 1.0
vn 0.0 0.0 1.0
vn 0.0 0.0 1.0
vn 0.0 0.0 1.0
vn 0.0 0.0 1.0
vn 0.0 0.0 1.0
vn 0.0 0.0 1.0
vn 0.0 0.0 1.0
vn 0.0 0.0 1.0
vn 0.0 0.0 1.0
vn 0.0 0.0 1.0
vn 0.0 0.0 1.0
vn 0.0 0.0 1.0
vn 0.0 0.0 1.0
vn 0.0 0.0 1.0
vn 0.0 0.0 1.0
vn 0.0 0.0 1.0
vn 0.0 0.0 1.0
vn 0.0 0.0 1.0
vn 0.0 0.0 1.0
vn 0.0 0.0 1.0
vn 0.0 0.0 1.0
vn 0.0 0.0 1.0
vn 0.0 0.0 1.0
vn 0.0 0.0 1.0
vn 0.0 0.0 1.0
vn 0.0 0.0 1.0
vn 0.0 0.0 1.0
vn 0.0 0.0 1.0
vn 0.0 0.0 1.0
vn 0.0 0.0 1.0
vn 0.0 0.0 1.0
vn 0.0 0.0 1.0
vn 0.0 0.0 1.0
vn 0.0 0.0 1.0
vn 0.0 0.0 1.0
vn 0.0 0.0 1.0
vn 0.0 0.0 1.0
vn 0.0 0.0 1.0
vn 0.0 0.0 1.0
vn 0.0 0.0 1.0
vn 0.0 0.0 1.0
vn 0.0 0.0 1.0
vn 0.0 0.0 1.0
vn 0.0 0.0 1.0
vn 0.0 0.0 1.0
vn 0.0 0.0 1.0
vn 0.0 0.0 1.0
vn 0.0 0.0 1.0
vn 0.0 0.0 1.0
vn 0.0 0.0 1.0
vn 0.0 0.0 1.0
vn 0.0 0.0 1.0
vn 0.0 0.0 1.0
vn 0.0 0.0 1.0
vn 0.0 0.0 1.0
vn 0.0 0.0 1.0
vn 0.0 0.0 1.0
vn 0.0 0.0 1.0
vn 0.0 0.0 1.0
vn 0.0 0.0 1.0
vn 0.0 0.0 1.0
vn 0.0 0.0 1.0
vn 0.0 0.0 1.0
vn 0.0 0.0 1.0
vn 0.0 0.0 1.0
vn 0.0 0.0 1.0
vn 0.0 0.0 1.0
vn 0.0 0.0 1.0
vn 0.0 0.0 1.0
vn 0.0 0.0 1.0
vn 0.0 0.0 1.0
vn 0.0 0.0 1.0
vn 0.0 0.0 1.0
vn 0.0 0.0 1.0
vn 0.0 0.0 1.0
vn 0.0 0.0 1.0
vn 0.0 0.0 1.0
vn 0.0 0.0 1.0
vn 0.0 0.0 1.0
vn 0.0 0.0 1.0
vn 0.0 0.0 1.0
vn 0.0 0.0 1.0
vn 0.0 0.0 1.0
vn 0.0 0.0 1.0
vn 0.0 0.0 1.0
vn 0.0 0.0 1.0
vn 0.0 0.0 1.0
vn 0.0 0.0 1.0
vn 0.0 0.0 1.0
vn 0.0 0.0 1.0
vn 0.0 0.0 1.0
vn 0.0 0.0 1.0
vn 0.0 0.0 1.0
vn 0.0 0.0 1.0
vn 0.0 0.0 1.0
vn 0.0 0.0 1.0
vn 0.0 0.0 1.0
vn 0.0 0.0 1.0
vn 0.0 0.0 1.0
vn 0.0 0.0 1.0
vn 0.0 0.0 1.0
vn 0.0 0.0 1.0
vn 0.0 0.0 1.0
vn 0.0 0.0 1.0
vn 0.0 0.0 1.0
vn 0.0 0.0 1.0
vn 0.0 0.0 1.0
vn 0.0 0.0 1.0
vn 0.0 0.0 1.0
vn 0.0 0.0 1.0
vn 0.0 0.0 1.0
vn 0.0 0.0 1.0
vn 0.0 0.0 1.0
vn 0.0 0.0 1.0
vn 0.0 0.0 1.0
vn 0.0 0.0 1.0
vn 0.0 0.0 1.0
vn 0.0 0.0 1.0
vn 0.0 0.0 1.0
vn 0.0 0.0 1.0
vn 0.0 0.0 1.0
vn 0.0 0.0 1.0
vn 0.0 0.0 1.0
vn 0.0 0.0 1.0
vn 0.0 0.0 1.0
vn 0.0 0.0 1.0
vn 0.0 0.0 1.0
vn 0.0 0.0 1.0
vn 0.0 0.0 1.0
vn 0.0 0.0 1.0
vn 0.0 0.0 1.0
vn 0.0 0.0 1.0
vn 0.0 0.0 1.0
vn 0.0 0.0 1.0
vn 0.0 0.0 1.0
vn 0.0 0.0 1.0
vn 0.0 0.0 1.0
vn 0.0 0.0 1.0
vn 0.0 0.0 1.0
vn 0.0 0.0 1.0
vn 0.0 0.0 1.0
vn 0.0 0.0 1.0
vn 0.0 0.0 1.0
vn 0.0 0.0 1.0
vn 0.0 0.0 1.0
vn 0.0 0.0 1.0
vn 0.0 0.0 1.0
vn 0.0 0.0 1.0
vn 0.0 0.0 1.0
vn 0.0 0.0 1.0
vn 0.0 0.0 1.0
vn 0.0 0.0 1.0
vn 0.0 0.0 1.0
vn 0.0 0.0 1.0
vn 0.0 0.0 1.0
vn 0.0 0.0 1.0
vn 0.0 0.0 1.0
vn 0.0 0.0 1.0
vn 0.0 0.0 1.0
vn 0.0 0.0 1.0
vn 0.0 0.0 1.0
vn 0.0 0.0 1.0
vn 0.0 0.0 1.0
vn 0.0 0.0 1.0
vn 0.0 0.0 1.0
vn 0.0 0.0 1.0
vn 0.0 0.0 1.0
vn 0.0 0.0 1.0
vn 0.0 0.0 1.0
vn 0.0 0.0 1.0
vn 0.0 0.0 1.0
vn 0.0 0.0 1.0
vn 0.0 0.0 1.0
vn 0.0 0.0 1.0
vn 0.0 0.0 1.0
vn 0.0 0.0 1.0
vn 0.0 0.0 1.0
vn 0.0 0.0 1.0
vn 0.0 0.0 1.0
vn 0.0 0.0 1.0
vn 0.0 0.0 1.0
vn 0.0 0.0 1.0
vn 0.0 0.0 1.0
vn 0.0 0.0 1.0
vn 0.0 0.0 1.0
vn 0.0 0.0 1.0
vn 0.0 0.0 1.0
vn 0.0 0.0 1.0
vn 0.0 0.0 1.0
vn 0.0 0.0 1.0
vn 0.0 0.0 1.0
vn 0.0 0.0 1.0
vn 0.0 0.0 1.0
vn 0.0 0.0 1.0
vn 0.0 0.0 1.0
vn 0.0 0.0 1.0
vn 0.0 0.0 1.0
vn 0.0 0.0 1.0
vn 0.0 0.0 1.0
vn 0.0 0.0 1.0
vn 0.0 0.0 1.0
vn 0.0 0.0 1.0
vn 0.0 0.0 1.0
vn 0.0 0.0 1.0
vn 0.0 0.0 1.0
vn 0.0 0.0 1.0
vn 0.0 0.0 1.0
vn 0.0 0.0 1.0
vn 0.0 0.0 1.0
vn 0.0 0.0 1.0
vn 0.0 0.0 1.0
vn 0.0 0.0 1.0
vn 0.0 0.0 1.0
vn 0.0 0.0 1.0
vn 0.0 0.0 1.0
vn 0.0 0.0 1.0
vn 0.0 0.0 1.0
vn 0.0 0.0 1.0
vn 0.0 0.0 1.0
vn 0.0 0.0 1.0
vn 0.0 0.0 1.0
vn 0.0 0.0 1.0
vn 0.0 0.0 1.0
vn 0.0 0.0 1.0
vn 0.0 0.0 1.0
vn 0.0 0.0 1.0
vn 0.0 0.0 1.0
vn 0.0 0.0 1.0
vn 0.0 0.0 1.0
vn 0.0 0.0 1.0
vn 0.0 0.0 1.0
vn 0.0 0.0 1.0
vn 0.0 0.0 1.0
vn 0.0 0.0 1.0
vn 0.0 0.0 1.0
vn 0.0 0.0 1.0
vn 0.0 0.0 1.0
vn 0.0 0.0 1.0
vn 0.0 0.0 1.0
vn 0.0 0.0 1.0
vn 0.0 0.0 1.0
vn 0.0 0.0 1.0
vn 0.0 0.0 1.0
vn 0.0 0.0 1.0
vn 0.0 0.0 1.0
vn 0.0 0.0 1.0
vn 0.0 0.0 1.0
vn 0.0 0.0 1.0
vn 0.0 0.0 1.0
vn 0.0 0.0 1.0
vn 0.0 0.0 1.0
vn 0.0 0.0 1.0
vn 0.0 0.0 1.0
vn 0.0 0.0 1.0
vn 0.0 0.0 1.0
vn 0.0 0.0 1.0
vn 0.0 0.0 1.0
vn 0.0 0.0 1.0
vn 0.0 0.0 1.0
vn 0.0 0.0 1.0
vn 0.0 0.0 1.0
vn 0.0 0.0 1.0
vn 0.0 0.0 1.0
vn 0.0 0.0 1.0
vn 0.0 0.0 1.0
vn 0.0 0.0 1.0
vn 0.0 0.0 1.0
vn 0.0 0.0 1.0
vn 0.0 0.0 1.0
vn 0.0 0.0 1.0
vn 0.0 0.0 1.0
vn 0.0 0.0 1.0
vn 0.0 0.0 1.0
vn 0.0 0.0 1.0
vn 0.0 0.0 1.0
vn 0.0 0.0 1.0
vn 0.0 0.0 1.0
vn 0.0 0.0 1.0
vn 0.0 0.0 1.0
vn 0.0 0.0 1.0
vn 0.0 0.0 1.0
vn 0.0 0.0 1.0
vn 0.0 0.0 1.0
vn 0.0 0.0 1.0
vn 0.0 0.0 1.0
vn 0.0 0.0 1.0
vn 0.0 0.0 1.0
vn 0.0 0.0 1.0
vn 0.0 0.0 1.0
vn 0.0 0.0 1.0
vn 0.0 0.0 1.0
vn 0.0 0.0 1.0
vn 0.0 0.0 1.0
vn 0.0 0.0 1.0
vn 0.0 0.0 1.0
vn 0.0 0.0 1.0
vn 0.0 0.0 1.0
vn 0.0 0.0 1.0
vn 0.0 0.0 1.0
vn 0.0 0.0 1.0
vn 0.0 0.0 1.0
vn 0.0 0.0 1.0
vn 0.0 0.0 1.0
vn 0.0 0.0 1.0
vn 0.0 0.0 1.0
vn 0.0 0.0 1.0
vn 0.0 0.0 1.0
vn 0.0 0.0 1.0
vn 0.0 0.0 1.0
vn 0.0 0.0 1.0
vn 0.0 0.0 1.0
vn 0.0 0.0 1.0
vn 0.0 0.0 1.0
vn 0.0 0.0 1.0
vn 0.0 0.0 1.0
vn 0.0 0.0 1.0
vn 0.0 0.0 1.0
vn 0.0 0.0 1.0
vn 0.0 0.0 1.0
vn 0.0 0.0 1.0
vn 0.0 0.0 1.0
vn 0.0 0.0 1.0
vn 0.0 0.0 1.0
vn 0.0 0.0 1.0
vn 0.0 0.0 1.0
vn 0.0 0.0 1.0
vn 0.0 0.0 1.0
vn 0.0 0.0 1.0
vn 0.0 0.0 1.0
vn 0.0 0.0 1.0
vn 0.0 0.0 1.0
vn 0.0 0.0 1.0
vn 0.0 0.0 1.0
vn 0.0 0.0 1.0
vn 0.0 0.0 1.0
vn 0.0 0.0 1.0
vn 0.0 0.0 1.0
vn 0.0 0.0 1.0
vn 0.0 0.0 1.0
vn 0.0 0.0 1.0
vn 0.0 0.0 1.0
vn 0.0 0.0 1.0
vn 0.0 0.0 1.0
vn 0.0 0.0 1.0
vn 0.0 0.0 1.0
vn 0.0 0.0 1.0
vn 0.0 0.0 1.0
vn 0.0 0.0 1.0
vn 0.0 0.0 1.0
vn 0.0 0.0 1.0
vn 0.0 0.0 1.0
vn 0.0 0.0 1.0
vn 0.0 0.0 1.0
vn 0.0 0.0 1.0
vn 0.0 0.0 1.0
vn 0.0 0.0 1.0
vn 0.0 0.0 1.0
vn 0.0 0.0 1.0
vn 0.0 0.0 1.0
vn 0.0 0.0 1.0
vn 0.0 0.0 1.0
vn 0.0 0.0 1.0
vn 0.0 0.0 1.0
vn 0.0 0.0 1.0
vn 0.0 0.0 1.0
vn 0.0 0.0 1.0
vn 0.0 0.0 1.0
vn 0.0 0.0 1.0
vn 0.0 0.0 1.0
vn 0.0 0.0 1.0
vn 0.0 0.0 1.0
vn 0.0 0.0 1.0
vn 0.0 0.0 1.0
vn 0.0 0.0 1.0
vn 0.0 0.0 1.0
vn 0.0 0.0 1.0
vn 0.0 0.0 1.0
vn 0.0 0.0 1.0
vn 0.0 0.0 1.0
vn 0.0 0.0 1.0
vn 0.0 0.0 1.0
vn 0.0 0.0 1.0
vn 0.0 0.0 1.0
vn 0.0 0.0 1.0
vn 0.0 0.0 1.0
vn 0.0 0.0 1.0
vn 0.0 0.0 1.0
vn 0.0 0.0 1.0
vn 0.0 0.0 1.0
vn 0.0 0.0 1.0
vn 0.0 0.0 1.0
vn 0.0 0.0 1.0
vn 0.0 0.0 1.0
vn 0.0 0.0 1.0
vn 0.0 0.0 1.0
vn 0.0 0.0 1.0
vn 0.0 0.0 1.0
vn 0.0 0.0 1.0
vn 0.0 0.0 1.0
vn 0.0 0.0 1.0
vn 0.0 0.0 1.0
vn 0.0 0.0 1.0
vn 0.0 0.0 1.0
vn 0.0 0.0 1.0
vn 0.0 0.0 1.0
vn 0.0 0.0 1.0
vn 0.0 0.0 1.0
vn 0.0 0.0 1.0
vn 0.0 0.0 1.0
vn 0.0 0.0 1.0
vn 0.0 0.0 1.0
vn 0.0 0.0 1.0
vn 0.0 0.0 1.0
vn 0.0 0.0 1.0
vn 0.0 0.0 1.0
vn 0.0 0.0 1.0
vn 0.0 0.0 1.0
vn 0.0 0.0 1.0
vn 0.0 0.0 1.0
vn 0.0 0.0 1.0
vn 0.0 0.0 1.0
vn 0.0 0.0 1.0
vn 0.0 0.0 1.0
vn 0.0 0.0 1.0
vn 0.0 0.0 1.0
vn 0.0 0.0 1.0
vn 0.0 0.0 1.0
vn 0.0 0.0 1.0
vn 0.0 0.0 1.0
vn 0.0 0.0 1.0
vn 0.0 0.0 1.0
vn 0.0 0.0 1.0
vn 0.0 0.0 1.0
vn 0.0 0.0 1.0
vn 0.0 0.0 1.0
vn 0.0 0.0 1.0
vn 0.0 0.0 1.0
vn 0.0 0.0 1.0
vn 0.0 0.0 1.0
vn 0.0 0.0 1.0
vn 0.0 0.0 1.0
vn 0.0 0.0 1.0
vn 0.0 0.0 1.0
vn 0.0 0.0 1.0
vn 0.0 0.0 1.0
vn 0.0 0.0 1.0
vn 0.0 0.0 1.0
vn 0.0 0.0 1.0
vn 0.0 0.0 1.0
vn 0.0 0.0 1.0
vn 0.0 0.0 1.0
vn 0.0 0.0 1.0
vn 0.0 0.0 1.0
vn 0.0 0.0 1.0
vn 0.0 0.0 1.0
vn 0.0 0.0 1.0
vn 0.0 0.0 1.0
vn 0.0 0.0 1.0
vn 0.0 0.0 1.0
vn 0.0 0.0 1.0
vn 0.0 0.0 1.0
vn 0.0 0.0 1.0
vn 0.0 0.0 1.0
vn 0.0 0.0 1.0
vn 0.0 0.0 1.0
vn 0.0 0.0 1.0
vn 0.0 0.0 1.0
vn 0.0 0.0 1.0
vn 0.0 0.0 1.0
vn 0.0 0.0 1.0
vn 0.0 0.0 1.0
vn 0.0 0.0 1.0
vn 0.0 0.0 1.0
vn 0.0 0.0 1.0
vn 0.0 0.0 1.0
vn 0.0 0.0 1.0
vn 0.0 0.0 1.0
vn 0.0 0.0 1.0
vn 0.0 0.0 1.0
vn 0.0 0.0 1.0
vn 0.0 0.0 1.0
vn 0.0 0.0 1.0
vn 0.0 0.0 1.0
vn 0.0 0.0 1.0
vn 0.0 0.0 1.0
vn 0.0 0.0 1.0
vn 0.0 0.0 1.0
vn 0.0 0.0 1.0
vn 0.0 0.0 1.0
vn 0.0 0.0 1.0
vn 0.0 0.0 1.0
vn 0.0 0.0 1.0
vn 0.0 0.0 1.0
vn 0.0 0.0 1.0
vn 0.0 0.0 1.0
vn 0.0 0.0 1.0
vn 0.0 0.0 1.0
vn 0.0 0.0 1.0
vn 0.0 0.0 1.0
vn 0.0 0.0 1.0
vn 0.0 0.0 1.0
vn 0.0 0.0 1.0
vn 0.0 0.0 1.0
vn 0.0 0.0 1.0
vn 0.0 0.0 1.0
vn 0.0 0.0 1.0
vn 0.0 0.0 1.0
vn 0.0 0.0 1.0
vn 0.0 0.0 1.0
vn 0.0 0.0 1.0
vn 0.0 0.0 1.0
vn 0.0 0.0 1.0
vn 0.0 0.0 1.0
vn 0.0 0.0 1.0
vn 0.0 0.0 1.0
vn 0.0 0.0 1.0
vn 0.0 0.0 1.0
vn 0.0 0.0 1.0
vn 0.0 0.0 1.0
vn 0.0 0.0 1.0
vn 0.0 0.0 1.0
vn 0.0 0.0 1.0
vn 0.0 0.0 1.0
vn 0.0 0.0 1.0
vn 0.0 0.0 1.0
vn 0.0 0.0 1.0
vn 0.0 0.0 1.0
vn 0.0 0.0 1.0
vn 0.0 0.0 1.0
vn 0.0 0.0 1.0
vn 0.0 0.0 1.0
vn 0.0 0.0 1.0
vn 0.0 0.0 1.0
vn 0.0 0.0 1.0
vn 0.0 0.0 1.0
vn 0.0 0.0 1.0
vn 0.0 0.0 1.0
vn 0.0 0.0 1.0
vn 0.0 0.0 1.0
vn 0.0 0.0 1.0
vn 0.0 0.0 1.0
vn 0.0 0.0 1.0
vn 0.0 0.0 1.0
vn 0.0 0.0 1.0
vn 0.0 0.0 1.0
vn 0.0 0.0 1.0
vn 0.0 0.0 1.0
vn 0.0 0.0 1.0
vn 0.0 0.0 1.0
vn 0.0 0.0 1.0
vn 0.0 0.0 1.0
vn 0.0 0.0 1.0
vn 0.0 0.0 1.0
vn 0.0 0.0 1.0
vn 0.0 0.0 1.0
vn 0.0 0.0 1.0
vn 0.0 0.0 1.0
vn 0.0 0.0 1.0
vn 0.0 0.0 1.0
vn 0.0 0.0 1.0
vn 0.0 0.0 1.0
vn 0.0 0.0 1.0
vn 0.0 0.0 1.0
vn 0.0 0.0 1.0
vn 0.0 0.0 1.0
vn 0.0 0.0 1.0
vn 0.0 0.0 1.0
vn 0.0 0.0 1.0
vn 0.0 0.0 1.0
vn 0.0 0.0 1.0
vn 0.0 0.0 1.0
vn 0.0 0.0 1.0
vn 0.0 0.0 1.0
vn 0.0 0.0 1.0
vn 0.0 0.0 1.0
vn 0.0 0.0 1.0
vn 0.0 0.0 1.0
vn 0.0 0.0 1.0
vn 0.0 0.0 1.0
vn 0.0 0.0 1.0
vn 0.0 0.0 1.0
vn 0.0 0.0 1.0
vn 0.0 0.0 1.0
vn 0.0 0.0 1.0
vn 0.0 0.0 1.0
vn 0.0 0.0 1.0
vn 0.0 0.0 1.0
vn 0.0 0.0 1.0
vn 0.0 0.0 1.0
vn 0.0 0.0 1.0
vn 0.0 0.0 1.0
vn 0.0 0.0 1.0
vn 0.0 0.0 1.0
vn 0.0 0.0 1.0
vn 0.0 0.0 1.0
vn 0.0 0.0 1.0
vn 0.0 0.0 1.0
vn 0.0 0.0 1.0
vn 0.0 0.0 1.0
vn 0.0 0.0 1.0
vn 0.0 0.0 1.0
vn 0.0 0.0 1.0
vn 0.0 0.0 1.0
vn 0.0 0.0 1.0
vn 0.0 0.0 1.0
vn 0.0 0.0 1.0
vn 0.0 0.0 1.0
vn 0.0 0.0 1.0
vn 0.0 0.0 1.0
vn 0.0 0.0 1.0
vn 0.0 0.0 1.0
vn 0.0 0.0 1.0
vn 0.0 0.0 1.0
vn 0.0 0.0 1.0
vn 0.0 0.0 1.0
vn 0.0 0.0 1.0
vn 0.0 0.0 1.0
vn 0.0 0.0 1.0
vn 0.0 0.0 1.0
vn 0.0 0.0 1.0
vn 0.0 0.0 1.0
vn 0.0 0.0 1.0
vn 0.0 0.0 1.0
vn 0.0 0.0 1.0
vn 0.0 0.0 1.0
vn 0.0 0.0 1.0
vn 0.0 0.0 1.0
vn 0.0 0.0 1.0
vn 0.0 0.0 1.0
vn 0.0 0.0 1.0
vn 0.0 0.0 1.0
vn 0.0 0.0 1.0
vn 0.0 0.0 1.0
vn 0.0 0.0 1.0
vn 0.0 0.0 1.0
vn 0.0 0.0 1.0
vn 0.0 0.0 1.0
vn 0.0 0.0 1.0
vn 0.0 0.0 1.0
vn 0.0 0.0 1.0
vn 0.0 0.0 1.0
vn 0.0 0.0 1.0
vn 0.0 0.0 1.0
vn 0.0 0.0 1.0
vn 0.0 0.0 1.0
vn 0.0 0.0 1.0
vn 0.0 0.0 1.0
vn 0.0 0.0 1.0
vn 0.0 0.0 1.0
vn 0.0 0.0 1.0
vn 0.0 0.0 1.0
vn 0.0 0.0 1.0
vn 0.0 0.0 1.0
vn 0.0 0.0 1.0
vn 0.0 0.0 1.0
vn 0.0 0.0 1.0
vn 0.0 0.0 1.0
vn 0.0 0.0 1.0
vn 0.0 0.0 1.0
vn 0.0 0.0 1.0
vn 0.0 0.0 1.0
vn 0.0 0.0 1.0
vn 0.0 0.0 1.0
vn 0.0 0.0 1.0
vn 0.0 0.0 1.0
vn 0.0 0.0 1.0
vn 0.0 0.0 1.0
vn 0.0 0.0 1.0
vn 0.0 0.0 1.0
vn 0.0 0.0 1.0
vn 0.0 0.0 1.0
vn 0.0 0.0 1.0
vn 0.0 0.0 1.0
vn 0.0 0.0 1.0
vn 0.0 0.0 1.0
vn 0.0 0.0 1.0
vn 0.0 0.0 1.0
vn 0.0 0.0 1.0
vn 0.0 0.0 1.0
vn 0.0 0.0 1.0
vn 0.0 0.0 1.0
vn 0.0 0.0 1.0
vn 0.0 0.0 1.0
vn 0.0 0.0 1.0
vn 0.0 0.0 1.0
vn 0.0 0.0 1.0
vn 0.0 0.0 1.0
vn 0.0 0.0 1.0
vn 0.0 0.0 1.0
vn 0.0 0.0 1.0
vn 0.0 0.0 1.0
vn 0.0 0.0 1.0
vn 0.0 0.0 1.0
vn 0.0 0.0 1.0
vn 0.0 0.0 1.0
vn 0.0 0.0 1.0
vn 0.0 0.0 1.0
vn 0.0 0.0 1.0
vn 0.0 0.0 1.0
vn 0.0 0.0 1.0
vn 0.0 0.0 1.0
vn 0.0 0.0 1.0
vn 0.0 0.0 1.0
vn 0.0 0.0 1.0
vn 0.0 0.0 1.0
vn 0.0 0.0 1.0
vn 0.0 0.0 1.0
vn 0.0 0.0 1.0
vn 0.0 0.0 1.0
vn 0.0 0.0 1.0
vn 0.0 0.0 1.0
vn 0.0 0.0 1.0
vn 0.0 0.0 1.0
vn 0.0 0.0 1.0
vn 0.0 0.0 1.0
vn 0.0 0.0 1.0
vn 0.0 0.0 1.0
vn 0.0 0.0 1.0
vn 0.0 0.0 1.0
vn 0.0 0.0 1.0
vn 0.0 0.0 1.0
vn 0.0 0.0 1.0
vn 0.0 0.0 1.0
vn 0.0 0.0 1.0
vn 0.0 0.0 1.0
vn 0.0 0.0 1.0
vn 0.0 0.0 1.0
vn 0.0 0.0 1.0
vn 0.0 0.0 1.0
vn 0.0 0.0 1.0
vn 0.0 0.0 1.0
vn 0.0 0.0 1.0
vn 0.0 0.0 1.0
vn 0.0 0.0 1.0
vn 0.0 0.0 1.0
vn 0.0 0.0 1.0
vn 0.0 0.0 1.0
vn 0.0 0.0 1.0
vn 0.0 0.0 1.0
vn 0.0 0.0 1.0
vn 0.0 0.0 1.0
vn 0.0 0.0 1.0
vn 0.0 0.0 1.0
vn 0.0 0.0 1.0
vn 0.0 0.0 1.0
vn 0.0 0.0 1.0
vn 0.0 0.0 1.0
vn 0.0 0.0 1.0
vn 0.0 0.0 1.0
vn 0.0 0.0 1.0
vn 0.0 0.0 1.0
vn 0.0 0.0 1.0
vn 0.0 0.0 1.0
vn 0.0 0.0 1.0
vn 0.0 0.0 1.0
vn 0.0 0.0 1.0
vn 0.0 0.0 1.0
vn 0.0 0.0 1.0
vn 0.0 0.0 1.0
vn 0.0 0.0 1.0
vn 0.0 0.0 1.0
vn 0.0 0.0 1.0
vn 0.0 0.0 1.0
vn 0.0 0.0 1.0
vn 0.0 0.0 1.0
vn 0.0 0.0 1.0
vn 0.0 0.0 1.0
vn 0.0 0.0 1.0
vn 0.0 0.0 1.0
vn 0.0 0.0 1.0
vn 0.0 0.0 1.0
vn 0.0 0.0 1.0
vn 0.0 0.0 1.0
vn 0.0 0.0 1.0
vn 0.0 0.0 1.0
vn 0.0 0.0 1.0
vn 0.0 0.0 1.0
vn 0.0 0.0 1.0
vn 0.0 0.0 1.0
vn 0.0 0.0 1.0
vn 0.0 0.0 1.0
vn 0.0 0.0 1.0
vn 0.0 0.0 1.0
vn 0.0 0.0 1.0
vn 0.0 0.0 1.0
vn 0.0 0.0 1.0
vn 0.0 0.0 1.0
vn 0.0 0.0 1.0
vn 0.0 0.0 1.0
vn 0.0 0.0 1.0
vn 0.0 0.0 1.0
vn 0.0 0.0 1.0
vn 0.0 0.0 1.0
vn 0.0 0.0 1.0
vn 0.0 0.0 1.0
vn 0.0 0.0 1.0
vn 0.0 0.0 1.0
vn 0.0 0.0 1.0
vn 0.0 0.0 1.0
vn 0.0 0.0 1.0
vn 0.0 0.0 1.0
vn 0.0 0.0 1.0
vn 0.0 0.0 1.0
vn 0.0 0.0 1.0
vn 0.0 0.0 1.0
vn 0.0 0.0 1.0
vn 0.0 0.0 1.0
vn 0.0 0.0 1.0
vn 0.0 0.0 1.0
vn 0.0 0.0 1.0
vn 0.0 0.0 1.0
vn 0.0 0.0 1.0
vn 0.0 0.0 1.0
vn 0.0 0.0 1.0
vn 0.0 0.0 1.0
vn 0.0 0.0 1.0
vn 0.0 0.0 1.0
vn 0.0 0.0 1.0
vn 0.0 0.0 1.0
vn 0.0 0.0 1.0
vn 0.0 0.0 1.0
vn 0.0 0.0 1.0
vn 0.0 0.0 1.0
vn 0.0 0.0 1.0
vn 0.0 0.0 1.0
vn 0.0 0.0 1.0
vn 0.0 0.0 1.0
vn 0.0 0.0 1.0
vn 0.0 0.0 1.0
vn 0.0 0.0 1.0
vn 0.0 0.0 1.0
vn 0.0 0.0 1.0
vn 0.0 0.0 1.0
vn 0.0 0.0 1.0
vn 0.0 0.0 1.0
vn 0.0 0.0 1.0
vn 0.0 0.0 1.0
vn 0.0 0.0 1.0
vn 0.0 0.0 1.0
vn 0.0 0.0 1.0
vn 0.0 0.0 1.0
vn 0.0 0.0 1.0
vn 0.0 0.0 1.0
vn 0.0 0.0 1.0
vn 0.0 0.0 1.0
vn 0.0 0.0 1.0
vn 0.0 0.0 1.0
vn 0.0 0.0 1.0
vn 0.0 0.0 1.0
vn 0.0 0.0 1.0
vn 0.0 0.0 1.0
vn 0.0 0.0 1.0
vn 0.0 0.0 1.0
vn 0.0 0.0 1.0
vn 0.0 0.0 1.0
vn 0.0 0.0 1.0
vn 0.0 0.0 1.0
vn 0.0 0.0 1.0
vn 0.0 0.0 1.0
vn 0.0 0.0 1.0
vn 0.0 0.0 1.0
vn 0.0 0.0 1.0
vn 0.0 0.0 1.0
vn 0.0 0.0 1.0
vn 0.0 0.0 1.0
vn 0.0 0.0 1.0
vn 0.0 0.0 1.0
vn 0.0 0.0 1.0
vn 0.0 0.0 1.0
vn 0.0 0.0 1.0
vn 0.0 0.0 1.0
vn 0.0 0.0 1.0
vn 0.0 0.0 1.0
vn 0.0 0.0 1.0
vn 0.0 0.0 1.0
vn 0.0 0.0 1.0
vn 0.0 0.0 1.0
vn 0.0 0.0 1.0
vn 0.0 0.0 1.0
vn 0.0 0.0 1.0
vn 0.0 0.0 1.0
vn 0.0 0.0 1.0
vn 0.0 0.0 1.0
vn 0.0 0.0 1.0
vn 0.0 0.0 1.0
vn 0.0 0.0 1.0
vn 0.0 0.0 1.0
vn 0.0 0.0 1.0
vn 0.0 0.0 1.0
vn 0.0 0.0 1.0
vn 0.0 0.0 1.0
vn 0.0 0.0 1.0
vn 0.0 0.0 1.0
vn 0.0 0.0 1.0
vn 0.0 0.0 1.0
vn 0.0 0.0 1.0
vn 0.0 0.0 1.0
vn 0.0 0.0 1.0
vn 0.0 0.0 1.0
vn 0.0 0.0 1.0
vn 0.0 0.0 1.0
vn 0.0 0.0 1.0
vn 0.0 0.0 1.0
vn 0.0 0.0 1.0
vn 0.0 0.0 1.0
vn 0.0 0.0 1.0
vn 0.0 0.0 1.0
vn 0.0 0.0 1.0
vn 0.0 0.0 1.0
vn 0.0 0.0 1.0
vn 0.0 0.0 1.0
vn 0.0 0.0 1.0
vn 0.0 0.0 1.0
vn 0.0 0.0 1.0
vn 0.0 0.0 1.0
vn 0.0 0.0 1.0
vn 0.0 0.0 1.0
vn 0.0 0.0 1.0
vn 0.0 0.0 1.0
vn 0.0 0.0 1.0
vn 0.0 0.0 1.0
vn 0.0 0.0 1.0
vn 0.0 0.0 1.0
vn 0.0 0.0 1.0
vn 0.0 0.0 1.0
vn 0.0 0.0 1.0
vn 0.0 0.0 1.0
vn 0.0 0.0 1.0
vn 0.0 0.0 1.0
vn 0.0 0.0 1.0
vn 0.0 0.0 1.0
vn 0.0 0.0 1.0
vn 0.0 0.0 1.0
vn 0.0 0.0 1.0
vn 0.0 0.0 1.0
vn 0.0 0.0 1.0
vn 0.0 0.0 1.0
vn 0.0 0.0 1.0
vn 0.0 0.0 1.0
vn 0.0 0.0 1.0
vn 0.0 0.0 1.0
vn 0.0 0.0 1.0
vn 0.0 0.0 1.0
vn 0.0 0.0 1.0
vn 0.0 0.0 1.0
vn 0.0 0.0 1.0
vn 0.0 0.0 1.0
vn 0.0 0.0 1.0
vn 0.0 0.0 1.0
vn 0.0 0.0 1.0
vn 0.0 0.0 1.0
vn 0.0 0.0 1.0
vn 0.0 0.0 1.0
vn 0.0 0.0 1.0
vn 0.0 0.0 1.0
vn 0.0 0.0 1.0
vn 0.0 0.0 1.0
vn 0.0 0.0 1.0
vn 0.0 0.0 1.0
vn 0.0 0.0 1.0
vn 0.0 0.0 1.0
vn 0.0 0.0 1.0
vn 0.0 0.0 1.0
vn 0.0 0.0 1.0
vn 0.0 0.0 1.0
vn 0.0 0.0 1.0
vn 0.0 0.0 1.0
vn 0.0 0.0 1.0
vn 0.0 0.0 1.0
vn 0.0 0.0 1.0
vn 0.0 0.0 1.0
vn 0.0 0.0 1.0
vn 0.0 0.0 1.0
vn 0.0 0.0 1.0
vn 0.0 0.0 1.0
vn 0.0 0.0 1.0
vn 0.0 0.0 1.0
vn 0.0 0.0 1.0
vn 0.0 0.0 1.0
vn 0.0 0.0 1.0
vn 0.0 0.0 1.0
vn 0.0 0.0 1.0
vn 0.0 0.0 1.0
vn 0.0 0.0 1.0
vn 0.0 0.0 1.0
vn 0.0 0.0 1.0
vn 0.0 0.0 1.0
vn 0.0 0.0 1.0
vn 0.0 0.0 1.0
vn 0.0 0.0 1.0
vn 0.0 0.0 1.0
vn 0.0 0.0 1.0
vn 0.0 0.0 1.0
vn 0.0 0.0 1.0
vn 0.0 0.0 1.0
vn 0.0 0.0 1.0
vn 0.0 0.0 1.0
vn 0.0 0.0 1.0
vn 0.0 0.0 1.0
vn 0.0 0.0 1.0
vn 0.0 0.0 1.0
vn 0.0 0.0 1.0
vn 0.0 0.0 1.0
vn 0.0 0.0 1.0
vn 0.0 0.0 1.0
vn 0.0 0.0 1.0
vn 0.0 0.0 1.0
vn 0.0 0.0 1.0
vn 0.0 0.0 1.0
vn 0.0 0.0 1.0
vn 0.0 0.0 1.0
vn 0.0 0.0 1.0
vn 0.0 0.0 1.0
vn 0.0 0.0 1.0
vn 0.0 0.0 1.0
vn 0.0 0.0 1.0
vn 0.0 0.0 1.0
vn 0.0 0.0 1.0
vn 0.0 0.0 1.0
vn 0.0 0.0 1.0
vn 0.0 0.0 1.0
vn 0.0 0.0 1.0
vn 0.0 0.0 1.0
vn 0.0 0.0 1.0
vn 0.0 0.0 1.0
vn 0.0 0.0 1.0
vn 0.0 0.0 1.0
vn 0.0 0.0 1.0
vn 0.0 0.0 1.0
vn 0.0 0.0 1.0
vn 0.0 0.0 1.0
vn 0.0 0.0 1.0
vn 0.0 0.0 1.0
vn 0.0 0.0 1.0
vn 0.0 0.0 1.0
vn 0.0 0.0 1.0
vn 0.0 0.0 1.0
vn 0.0 0.0 1.0
vn 0.0 0.0 1.0
vn 0.0 0.0 1.0
vn 0.0 0.0 1.0
vn 0.0 0.0 1.0
vn 0.0 0.0 1.0
vn 0.0 0.0 1.0
vn 0.0 0.0 1.0
vn 0.0 0.0 1.0
vn 0.0 0.0 1.0
vn 0.0 0.0 1.0
vn 0.0 0.0 1.0
vn 0.0 0.0 1.0
vn 0.0 0.0 1.0
vn 0.0 0.0 1.0
vn 0.0 0.0 1.0
vn 0.0 0.0 1.0
vn 0.0 0.0 1.0
vn 0.0 0.0 1.0
vn 0.0 0.0 1.0
vn 0.0 0.0 1.0
vn 0.0 0.0 1.0
vn 0.0 0.0 1.0
vn 0.0 0.0 1.0
vn 0.0 0.0 1.0
vn 0.0 0.0 1.0
vn 0.0 0.0 1.0
vn 0.0 0.0 1.0
vn 0.0 0.0 1.0
vn 0.0 0.0 1.0
vn 0.0 0.0 1.0
vn 0.0 0.0 1.0
vn 0.0 0.0 1.0
vn 0.0 0.0 1.0
vn 0.0 0.0 1.0
vn 0.0 0.0 1.0
vn 0.0 0.0 1.0
vn 0.0 0.0 1.0
vn 0.0 0.0 1.0
vn 0.0 0.0 1.0
vn 0.0 0.0 1.0
vn 0.0 0.0 1.0
vn 0.0 0.0 1.0
vn 0.0 0.0 1.0
vn 0.0 0.0 1.0
vn 0.0 0.0 1.0
vn 0.0 0.0 1.0
vn 0.0 0.0 1.0
vn 0.0 0.0 1.0
vn 0.0 0.0 1.0
vn 0.0 0.0 1.0
vn 0.0 0.0 1.0
vn 0.0 0.0 1.0
vn 0.0 0.0 1.0
vn 0.0 0.0 1.0
vn 0.0 0.0 1.0
vn 0.0 0.0 1.0
vn 0.0 0.0 1.0
vn 0.0 0.0 1.0
vn 0.0 0.0 1.0
vn 0.0 0.0 1.0
vn 0.0 0.0 1.0
vn 0.0 0.0 1.0
vn 0.0 0.0 1.0
vn 0.0 0.0 1.0
vn 0.0 0.0 1.0
vn 0.0 0.0 1.0
vn 0.0 0.0 1.0
vn 0.0 0.0 1.0
vn 0.0 0.0 1.0
vn 0.0 0.0 1.0
vn 0.0 0.0 1.0
vn 0.0 0.0 1.0
vn 0.0 0.0 1.0
vn 0.0 0.0 1.0
vn 0.0 0.0 1.0
vn 0.0 0.0 1.0
vn 0.0 0.0 1.0
vn 0.0 0.0 1.0
vn 0.0 0.0 1.0
vn 0.0 0.0 1.0
vn 0.0 0.0 1.0
vn 0.0 0.0 1.0
vn 0.0 0.0 1.0
vn 0.0 0.0 1.0
vn 0.0 0.0 1.0
vn 0.0 0.0 1.0
vn 0.0 0.0 1.0
vn 0.0 0.0 1.0
vn 0.0 0.0 1.0
vn 0.0 0.0 1.0
vn 0.0 0.0 1.0
vn 0.0 0.0 1.0
vn 0.0 0.0 1.0
vn 0.0 0.0 1.0
vn 0.0 0.0 1.0
vn 0.0 0.0 1.0
vn 0.0 0.0 1.0
vn 0.0 0.0 1.0
vn 0.0 0.0 1.0
vn 0.0 0.0 1.0
vn 0.0 0.0 1.0
vn 0.0 0.0 1.0
vn 0.0 0.0 1.0
vn 0.0 0.0 1.0
vn 0.0 0.0 1.0
vn 0.0 0.0 1.0
vn 0.0 0.0 1.0
vn 0.0 0.0 1.0
vn 0.0 0.0 1.0
vn 0.0 0.0 1.0
vn 0.0 0.0 1.0
vn 0.0 0.0 1.0
vn 0.0 0.0 1.0
vn 0.0 0.0 1.0
vn 0.0 0.0 1.0
vn 0.0 0.0 1.0
vn 0.0 0.0 1.0
vn 0.0 0.0 1.0
vn 0.0 0.0 1.0
vn 0.0 0.0 1.0
vn 0.0 0.0 1.0
vn 0.0 0.0 1.0
vn 0.0 0.0 1.0
vn 0.0 0.0 1.0
vn 0.0 0.0 1.0
vn 0.0 0.0 1.0
vn 0.0 0.0 1.0
vn 0.0 0.0 1.0
vn 0.0 0.0 1.0
vn 0.0 0.0 1.0
vn 0.0 0.0 1.0
vn 0.0 0.0 1.0
vn 0.0 0.0 1.0
vn 0.0 0.0 1.0
vn 0.0 0.0 1.0
vn 0.0 0.0 1.0
vn 0.0 0.0 1.0
vn 0.0 0.0 1.0
vn 0.0 0.0 1.0
vn 0.0 0.0 1.0
vn 0.0 0.0 1.0
vn 0.0 0.0 1.0
vn 0.0 0.0 1.0
vn 0.0 0.0 1.0
vn 0.0 0.0 1.0
vn 0.0 0.0 1.0
vn 0.0 0.0 1.0
vn 0.0 0.0 1.0
vn 0.0 0.0 1.0
vn 0.0 0.0 1.0
vn 0.0 0.0 1.0
vn 0.0 0.0 1.0
vn 0.0 0.0 1.0
vn 0.0 0.0 1.0
vn 0.0 0.0 1.0
vn 0.0 0.0 1.0
vn 0.0 0.0 1.0
vn 0.0 0.0 1.0
vn 0.0 0.0 1.0
vn 0.0 0.0 1.0
vn 0.0 0.0 1.0
vn 0.0 0.0 1.0
vn 0.0 0.0 1.0
vn 0.0 0.0 1.0
vn 0.0 0.0 1.0
vn 0.0 0.0 1.0
vn 0.0 0.0 1.0
vn 0.0 0.0 1.0
vn 0.0 0.0 1.0
vn 0.0 0.0 1.0
vn 0.0 0.0 1.0
vn 0.0 0.0 1.0
vn 0.0 0.0 1.0
vn 0.0 0.0 1.0
vn 0.0 0.0 1.0
vn 0.0 0.0 1.0
vn 0.0 0.0 1.0
vn 0.0 0.0 1.0
vn 0.0 0.0 1.0
vn 0.0 0.0 1.0
vn 0.0 0.0 1.0
vn 0.0 0.0 1.0
vn 0.0 0.0 1.0
vn 0.0 0.0 1.0
vn 0.0 0.0 1.0
vn 0.0 0.0 1.0
vn 0.0 0.0 1.0
vn 0.0 0.0 1.0
vn 0.0 0.0 1.0
vn 0.0 0.0 1.0
vn 0.0 0.0 1.0
vn 0.0 0.0 1.0
vn 0.0 0.0 1.0
vn 0.0 0.0 1.0
vn 0.0 0.0 1.0
vn 0.0 0.0 1.0
vn 0.0 0.0 1.0
vn 0.0 0.0 1.0
vn 0.0 0.0 1.0
vn 0.0 0.0 1.0
vn 0.0 0.0 1.0
vn 0.0 0.0 1.0
vn 0.0 0.0 1.0
vn 0.0 0.0 1.0
vn 0.0 0.0 1.0
vn 0.0 0.0 1.0
vn 0.0 0.0 1.0
vn 0.0 0.0 1.0
vn 0.0 0.0 1.0
vn 0.0 0.0 1.0
vn 0.0 0.0 1.0
vn 0.0 0.0 1.0
vn 0.0 0.0 1.0
vn 0.0 0.0 1.0
vn 0.0 0.0 1.0
vn 0.0 0.0 1.0
vn 0.0 0.0 1.0
vn 0.0 0.0 1.0
vn 0.0 0.0 1.0
vn 0.0 0.0 1.0
vn 0.0 0.0 1.0
vn 0.0 0.0 1.0
vn 0.0 0.0 1.0
vn 0.0 0.0 1.0
vn 0.0 0.0 1.0
vn 0.0 0.0 1.0
vn 0.0 0.0 1.0
vn 0.0 0.0 1.0
vn 0.0 0.0 1.0
vn 0.0 0.0 1.0
vn 0.0 0.0 1.0
vn 0.0 0.0 1.0
vn 0.0 0.0 1.0
vn 0.0 0.0 1.0
vn 0.0 0.0 1.0
vn 0.0 0.0 1.0
vn 0.0 0.0 1.0
usemtl model_material
f 1/1/1 67/67/67 9/9/9
f 58/58/58 67/67/67 9/9/9
f 66/66/66 58/58/58 9/9/9
f 65/65/65 66/66/66 9/9/9
f 82/82/82 65/65/65 9/9/9
f 81/81/81 82/82/82 9/9/9
f 8/8/8 81/81/81 9/9/9
f 7/7/7 8/8/8 9/9/9
f 20/20/20 7/7/7 9/9/9
f 21/21/21 20/20/20 9/9/9
f 22/22/22 21/21/21 9/9/9
f 36/36/36 22/22/22 9/9/9
f 23/23/23 36/36/36 9/9/9
f 37/37/37 23/23/23 9/9/9
f 38/38/38 37/37/37 9/9/9
f 24/24/24 38/38/38 9/9/9
f 25/25/25 24/24/24 9/9/9
f 10/10/10 25/25/25 9/9/9
f 11/11/11 10/10/10 9/9/9
f 83/83/83 11/11/11 9/9/9
f 2/2/2 83/83/83 9/9/9
f 68/68/68 2/2/2 9/9/9
f 59/59/59 68/68/68 9/9/9
f 59/59/59 1/1/1 9/9/9
f 59/59/59 1/1/1 67/67/67
f 122/122/122 59/59/59 67/67/67
f 112/112/112 122/122/122 67/67/67
f 121/121/121 112/112/112 67/67/67
f 111/111/111 121/121/121 67/67/67
f 111/111/111 58/58/58 67/67/67
f 185/185/185 111/111/111 58/58/58
f 184/184/184 185/185/185 58/58/58
f 110/110/110 184/184/184 58/58/58
f 120/120/120 110/110/110 58/58/58
f 200/200/200 120/120/120 58/58/58
f 119/119/119 200/200/200 58/58/58
f 57/57/57 119/119/119 58/58/58
f 65/65/65 57/57/57 58/58/58
f 65/65/65 66/66/66 58/58/58
f 119/119/119 57/57/57 65/65/65
f 200/200/200 119/119/119 65/65/65
f 136/136/136 200/200/200 65/65/65
f 118/118/118 136/136/136 65/65/65
f 117/117/117 118/118/118 65/65/65
f 135/135/135 117/117/117 65/65/65
f 134/134/134 135/135/135 65/65/65
f 63/63/63 134/134/134 65/65/65
f 64/64/64 63/63/63 65/65/65
f 80/80/80 64/64/64 65/65/65
f 5/5/5 80/80/80 65/65/65
f 81/81/81 5/5/5 65/65/65
f 81/81/81 82/82/82 65/65/65
f 19/19/19 5/5/5 81/81/81
f 20/20/20 19/19/19 81/81/81
f 20/20/20 7/7/7 6/6/6
f 6/6/6 20/20/20 81/81/81
f 7/7/7 6/6/6 81/81/81
f 7/7/7 8/8/8 81/81/81
f 31/31/31 19/19/19 20/20/20
f 32/32/32 31/31/31 20/20/20
f 33/33/33 32/32/32 20/20/20
f 47/47/47 33/33/33 20/20/20
f 34/34/34 47/47/47 20/20/20
f 49/49/49 34/34/34 20/20/20
f 35/35/35 49/49/49 20/20/20
f 36/36/36 35/35/35 20/20/20
f 36/36/36 22/22/22 21/21/21
f 36/36/36 21/21/21 20/20/20
f 49/49/49 35/35/35 36/36/36
f 50/50/50 49/49/49 36/36/36
f 51/51/51 50/50/50 36/36/36
f 52/52/52 51/51/51 36/36/36
f 52/52/52 23/23/23 36/36/36
f 37/37/37 52/52/52 23/23/23
f 52/52/52 38/38/38 37/37/37
f 39/39/39 52/52/52 38/38/38
f 27/27/27 39/39/39 38/38/38
f 26/26/26 27/27/27 38/38/38
f 13/13/13 26/26/26 38/38/38
f 25/25/25 13/13/13 38/38/38
f 25/25/25 24/24/24 38/38/38
f 84/84/84 13/13/13 25/25/25
f 12/12/12 84/84/84 25/25/25
f 83/83/83 12/12/12 25/25/25
f 11/11/11 83/83/83 25/25/25
f 11/11/11 10/10/10 25/25/25
f 84/84/84 12/12/12 83/83/83
f 71/71/71 84/84/84 83/83/83
f 138/138/138 71/71/71 83/83/83
f 137/137/137 138/138/138 83/83/83
f 70/70/70 137/137/137 83/83/83
f 124/124/124 70/70/70 83/83/83
f 123/123/123 124/124/124 83/83/83
f 60/60/60 123/123/123 83/83/83
f 122/122/122 60/60/60 83/83/83
f 122/122/122 59/59/59 69/69/69
f 69/69/69 122/122/122 83/83/83
f 68/68/68 69/69/69 83/83/83
f 68/68/68 2/2/2 83/83/83
f 69/69/69 59/59/59 68/68/68
f 123/123/123 60/60/60 122/122/122
f 124/124/124 123/123/123 122/122/122
f 201/201/201 124/124/124 122/122/122
f 114/114/114 201/201/201 122/122/122
f 113/113/113 114/114/114 122/122/122
f 187/187/187 113/113/113 122/122/122
f 187/187/187 112/112/112 122/122/122
f 177/177/177 187/187/187 112/112/112
f 186/186/186 177/177/177 112/112/112
f 176/176/176 186/186/186 112/112/112
f 249/249/249 176/176/176 112/112/112
f 175/175/175 249/249/249 112/112/112
f 174/174/174 175/175/175 112/112/112
f 174/174/174 121/121/121 112/112/112
f 111/111/111 174/174/174 121/121/121
f 185/185/185 174/174/174 111/111/111
f 173/173/173 174/174/174 185/185/185
f 173/173/173 184/184/184 185/185/185
f 263/263/263 173/173/173 184/184/184
f 182/182/182 263/263/263 184/184/184
f 183/183/183 182/182/182 184/184/184
f 199/199/199 183/183/183 184/184/184
f 200/200/200 199/199/199 184/184/184
f 200/200/200 120/120/120 109/109/109
f 109/109/109 200/200/200 184/184/184
f 109/109/109 110/110/110 184/184/184
f 109/109/109 120/120/120 110/110/110
f 117/117/117 199/199/199 200/200/200
f 118/118/118 117/117/117 200/200/200
f 118/118/118 136/136/136 200/200/200
f 183/183/183 199/199/199 117/117/117
f 182/182/182 183/183/183 117/117/117
f 263/263/263 182/182/182 117/117/117
f 181/181/181 263/263/263 117/117/117
f 198/198/198 181/181/181 117/117/117
f 180/180/180 198/198/198 117/117/117
f 197/197/197 180/180/180 117/117/117
f 196/196/196 197/197/197 117/117/117
f 195/195/195 196/196/196 117/117/117
f 116/116/116 195/195/195 117/117/117
f 132/132/132 116/116/116 117/117/117
f 133/133/133 132/132/132 117/117/117
f 62/62/62 133/133/133 117/117/117
f 79/79/79 62/62/62 117/117/117
f 80/80/80 79/79/79 117/117/117
f 80/80/80 64/64/64 63/63/63
f 63/63/63 80/80/80 117/117/117
f 134/134/134 63/63/63 117/117/117
f 134/134/134 135/135/135 117/117/117
f 78/78/78 79/79/79 80/80/80
f 3/3/3 78/78/78 80/80/80
f 4/4/4 3/3/3 80/80/80
f 18/18/18 4/4/4 80/80/80
f 18/18/18 5/5/5 80/80/80
f 18/18/18 19/19/19 5/5/5
f 18/18/18 31/31/31 19/19/19
f 4/4/4 18/18/18 31/31/31
f 3/3/3 4/4/4 31/31/31
f 17/17/17 3/3/3 31/31/31
f 132/132/132 17/17/17 31/31/31
f 132/132/132 133/133/133 17/17/17
f 61/61/61 132/132/132 31/31/31
f 131/131/131 61/61/61 31/31/31
f 149/149/149 131/131/131 31/31/31
f 77/77/77 149/149/149 31/31/31
f 130/130/130 77/77/77 31/31/31
f 76/76/76 130/130/130 31/31/31
f 93/93/93 76/76/76 31/31/31
f 75/75/75 93/93/93 31/31/31
f 92/92/92 75/75/75 31/31/31
f 91/91/91 92/92/92 31/31/31
f 157/157/157 91/91/91 31/31/31
f 99/99/99 157/157/157 31/31/31
f 105/105/105 99/99/99 31/31/31
f 45/45/45 105/105/105 31/31/31
f 46/46/46 45/45/45 31/31/31
f 47/47/47 46/46/46 31/31/31
f 47/47/47 33/33/33 32/32/32
f 47/47/47 32/32/32 31/31/31
f 48/48/48 34/34/34 47/47/47
f 48/48/48 49/49/49 34/34/34
f 46/46/46 48/48/48 49/49/49
f 46/46/46 47/47/47 48/48/48
f 51/51/51 52/52/52 49/49/49
f 51/51/51 50/50/50 49/49/49
f 41/41/41 53/53/53 52/52/52
f 40/40/40 41/41/41 52/52/52
f 40/40/40 39/39/39 52/52/52
f 41/41/41 40/40/40 39/39/39
f 41/41/41 27/27/27 39/39/39
f 54/54/54 41/41/41 27/27/27
f 42/42/42 54/54/54 27/27/27
f 43/43/43 42/42/42 27/27/27
f 44/44/44 43/43/43 27/27/27
f 28/28/28 44/44/44 27/27/27
f 16/16/16 28/28/28 27/27/27
f 15/15/15 16/16/16 27/27/27
f 14/14/14 15/15/15 27/27/27
f 73/73/73 14/14/14 27/27/27
f 85/85/85 73/73/73 27/27/27
f 72/72/72 85/85/85 27/27/27
f 139/139/139 72/72/72 27/27/27
f 84/84/84 139/139/139 27/27/27
f 13/13/13 84/84/84 27/27/27
f 13/13/13 26/26/26 27/27/27
f 139/139/139 71/71/71 84/84/84
f 126/126/126 139/139/139 71/71/71
f 126/126/126 138/138/138 71/71/71
f 203/203/203 126/126/126 138/138/138
f 190/190/190 203/203/203 138/138/138
f 264/264/264 190/190/190 138/138/138
f 125/125/125 264/264/264 138/138/138
f 202/202/202 125/125/125 138/138/138
f 178/178/178 202/202/202 138/138/138
f 201/201/201 178/178/178 138/138/138
f 124/124/124 201/201/201 138/138/138
f 124/124/124 137/137/137 138/138/138
f 124/124/124 70/70/70 137/137/137
f 188/188/188 178/178/178 201/201/201
f 177/177/177 188/188/188 201/201/201
f 187/187/187 177/177/177 201/201/201
f 187/187/187 114/114/114 201/201/201
f 187/187/187 113/113/113 114/114/114
f 178/178/178 188/188/188 177/177/177
f 264/264/264 178/178/178 177/177/177
f 264/264/264 190/190/190 253/253/253
f 253/253/253 264/264/264 177/177/177
f 252/252/252 253/253/253 177/177/177
f 242/242/242 252/252/252 177/177/177
f 316/316/316 242/242/242 177/177/177
f 251/251/251 316/316/316 177/177/177
f 241/241/241 251/251/251 177/177/177
f 314/314/314 241/241/241 177/177/177
f 240/240/240 314/314/314 177/177/177
f 250/250/250 240/240/240 177/177/177
f 176/176/176 250/250/250 177/177/177
f 176/176/176 186/186/186 177/177/177
f 240/240/240 250/250/250 176/176/176
f 313/313/313 240/240/240 176/176/176
f 239/239/239 313/313/313 176/176/176
f 239/239/239 249/249/249 176/176/176
f 313/313/313 239/239/239 249/249/249
f 301/301/301 313/313/313 249/249/249
f 312/312/312 301/301/301 249/249/249
f 300/300/300 312/312/312 249/249/249
f 238/238/238 300/300/300 249/249/249
f 237/237/237 238/238/238 249/249/249
f 248/248/248 237/237/237 249/249/249
f 173/173/173 248/248/248 249/249/249
f 174/174/174 173/173/173 249/249/249
f 174/174/174 175/175/175 249/249/249
f 247/247/247 248/248/248 173/173/173
f 311/311/311 247/247/247 173/173/173
f 300/300/300 311/311/311 173/173/173
f 300/300/300 238/238/238 311/311/311
f 299/299/299 300/300/300 173/173/173
f 310/310/310 299/299/299 173/173/173
f 327/327/327 310/310/310 173/173/173
f 246/246/246 327/327/327 173/173/173
f 245/245/245 246/246/246 173/173/173
f 245/245/245 263/263/263 173/173/173
f 325/325/325 245/245/245 263/263/263
f 244/244/244 325/325/325 263/263/263
f 261/261/261 244/244/244 263/263/263
f 262/262/262 261/261/261 263/263/263
f 180/180/180 262/262/262 263/263/263
f 180/180/180 198/198/198 181/181/181
f 180/180/180 181/181/181 263/263/263
f 261/261/261 262/262/262 180/180/180
f 307/307/307 261/261/261 180/180/180
f 324/324/324 307/307/307 180/180/180
f 243/243/243 324/324/324 180/180/180
f 260/260/260 243/243/243 180/180/180
f 259/259/259 260/260/260 180/180/180
f 179/179/179 259/259/259 180/180/180
f 196/196/196 179/179/179 180/180/180
f 196/196/196 197/197/197 180/180/180
f 259/259/259 179/179/179 196/196/196
f 338/338/338 259/259/259 196/196/196
f 275/275/275 338/338/338 196/196/196
f 274/274/274 275/275/275 196/196/196
f 194/194/194 274/274/274 196/196/196
f 194/194/194 195/195/195 196/196/196
f 211/211/211 194/194/194 195/195/195
f 212/212/212 211/211/211 195/195/195
f 147/147/147 212/212/212 195/195/195
f 213/213/213 147/147/147 195/195/195
f 149/149/149 213/213/213 195/195/195
f 131/131/131 149/149/149 195/195/195
f 61/61/61 131/131/131 195/195/195
f 132/132/132 61/61/61 195/195/195
f 115/115/115 132/132/132 195/195/195
f 115/115/115 116/116/116 195/195/195
f 115/115/115 132/132/132 116/116/116
f 17/17/17 62/62/62 133/133/133
f 17/17/17 79/79/79 62/62/62
f 78/78/78 17/17/17 79/79/79
f 3/3/3 17/17/17 78/78/78
f 130/130/130 213/213/213 149/149/149
f 130/130/130 77/77/77 149/149/149
f 147/147/147 213/213/213 130/130/130
f 157/157/157 147/147/147 130/130/130
f 157/157/157 91/91/91 75/75/75
f 75/75/75 91/91/91 92/92/92
f 75/75/75 157/157/157 130/130/130
f 148/148/148 75/75/75 130/130/130
f 148/148/148 76/76/76 130/130/130
f 75/75/75 148/148/148 76/76/76
f 75/75/75 93/93/93 76/76/76
f 284/284/284 147/147/147 157/157/157
f 210/210/210 284/284/284 157/157/157
f 146/146/146 210/210/210 157/157/157
f 221/221/221 146/146/146 157/157/157
f 145/145/145 221/221/221 157/157/157
f 156/156/156 145/145/145 157/157/157
f 232/232/232 156/156/156 157/157/157
f 161/161/161 232/232/232 157/157/157
f 162/162/162 161/161/161 157/157/157
f 168/168/168 162/162/162 157/157/157
f 163/163/163 168/168/168 157/157/157
f 103/103/103 163/163/163 157/157/157
f 97/97/97 103/103/103 157/157/157
f 98/98/98 97/97/97 157/157/157
f 98/98/98 99/99/99 157/157/157
f 103/103/103 98/98/98 99/99/99
f 103/103/103 97/97/97 98/98/98
f 104/104/104 103/103/103 99/99/99
f 104/104/104 105/105/105 99/99/99
f 103/103/103 104/104/104 105/105/105
f 103/103/103 45/45/45 105/105/105
f 103/103/103 46/46/46 45/45/45
f 54/54/54 41/41/41 53/53/53
f 44/44/44 55/55/55 54/54/54
f 43/43/43 44/44/44 54/54/54
f 43/43/43 42/42/42 54/54/54
f 56/56/56 55/55/55 44/44/44
f 106/106/106 56/56/56 44/44/44
f 100/100/100 106/106/106 44/44/44
f 158/158/158 100/100/100 44/44/44
f 96/96/96 158/158/158 44/44/44
f 95/95/95 96/96/96 44/44/44
f 90/90/90 95/95/95 44/44/44
f 94/94/94 90/90/90 44/44/44
f 89/89/89 94/94/94 44/44/44
f 143/143/143 89/89/89 44/44/44
f 88/88/88 143/143/143 44/44/44
f 150/150/150 88/88/88 44/44/44
f 142/142/142 150/150/150 44/44/44
f 74/74/74 142/142/142 44/44/44
f 30/30/30 74/74/74 44/44/44
f 16/16/16 30/30/30 44/44/44
f 16/16/16 28/28/28 29/29/29
f 29/29/29 16/16/16 44/44/44
f 29/29/29 28/28/28 44/44/44
f 87/87/87 30/30/30 16/16/16
f 140/140/140 87/87/87 16/16/16
f 73/73/73 140/140/140 16/16/16
f 73/73/73 14/14/14 86/86/86
f 86/86/86 73/73/73 16/16/16
f 86/86/86 15/15/15 16/16/16
f 86/86/86 14/14/14 15/15/15
f 127/127/127 140/140/140 73/73/73
f 203/203/203 127/127/127 73/73/73
f 126/126/126 203/203/203 73/73/73
f 139/139/139 126/126/126 73/73/73
f 72/72/72 139/139/139 73/73/73
f 72/72/72 85/85/85 73/73/73
f 128/128/128 127/127/127 203/203/203
f 204/204/204 128/128/128 203/203/203
f 192/192/192 204/204/204 203/203/203
f 191/191/191 192/192/192 203/203/203
f 266/266/266 191/191/191 203/203/203
f 255/255/255 266/266/266 203/203/203
f 265/265/265 255/255/255 203/203/203
f 265/265/265 190/190/190 203/203/203
f 254/254/254 265/265/265 190/190/190
f 329/329/329 254/254/254 190/190/190
f 328/328/328 329/329/329 190/190/190
f 328/328/328 253/253/253 190/190/190
f 189/189/189 178/178/178 264/264/264
f 189/189/189 125/125/125 264/264/264
f 189/189/189 202/202/202 125/125/125
f 189/189/189 178/178/178 202/202/202
f 387/387/387 328/328/328 253/253/253
f 317/317/317 387/387/387 253/253/253
f 306/306/306 317/317/317 253/253/253
f 305/305/305 306/306/306 253/253/253
f 316/316/316 305/305/305 253/253/253
f 242/242/242 316/316/316 253/253/253
f 242/242/242 252/252/252 253/253/253
f 385/385/385 305/305/305 316/316/316
f 304/304/304 385/385/385 316/316/316
f 303/303/303 304/304/304 316/316/316
f 315/315/315 303/303/303 316/316/316
f 241/241/241 315/315/315 316/316/316
f 241/241/241 251/251/251 316/316/316
f 303/303/303 315/315/315 241/241/241
f 303/303/303 314/314/314 241/241/241
f 372/372/372 303/303/303 314/314/314
f 383/383/383 372/372/372 314/314/314
f 302/302/302 383/383/383 314/314/314
f 301/301/301 302/302/302 314/314/314
f 313/313/313 301/301/301 314/314/314
f 313/313/313 240/240/240 314/314/314
f 383/383/383 302/302/302 301/301/301
f 372/372/372 383/383/383 301/301/301
f 371/371/371 372/372/372 301/301/301
f 382/382/382 371/371/371 301/301/301
f 457/457/457 382/382/382 301/301/301
f 370/370/370 457/457/457 301/301/301
f 381/381/381 370/370/370 301/301/301
f 380/380/380 381/381/381 301/301/301
f 300/300/300 380/380/380 301/301/301
f 300/300/300 312/312/312 301/301/301
f 380/380/380 299/299/299 300/300/300
f 311/311/311 237/237/237 238/238/238
f 237/237/237 247/247/247 248/248/248
f 237/237/237 311/311/311 247/247/247
f 379/379/379 380/380/380 299/299/299
f 378/378/378 379/379/379 299/299/299
f 397/397/397 378/378/378 299/299/299
f 309/309/309 397/397/397 299/299/299
f 326/326/326 309/309/309 299/299/299
f 326/326/326 310/310/310 299/299/299
f 245/245/245 326/326/326 310/310/310
f 245/245/245 246/246/246 327/327/327
f 245/245/245 327/327/327 310/310/310
f 309/309/309 326/326/326 245/245/245
f 308/308/308 309/309/309 245/245/245
f 308/308/308 325/325/325 245/245/245
f 378/378/378 308/308/308 325/325/325
f 378/378/378 397/397/397 308/308/308
f 395/395/395 378/378/378 325/325/325
f 377/377/377 395/395/395 325/325/325
f 394/394/394 377/377/377 325/325/325
f 307/307/307 394/394/394 325/325/325
f 261/261/261 307/307/307 325/325/325
f 261/261/261 244/244/244 325/325/325
f 480/480/480 394/394/394 307/307/307
f 393/393/393 480/480/480 307/307/307
f 392/392/392 393/393/393 307/307/307
f 408/408/408 392/392/392 307/307/307
f 322/322/322 408/408/408 307/307/307
f 323/323/323 322/322/322 307/307/307
f 323/323/323 324/324/324 307/307/307
f 339/339/339 323/323/323 324/324/324
f 259/259/259 339/339/339 324/324/324
f 260/260/260 259/259/259 324/324/324
f 260/260/260 243/243/243 324/324/324
f 322/322/322 339/339/339 259/259/259
f 322/322/322 323/323/323 339/339/339
f 321/321/321 322/322/322 259/259/259
f 321/321/321 338/338/338 259/259/259
f 405/405/405 321/321/321 338/338/338
f 416/416/416 405/405/405 338/338/338
f 415/415/415 416/416/416 338/338/338
f 337/337/337 415/415/415 338/338/338
f 335/335/335 337/337/337 338/338/338
f 336/336/336 335/335/335 338/338/338
f 347/347/347 336/336/336 338/338/338
f 271/271/271 347/347/347 338/338/338
f 257/257/257 271/271/271 338/338/338
f 273/273/273 257/257/257 338/338/338
f 284/284/284 273/273/273 338/338/338
f 284/284/284 147/147/147 211/211/211
f 211/211/211 147/147/147 212/212/212
f 211/211/211 284/284/284 338/338/338
f 193/193/193 211/211/211 338/338/338
f 274/274/274 193/193/193 338/338/338
f 274/274/274 194/194/194 193/193/193
f 258/258/258 274/274/274 338/338/338
f 258/258/258 275/275/275 338/338/338
f 258/258/258 274/274/274 275/275/275
f 193/193/193 211/211/211 194/194/194
f 257/257/257 273/273/273 284/284/284
f 272/272/272 257/257/257 284/284/284
f 271/271/271 272/272/272 284/284/284
f 271/271/271 257/257/257 272/272/272
f 354/354/354 271/271/271 284/284/284
f 283/283/283 354/354/354 284/284/284
f 209/209/209 283/283/283 284/284/284
f 221/221/221 209/209/209 284/284/284
f 221/221/221 146/146/146 210/210/210
f 221/221/221 210/210/210 284/284/284
f 354/354/354 209/209/209 221/221/221
f 354/354/354 283/283/283 209/209/209
f 281/281/281 354/354/354 221/221/221
f 291/291/291 281/281/281 221/221/221
f 361/361/361 291/291/291 221/221/221
f 290/290/290 361/361/361 221/221/221
f 219/219/219 290/290/290 221/221/221
f 220/220/220 219/219/219 221/221/221
f 231/231/231 220/220/220 221/221/221
f 228/228/228 231/231/231 221/221/221
f 232/232/232 228/228/228 221/221/221
f 232/232/232 156/156/156 155/155/155
f 155/155/155 232/232/232 221/221/221
f 155/155/155 145/145/145 221/221/221
f 155/155/155 156/156/156 145/145/145
f 231/231/231 228/228/228 232/232/232
f 235/235/235 231/231/231 232/232/232
f 167/167/167 235/235/235 232/232/232
f 168/168/168 167/167/167 232/232/232
f 168/168/168 162/162/162 161/161/161
f 168/168/168 161/161/161 232/232/232
f 235/235/235 167/167/167 168/168/168
f 103/103/103 163/163/163 169/169/169
f 169/169/169 103/103/103 168/168/168
f 169/169/169 163/163/163 168/168/168
f 129/129/129 46/46/46 103/103/103
f 129/129/129 168/168/168 103/103/103
f 102/102/102 107/107/107 106/106/106
f 101/101/101 102/102/102 106/106/106
f 101/101/101 100/100/100 106/106/106
f 102/102/102 101/101/101 100/100/100
f 102/102/102 158/158/158 100/100/100
f 108/108/108 102/102/102 158/158/158
f 164/164/164 108/108/108 158/158/158
f 171/171/171 164/164/164 158/158/158
f 165/165/165 171/171/171 158/158/158
f 166/166/166 165/165/165 158/158/158
f 233/233/233 166/166/166 158/158/158
f 159/159/159 233/233/233 158/158/158
f 154/154/154 159/159/159 158/158/158
f 224/224/224 154/154/154 158/158/158
f 153/153/153 224/224/224 158/158/158
f 217/217/217 153/153/153 158/158/158
f 285/285/285 217/217/217 158/158/158
f 144/144/144 285/285/285 158/158/158
f 152/152/152 144/144/144 158/158/158
f 215/215/215 152/152/152 158/158/158
f 143/143/143 215/215/215 158/158/158
f 143/143/143 89/89/89 90/90/90
f 90/90/90 143/143/143 158/158/158
f 95/95/95 90/90/90 158/158/158
f 95/95/95 96/96/96 158/158/158
f 89/89/89 94/94/94 90/90/90
f 207/207/207 215/215/215 143/143/143
f 276/276/276 207/207/207 143/143/143
f 214/214/214 276/276/276 143/143/143
f 205/205/205 214/214/214 143/143/143
f 128/128/128 205/205/205 143/143/143
f 128/128/128 204/204/204 205/205/205
f 142/142/142 128/128/128 143/143/143
f 150/150/150 142/142/142 143/143/143
f 150/150/150 88/88/88 143/143/143
f 127/127/127 128/128/128 142/142/142
f 140/140/140 127/127/127 142/142/142
f 141/141/141 140/140/140 142/142/142
f 141/141/141 74/74/74 142/142/142
f 140/140/140 141/141/141 74/74/74
f 87/87/87 140/140/140 74/74/74
f 87/87/87 30/30/30 74/74/74
f 276/276/276 205/205/205 204/204/204
f 276/276/276 214/214/214 205/205/205
f 268/268/268 276/276/276 204/204/204
f 268/268/268 192/192/192 204/204/204
f 340/340/340 268/268/268 192/192/192
f 332/332/332 340/340/340 192/192/192
f 267/267/267 332/332/332 192/192/192
f 256/256/256 267/267/267 192/192/192
f 330/330/330 256/256/256 192/192/192
f 266/266/266 330/330/330 192/192/192
f 266/266/266 191/191/191 192/192/192
f 330/330/330 255/255/255 266/266/266
f 399/399/399 330/330/330 255/255/255
f 318/318/318 399/399/399 255/255/255
f 329/329/329 318/318/318 255/255/255
f 254/254/254 329/329/329 255/255/255
f 254/254/254 265/265/265 255/255/255
f 399/399/399 318/318/318 329/329/329
f 388/388/388 399/399/399 329/329/329
f 398/398/398 388/388/388 329/329/329
f 398/398/398 328/328/328 329/329/329
f 398/398/398 387/387/387 328/328/328
f 388/388/388 398/398/398 387/387/387
f 473/473/473 388/388/388 387/387/387
f 472/472/472 473/473/473 387/387/387
f 464/464/464 472/472/472 387/387/387
f 463/463/463 464/464/464 387/387/387
f 376/376/376 463/463/463 387/387/387
f 462/462/462 376/376/376 387/387/387
f 375/375/375 462/462/462 387/387/387
f 374/374/374 375/375/375 387/387/387
f 386/386/386 374/374/374 387/387/387
f 305/305/305 386/386/386 387/387/387
f 306/306/306 305/305/305 387/387/387
f 306/306/306 317/317/317 387/387/387
f 374/374/374 386/386/386 305/305/305
f 374/374/374 385/385/385 305/305/305
f 460/460/460 374/374/374 385/385/385
f 373/373/373 460/460/460 385/385/385
f 372/372/372 373/373/373 385/385/385
f 372/372/372 303/303/303 384/384/384
f 384/384/384 372/372/372 385/385/385
f 303/303/303 384/384/384 385/385/385
f 303/303/303 304/304/304 385/385/385
f 460/460/460 373/373/373 372/372/372
f 459/459/459 460/460/460 372/372/372
f 458/458/458 459/459/459 372/372/372
f 457/457/457 458/458/458 372/372/372
f 457/457/457 382/382/382 371/371/371
f 457/457/457 371/371/371 372/372/372
f 459/459/459 458/458/458 457/457/457
f 456/456/456 455/455/455 457/457/457
f 471/471/471 456/456/456 457/457/457
f 369/369/369 471/471/471 457/457/457
f 380/380/380 369/369/369 457/457/457
f 380/380/380 381/381/381 370/370/370
f 380/380/380 370/370/370 457/457/457
f 471/471/471 369/369/369 380/380/380
f 470/470/470 471/471/471 380/380/380
f 470/470/470 379/379/379 380/380/380
f 470/470/470 378/378/378 379/379/379
f 453/453/453 470/470/470 378/378/378
f 469/469/469 453/453/453 378/378/378
f 468/468/468 469/469/469 378/378/378
f 377/377/377 468/468/468 378/378/378
f 377/377/377 395/395/395 378/378/378
f 308/308/308 309/309/309 397/397/397
f 467/467/467 468/468/468 377/377/377
f 480/480/480 467/467/467 377/377/377
f 480/480/480 394/394/394 377/377/377
f 542/542/542 467/467/467 480/480/480
f 479/479/479 542/542/542 480/480/480
f 478/478/478 479/479/479 480/480/480
f 391/391/391 478/478/478 480/480/480
f 392/392/392 391/391/391 480/480/480
f 392/392/392 393/393/393 480/480/480
f 488/488/488 391/391/391 392/392/392
f 406/406/406 488/488/488 392/392/392
f 321/321/321 406/406/406 392/392/392
f 321/321/321 322/322/322 407/407/407
f 407/407/407 321/321/321 392/392/392
f 407/407/407 408/408/408 392/392/392
f 407/407/407 322/322/322 408/408/408
f 487/487/487 406/406/406 321/321/321
f 487/487/487 405/405/405 321/321/321
f 549/549/549 487/487/487 405/405/405
f 557/557/557 549/549/549 405/405/405
f 486/486/486 557/557/557 405/405/405
f 485/485/485 486/486/486 405/405/405
f 496/496/496 485/485/485 405/405/405
f 413/413/413 496/496/496 405/405/405
f 414/414/414 413/413/413 405/405/405
f 335/335/335 414/414/414 405/405/405
f 335/335/335 337/337/337 415/415/415
f 415/415/415 335/335/335 405/405/405
f 415/415/415 416/416/416 405/405/405
f 413/413/413 414/414/414 335/335/335
f 503/503/503 413/413/413 335/335/335
f 424/424/424 503/503/503 335/335/335
f 423/423/423 424/424/424 335/335/335
f 431/431/431 423/423/423 335/335/335
f 345/345/345 431/431/431 335/335/335
f 353/353/353 345/345/345 335/335/335
f 354/354/354 353/353/353 335/335/335
f 354/354/354 281/281/281 353/353/353
f 346/346/346 354/354/354 335/335/335
f 271/271/271 346/346/346 335/335/335
f 347/347/347 271/271/271 335/335/335
f 347/347/347 336/336/336 335/335/335
f 346/346/346 354/354/354 271/271/271
f 431/431/431 353/353/353 281/281/281
f 431/431/431 345/345/345 353/353/353
f 352/352/352 431/431/431 281/281/281
f 351/351/351 352/352/352 281/281/281
f 361/361/361 351/351/351 281/281/281
f 361/361/361 291/291/291 281/281/281
f 429/429/429 351/351/351 361/361/361
f 437/437/437 429/429/429 361/361/361
f 360/360/360 437/437/437 361/361/361
f 359/359/359 360/360/360 361/361/361
f 365/365/365 359/359/359 361/361/361
f 367/367/367 365/365/365 361/361/361
f 289/289/289 367/367/367 361/361/361
f 295/295/295 289/289/289 361/361/361
f 295/295/295 290/290/290 361/361/361
f 297/297/297 295/295/295 290/290/290
f 227/227/227 297/297/297 290/290/290
f 227/227/227 219/219/219 290/290/290
f 231/231/231 227/227/227 219/219/219
f 231/231/231 220/220/220 219/219/219
f 297/297/297 227/227/227 231/231/231
f 297/297/297 235/235/235 231/231/231
f 367/367/367 297/297/297 235/235/235
f 367/367/367 289/289/289 297/297/297
f 108/108/108 102/102/102 107/107/107
f 170/170/170 164/164/164 108/108/108
f 170/170/170 171/171/171 164/164/164
f 166/166/166 172/172/172 171/171/171
f 166/166/166 165/165/165 171/171/171
f 236/236/236 172/172/172 166/166/166
f 236/236/236 233/233/233 166/166/166
f 234/234/234 236/236/236 233/233/233
f 296/296/296 234/234/234 233/233/233
f 294/294/294 296/296/296 233/233/233
f 230/230/230 294/294/294 233/233/233
f 226/226/226 230/230/230 233/233/233
f 357/357/357 226/226/226 233/233/233
f 356/356/356 357/357/357 233/233/233
f 292/292/292 356/356/356 233/233/233
f 225/225/225 292/292/292 233/233/233
f 229/229/229 225/225/225 233/233/233
f 218/218/218 229/229/229 233/233/233
f 224/224/224 218/218/218 233/233/233
f 154/154/154 224/224/224 233/233/233
f 160/160/160 154/154/154 233/233/233
f 160/160/160 159/159/159 233/233/233
f 160/160/160 154/154/154 159/159/159
f 287/287/287 218/218/218 224/224/224
f 280/280/280 287/287/287 224/224/224
f 286/286/286 280/280/280 224/224/224
f 217/217/217 286/286/286 224/224/224
f 217/217/217 285/285/285 286/286/286
f 223/223/223 217/217/217 224/224/224
f 223/223/223 153/153/153 224/224/224
f 223/223/223 217/217/217 153/153/153
f 280/280/280 286/286/286 285/285/285
f 349/349/349 280/280/280 285/285/285
f 279/279/279 349/349/349 285/285/285
f 348/348/348 279/279/279 285/285/285
f 343/343/343 348/348/348 285/285/285
f 417/417/417 343/343/343 285/285/285
f 342/342/342 417/417/417 285/285/285
f 270/270/270 342/342/342 285/285/285
f 278/278/278 270/270/270 285/285/285
f 269/269/269 278/278/278 285/285/285
f 277/277/277 269/269/269 285/285/285
f 276/276/276 277/277/277 285/285/285
f 276/276/276 207/207/207 208/208/208
f 208/208/208 276/276/276 285/285/285
f 215/215/215 208/208/208 285/285/285
f 215/215/215 207/207/207 208/208/208
f 216/216/216 215/215/215 285/285/285
f 216/216/216 144/144/144 285/285/285
f 215/215/215 216/216/216 144/144/144
f 215/215/215 152/152/152 144/144/144
f 269/269/269 277/277/277 276/276/276
f 417/417/417 269/269/269 276/276/276
f 417/417/417 342/342/342 269/269/269
f 341/341/341 417/417/417 276/276/276
f 333/333/333 341/341/341 276/276/276
f 340/340/340 333/333/333 276/276/276
f 340/340/340 268/268/268 276/276/276
f 410/410/410 333/333/333 340/340/340
f 403/403/403 410/410/410 340/340/340
f 409/409/409 403/403/403 340/340/340
f 409/409/409 332/332/332 340/340/340
f 390/390/390 409/409/409 332/332/332
f 401/401/401 390/390/390 332/332/332
f 320/320/320 401/401/401 332/332/332
f 331/331/331 320/320/320 332/332/332
f 330/330/330 331/331/331 332/332/332
f 256/256/256 330/330/330 332/332/332
f 256/256/256 267/267/267 332/332/332
f 320/320/320 331/331/331 330/330/330
f 401/401/401 320/320/320 330/330/330
f 390/390/390 401/401/401 330/330/330
f 400/400/400 390/390/390 330/330/330
f 319/319/319 400/400/400 330/330/330
f 319/319/319 399/399/399 330/330/330
f 400/400/400 319/319/319 399/399/399
f 390/390/390 400/400/400 399/399/399
f 389/389/389 390/390/390 399/399/399
f 473/473/473 389/389/389 399/399/399
f 473/473/473 388/388/388 399/399/399
f 390/390/390 389/389/389 473/473/473
f 481/481/481 390/390/390 473/473/473
f 475/475/475 481/481/481 473/473/473
f 474/474/474 475/475/475 473/473/473
f 545/545/545 474/474/474 473/473/473
f 466/466/466 545/545/545 473/473/473
f 537/537/537 466/466/466 473/473/473
f 465/465/465 537/537/537 473/473/473
f 536/536/536 465/465/465 473/473/473
f 464/464/464 536/536/536 473/473/473
f 464/464/464 472/472/472 473/473/473
f 462/462/462 536/536/536 464/464/464
f 462/462/462 376/376/376 463/463/463
f 462/462/462 463/463/463 464/464/464
f 460/460/460 374/374/374 461/461/461
f 461/461/461 460/460/460 462/462/462
f 374/374/374 461/461/461 462/462/462
f 374/374/374 375/375/375 462/462/462
f 535/535/535 457/457/457 455/455/455
f 534/534/534 535/535/535 455/455/455
f 533/533/533 534/534/534 455/455/455
f 453/453/453 533/533/533 455/455/455
f 453/453/453 470/470/470 454/454/454
f 454/454/454 453/453/453 455/455/455
f 470/470/470 454/454/454 455/455/455
f 471/471/471 470/470/470 455/455/455
f 471/471/471 456/456/456 455/455/455
f 532/532/532 533/533/533 453/453/453
f 531/531/531 532/532/532 453/453/453
f 544/544/544 531/531/531 453/453/453
f 467/467/467 544/544/544 453/453/453
f 468/468/468 467/467/467 453/453/453
f 468/468/468 469/469/469 453/453/453
f 531/531/531 544/544/544 467/467/467
f 543/543/543 531/531/531 467/467/467
f 599/599/599 543/543/543 467/467/467
f 599/599/599 542/542/542 467/467/467
f 652/652/652 599/599/599 542/542/542
f 598/598/598 652/652/652 542/542/542
f 541/541/541 598/598/598 542/542/542
f 606/606/606 541/541/541 542/542/542
f 550/550/550 606/606/606 542/542/542
f 477/477/477 550/550/550 542/542/542
f 551/551/551 477/477/477 542/542/542
f 488/488/488 551/551/551 542/542/542
f 488/488/488 391/391/391 478/478/478
f 478/478/478 488/488/488 542/542/542
f 478/478/478 479/479/479 542/542/542
f 477/477/477 551/551/551 488/488/488
f 487/487/487 477/477/477 488/488/488
f 487/487/487 406/406/406 488/488/488
f 550/550/550 477/477/477 487/487/487
f 606/606/606 550/550/550 487/487/487
f 606/606/606 549/549/549 487/487/487
f 598/598/598 606/606/606 549/549/549
f 652/652/652 598/598/598 549/549/549
f 597/597/597 652/652/652 549/549/549
f 605/605/605 597/597/597 549/549/549
f 650/650/650 605/605/605 549/549/549
f 659/659/659 650/650/650 549/549/549
f 604/604/604 659/659/659 549/549/549
f 613/613/613 604/604/604 549/549/549
f 555/555/555 613/613/613 549/549/549
f 556/556/556 555/555/555 549/549/549
f 564/564/564 556/556/556 549/549/549
f 564/564/564 557/557/557 549/549/549
f 485/485/485 564/564/564 557/557/557
f 485/485/485 486/486/486 557/557/557
f 562/562/562 564/564/564 485/485/485
f 563/563/563 562/562/562 485/485/485
f 493/493/493 563/563/563 485/485/485
f 494/494/494 493/493/493 485/485/485
f 495/495/495 494/494/494 485/485/485
f 413/413/413 495/495/495 485/485/485
f 413/413/413 496/496/496 485/485/485
f 494/494/494 495/495/495 413/413/413
f 493/493/493 494/494/494 413/413/413
f 502/502/502 493/493/493 413/413/413
f 502/502/502 503/503/503 413/413/413
f 509/509/509 502/502/502 503/503/503
f 429/429/429 509/509/509 503/503/503
f 429/429/429 437/437/437 509/509/509
f 421/421/421 429/429/429 503/503/503
f 351/351/351 421/421/421 503/503/503
f 351/351/351 429/429/429 421/421/421
f 431/431/431 351/351/351 503/503/503
f 431/431/431 352/352/352 351/351/351
f 422/422/422 431/431/431 503/503/503
f 423/423/423 422/422/422 503/503/503
f 423/423/423 424/424/424 503/503/503
f 422/422/422 431/431/431 423/423/423
f 502/502/502 509/509/509 437/437/437
f 493/493/493 502/502/502 437/437/437
f 501/501/501 493/493/493 437/437/437
f 508/508/508 501/501/501 437/437/437
f 577/577/577 508/508/508 437/437/437
f 507/507/507 577/577/577 437/437/437
f 576/576/576 507/507/507 437/437/437
f 515/515/515 576/576/576 437/437/437
f 514/514/514 515/515/515 437/437/437
f 435/435/435 514/514/514 437/437/437
f 436/436/436 435/435/435 437/437/437
f 441/441/441 436/436/436 437/437/437
f 445/445/445 441/441/441 437/437/437
f 442/442/442 445/445/445 437/437/437
f 446/446/446 442/442/442 437/437/437
f 365/365/365 446/446/446 437/437/437
f 359/359/359 365/365/365 437/437/437
f 359/359/359 360/360/360 437/437/437
f 450/450/450 446/446/446 365/365/365
f 450/450/450 367/367/367 365/365/365
f 430/430/430 235/235/235 367/367/367
f 430/430/430 450/450/450 367/367/367
f 297/297/297 295/295/295 289/289/289
f 236/236/236 172/172/172 171/171/171
f 236/236/236 171/171/171 170/170/170
f 298/298/298 234/234/234 236/236/236
f 443/443/443 298/298/298 234/234/234
f 366/366/366 443/443/443 234/234/234
f 364/364/364 366/366/366 234/234/234
f 364/364/364 296/296/296 234/234/234
f 434/434/434 364/364/364 296/296/296
f 363/363/363 434/434/434 296/296/296
f 363/363/363 294/294/294 296/296/296
f 428/428/428 363/363/363 294/294/294
f 358/358/358 428/428/428 294/294/294
f 432/432/432 358/358/358 294/294/294
f 357/357/357 432/432/432 294/294/294
f 357/357/357 226/226/226 362/362/362
f 362/362/362 357/357/357 294/294/294
f 293/293/293 362/362/362 294/294/294
f 226/226/226 293/293/293 294/294/294
f 226/226/226 230/230/230 294/294/294
f 293/293/293 362/362/362 226/226/226
f 504/504/504 432/432/432 357/357/357
f 427/427/427 504/504/504 357/357/357
f 498/498/498 427/427/427 357/357/357
f 420/420/420 498/498/498 357/357/357
f 426/426/426 420/420/420 357/357/357
f 425/425/425 426/426/426 357/357/357
f 350/350/350 425/425/425 357/357/357
f 349/349/349 350/350/350 357/357/357
f 280/280/280 349/349/349 357/357/357
f 280/280/280 356/356/356 357/357/357
f 355/355/355 280/280/280 356/356/356
f 287/287/287 355/355/355 356/356/356
f 218/218/218 287/287/287 356/356/356
f 288/288/288 218/218/218 356/356/356
f 288/288/288 292/292/292 356/356/356
f 218/218/218 288/288/288 292/292/292
f 218/218/218 225/225/225 292/292/292
f 218/218/218 229/229/229 225/225/225
f 355/355/355 280/280/280 287/287/287
f 425/425/425 350/350/350 349/349/349
f 498/498/498 425/425/425 349/349/349
f 498/498/498 420/420/420 425/425/425
f 492/492/492 498/498/498 349/349/349
f 497/497/497 492/492/492 349/349/349
f 419/419/419 497/497/497 349/349/349
f 344/344/344 419/419/419 349/349/349
f 418/418/418 344/344/344 349/349/349
f 411/411/411 418/418/418 349/349/349
f 343/343/343 411/411/411 349/349/349
f 348/348/348 343/343/343 349/349/349
f 348/348/348 279/279/279 349/349/349
f 403/403/403 411/411/411 343/343/343
f 403/403/403 410/410/410 417/417/417
f 403/403/403 417/417/417 343/343/343
f 333/333/333 410/410/410 417/417/417
f 334/334/334 333/333/333 417/417/417
f 334/334/334 341/341/341 417/417/417
f 270/270/270 269/269/269 342/342/342
f 278/278/278 269/269/269 270/270/270
f 334/334/334 333/333/333 341/341/341
f 489/489/489 411/411/411 403/403/403
f 404/404/404 489/489/489 403/403/403
f 484/484/484 404/404/404 403/403/403
f 483/483/483 484/484/484 403/403/403
f 552/552/552 483/483/483 403/403/403
f 547/547/547 552/552/552 403/403/403
f 482/482/482 547/547/547 403/403/403
f 476/476/476 482/482/482 403/403/403
f 545/545/545 476/476/476 403/403/403
f 545/545/545 474/474/474 475/475/475
f 475/475/475 545/545/545 403/403/403
f 481/481/481 475/475/475 403/403/403
f 390/390/390 481/481/481 403/403/403
f 402/402/402 390/390/390 403/403/403
f 402/402/402 409/409/409 403/403/403
f 402/402/402 390/390/390 409/409/409
f 547/547/547 476/476/476 545/545/545
f 547/547/547 482/482/482 476/476/476
f 548/548/548 547/547/547 545/545/545
f 546/546/546 548/548/548 545/545/545
f 600/600/600 546/546/546 545/545/545
f 596/596/596 600/600/600 545/545/545
f 595/595/595 596/596/596 545/545/545
f 540/540/540 595/595/595 545/545/545
f 539/539/539 540/540/540 545/545/545
f 538/538/538 539/539/539 545/545/545
f 538/538/538 466/466/466 545/545/545
f 538/538/538 537/537/537 466/466/466
f 539/539/539 538/538/538 537/537/537
f 540/540/540 539/539/539 537/537/537
f 536/536/536 465/465/465 537/537/537
f 532/532/532 533/533/533 534/534/534
f 532/532/532 534/534/534 535/535/535
f 592/592/592 593/593/593 532/532/532
f 592/592/592 531/531/531 532/532/532
f 652/652/652 592/592/592 531/531/531
f 599/599/599 652/652/652 531/531/531
f 599/599/599 543/543/543 531/531/531
f 591/591/591 592/592/592 652/652/652
f 645/645/645 591/591/591 652/652/652
f 644/644/644 645/645/645 652/652/652
f 699/699/699 644/644/644 652/652/652
f 643/643/643 699/699/699 652/652/652
f 697/697/697 643/643/643 652/652/652
f 704/704/704 697/697/697 652/652/652
f 651/651/651 704/704/704 652/652/652
f 650/650/650 651/651/651 652/652/652
f 650/650/650 605/605/605 597/597/597
f 650/650/650 597/597/597 652/652/652
f 541/541/541 606/606/606 598/598/598
f 704/704/704 651/651/651 650/650/650
f 747/747/747 704/704/704 650/650/650
f 703/703/703 747/747/747 650/650/650
f 702/702/702 703/703/703 650/650/650
f 649/649/649 702/702/702 650/650/650
f 710/710/710 649/649/649 650/650/650
f 657/657/657 710/710/710 650/650/650
f 658/658/658 657/657/657 650/650/650
f 658/658/658 659/659/659 650/650/650
f 665/665/665 658/658/658 659/659/659
f 611/611/611 665/665/665 659/659/659
f 603/603/603 611/611/611 659/659/659
f 612/612/612 603/603/603 659/659/659
f 555/555/555 612/612/612 659/659/659
f 613/613/613 555/555/555 659/659/659
f 613/613/613 604/604/604 659/659/659
f 611/611/611 612/612/612 555/555/555
f 611/611/611 603/603/603 612/612/612
f 672/672/672 611/611/611 555/555/555
f 618/618/618 672/672/672 555/555/555
f 619/619/619 618/618/618 555/555/555
f 561/561/561 619/619/619 555/555/555
f 562/562/562 561/561/561 555/555/555
f 564/564/564 562/562/562 555/555/555
f 564/564/564 556/556/556 555/555/555
f 625/625/625 561/561/561 562/562/562
f 569/569/569 625/625/625 562/562/562
f 570/570/570 569/569/569 562/562/562
f 577/577/577 570/570/570 562/562/562
f 577/577/577 507/507/507 570/570/570
f 571/571/571 577/577/577 562/562/562
f 501/501/501 571/571/571 562/562/562
f 493/493/493 501/501/501 562/562/562
f 493/493/493 563/563/563 562/562/562
f 577/577/577 571/571/571 501/501/501
f 577/577/577 508/508/508 501/501/501
f 569/569/569 570/570/570 507/507/507
f 624/624/624 569/569/569 507/507/507
f 623/623/623 624/624/624 507/507/507
f 631/631/631 623/623/623 507/507/507
f 631/631/631 576/576/576 507/507/507
f 623/623/623 631/631/631 576/576/576
f 685/685/685 623/623/623 576/576/576
f 630/630/630 685/685/685 576/576/576
f 575/575/575 630/630/630 576/576/576
f 636/636/636 575/575/575 576/576/576
f 581/581/581 636/636/636 576/576/576
f 582/582/582 581/581/581 576/576/576
f 513/513/513 582/582/582 576/576/576
f 514/514/514 513/513/513 576/576/576
f 514/514/514 515/515/515 576/576/576
f 519/519/519 513/513/513 514/514/514
f 523/523/523 519/519/519 514/514/514
f 524/524/524 523/523/523 514/514/514
f 520/520/520 524/524/524 514/514/514
f 445/445/445 520/520/520 514/514/514
f 441/441/441 445/445/445 514/514/514
f 441/441/441 435/435/435 514/514/514
f 441/441/441 436/436/436 435/435/435
f 528/528/528 520/520/520 445/445/445
f 449/449/449 528/528/528 445/445/445
f 446/446/446 449/449/449 445/445/445
f 446/446/446 442/442/442 445/445/445
f 449/449/449 450/450/450 446/446/446
f 430/430/430 449/449/449 450/450/450
f 368/368/368 298/298/298 443/443/443
f 447/447/447 368/368/368 443/443/443
f 451/451/451 447/447/447 443/443/443
f 452/452/452 451/451/451 443/443/443
f 448/448/448 452/452/452 443/443/443
f 525/525/525 448/448/448 443/443/443
f 526/526/526 525/525/525 443/443/443
f 444/444/444 526/526/526 443/443/443
f 518/518/518 444/444/444 443/443/443
f 440/440/440 518/518/518 443/443/443
f 580/580/580 440/440/440 443/443/443
f 516/516/516 580/580/580 443/443/443
f 512/512/512 516/516/516 443/443/443
f 439/439/439 512/512/512 443/443/443
f 511/511/511 439/439/439 443/443/443
f 438/438/438 511/511/511 443/443/443
f 364/364/364 438/438/438 443/443/443
f 364/364/364 366/366/366 443/443/443
f 511/511/511 438/438/438 364/364/364
f 511/511/511 434/434/434 364/364/364
f 578/578/578 511/511/511 434/434/434
f 574/574/574 578/578/578 434/434/434
f 573/573/573 574/574/574 434/434/434
f 506/506/506 573/573/573 434/434/434
f 572/572/572 506/506/506 434/434/434
f 505/505/505 572/572/572 434/434/434
f 510/510/510 505/505/505 434/434/434
f 428/428/428 510/510/510 434/434/434
f 428/428/428 363/363/363 433/433/433
f 433/433/433 428/428/428 434/434/434
f 433/433/433 363/363/363 434/434/434
f 505/505/505 510/510/510 428/428/428
f 620/620/620 505/505/505 428/428/428
f 567/567/567 620/620/620 428/428/428
f 500/500/500 567/567/567 428/428/428
f 566/566/566 500/500/500 428/428/428
f 499/499/499 566/566/566 428/428/428
f 504/504/504 499/499/499 428/428/428
f 432/432/432 504/504/504 428/428/428
f 432/432/432 358/358/358 428/428/428
f 492/492/492 499/499/499 504/504/504
f 498/498/498 492/492/492 504/504/504
f 498/498/498 427/427/427 504/504/504
f 426/426/426 425/425/425 420/420/420
f 566/566/566 499/499/499 492/492/492
f 567/567/567 566/566/566 492/492/492
f 567/567/567 500/500/500 566/566/566
f 565/565/565 567/567/567 492/492/492
f 560/560/560 565/565/565 492/492/492
f 615/615/615 560/560/560 492/492/492
f 610/610/610 615/615/615 492/492/492
f 614/614/614 610/610/610 492/492/492
f 559/559/559 614/614/614 492/492/492
f 609/609/609 559/559/559 492/492/492
f 608/608/608 609/609/609 492/492/492
f 554/554/554 608/608/608 492/492/492
f 558/558/558 554/554/554 492/492/492
f 553/553/553 558/558/558 492/492/492
f 484/484/484 553/553/553 492/492/492
f 484/484/484 483/483/483 553/553/553
f 490/490/490 484/484/484 492/492/492
f 491/491/491 490/490/490 492/492/492
f 412/412/412 491/491/491 492/492/492
f 412/412/412 497/497/497 492/492/492
f 418/418/418 412/412/412 497/497/497
f 344/344/344 418/418/418 497/497/497
f 344/344/344 419/419/419 497/497/497
f 489/489/489 412/412/412 418/418/418
f 489/489/489 411/411/411 418/418/418
f 491/491/491 412/412/412 489/489/489
f 490/490/490 491/491/491 489/489/489
f 484/484/484 490/490/490 489/489/489
f 484/484/484 404/404/404 489/489/489
f 608/608/608 553/553/553 483/483/483
f 608/608/608 554/554/554 553/553/553
f 607/607/607 608/608/608 483/483/483
f 607/607/607 552/552/552 483/483/483
f 548/548/548 607/607/607 552/552/552
f 548/548/548 547/547/547 552/552/552
f 608/608/608 607/607/607 548/548/548
f 660/660/660 608/608/608 548/548/548
f 602/602/602 660/660/660 548/548/548
f 654/654/654 602/602/602 548/548/548
f 648/648/648 654/654/654 548/548/548
f 601/601/601 648/648/648 548/548/548
f 596/596/596 601/601/601 548/548/548
f 600/600/600 596/596/596 548/548/548
f 600/600/600 546/546/546 548/548/548
f 653/653/653 601/601/601 596/596/596
f 648/648/648 653/653/653 596/596/596
f 648/648/648 601/601/601 653/653/653
f 700/700/700 648/648/648 596/596/596
f 647/647/647 700/700/700 596/596/596
f 646/646/646 647/647/647 596/596/596
f 646/646/646 595/595/595 596/596/596
f 594/594/594 646/646/646 595/595/595
f 594/594/594 540/540/540 595/595/595
f 591/591/591 645/645/645 593/593/593
f 591/591/591 592/592/592 593/593/593
f 699/699/699 644/644/644 645/645/645
f 698/698/698 743/743/743 699/699/699
f 698/698/698 643/643/643 699/699/699
f 743/743/743 698/698/698 643/643/643
f 743/743/743 697/697/697 643/643/643
f 742/742/742 743/743/743 697/697/697
f 790/790/790 742/742/742 697/697/697
f 747/747/747 790/790/790 697/697/697
f 747/747/747 704/704/704 697/697/697
f 789/789/789 790/790/790 747/747/747
f 794/794/794 789/789/789 747/747/747
f 746/746/746 794/794/794 747/747/747
f 751/751/751 746/746/746 747/747/747
f 752/752/752 751/751/751 747/747/747
f 757/757/757 752/752/752 747/747/747
f 708/708/708 757/757/757 747/747/747
f 709/709/709 708/708/708 747/747/747
f 702/702/702 709/709/709 747/747/747
f 702/702/702 703/703/703 747/747/747
f 716/716/716 709/709/709 702/702/702
f 672/672/672 716/716/716 702/702/702
f 672/672/672 611/611/611 664/664/664
f 664/664/664 672/672/672 702/702/702
f 657/657/657 664/664/664 702/702/702
f 710/710/710 657/657/657 702/702/702
f 710/710/710 649/649/649 702/702/702
f 611/611/611 664/664/664 657/657/657
f 665/665/665 611/611/611 657/657/657
f 665/665/665 658/658/658 657/657/657
f 708/708/708 716/716/716 672/672/672
f 757/757/757 708/708/708 672/672/672
f 663/663/663 757/757/757 672/672/672
f 714/714/714 663/663/663 672/672/672
f 763/763/763 714/714/714 672/672/672
f 721/721/721 763/763/763 672/672/672
f 671/671/671 721/721/721 672/672/672
f 669/669/669 671/671/671 672/672/672
f 679/679/679 669/669/669 672/672/672
f 617/617/617 679/679/679 672/672/672
f 624/624/624 617/617/617 672/672/672
f 624/624/624 569/569/569 625/625/625
f 625/625/625 624/624/624 672/672/672
f 625/625/625 618/618/618 672/672/672
f 561/561/561 625/625/625 618/618/618
f 561/561/561 619/619/619 618/618/618
f 679/679/679 617/617/617 624/624/624
f 725/725/725 679/679/679 624/624/624
f 678/678/678 725/725/725 624/624/624
f 677/677/677 678/678/678 624/624/624
f 677/677/677 623/623/623 624/624/624
f 677/677/677 685/685/685 623/623/623
f 767/767/767 677/677/677 685/685/685
f 729/729/729 767/767/767 685/685/685
f 728/728/728 729/729/729 685/685/685
f 683/683/683 728/728/728 685/685/685
f 684/684/684 683/683/683 685/685/685
f 690/690/690 684/684/684 685/685/685
f 635/635/635 690/690/690 685/685/685
f 639/639/639 635/635/635 685/685/685
f 629/629/629 639/639/639 685/685/685
f 629/629/629 630/630/630 685/685/685
f 636/636/636 629/629/629 630/630/630
f 636/636/636 575/575/575 630/630/630
f 639/639/639 629/629/629 636/636/636
f 585/585/585 639/639/639 636/636/636
f 519/519/519 585/585/585 636/636/636
f 519/519/519 513/513/513 581/581/581
f 519/519/519 581/581/581 636/636/636
f 582/582/582 513/513/513 581/581/581
f 641/641/641 585/585/585 519/519/519
f 587/587/587 641/641/641 519/519/519
f 589/589/589 587/587/587 519/519/519
f 589/589/589 523/523/523 519/519/519
f 527/527/527 589/589/589 523/523/523
f 528/528/528 527/527/527 523/523/523
f 528/528/528 520/520/520 524/524/524
f 528/528/528 524/524/524 523/523/523
f 430/430/430 528/528/528 449/449/449
f 451/451/451 368/368/368 447/447/447
f 525/525/525 529/529/529 452/452/452
f 525/525/525 448/448/448 452/452/452
f 530/530/530 529/529/529 525/525/525
f 590/590/590 530/530/530 525/525/525
f 590/590/590 526/526/526 525/525/525
f 588/588/588 590/590/590 526/526/526
f 694/694/694 588/588/588 526/526/526
f 640/640/640 694/694/694 526/526/526
f 638/638/638 640/640/640 526/526/526
f 586/586/586 638/638/638 526/526/526
f 584/584/584 586/586/586 526/526/526
f 583/583/583 584/584/584 526/526/526
f 522/522/522 583/583/583 526/526/526
f 521/521/521 522/522/522 526/526/526
f 521/521/521 444/444/444 526/526/526
f 522/522/522 521/521/521 444/444/444
f 522/522/522 518/518/518 444/444/444
f 583/583/583 522/522/522 518/518/518
f 580/580/580 583/583/583 518/518/518
f 580/580/580 440/440/440 517/517/517
f 517/517/517 580/580/580 518/518/518
f 517/517/517 440/440/440 518/518/518
f 584/584/584 583/583/583 580/580/580
f 638/638/638 584/584/584 580/580/580
f 638/638/638 586/586/586 584/584/584
f 637/637/637 638/638/638 580/580/580
f 691/691/691 637/637/637 580/580/580
f 634/634/634 691/691/691 580/580/580
f 687/687/687 634/634/634 580/580/580
f 633/633/633 687/687/687 580/580/580
f 686/686/686 633/633/633 580/580/580
f 681/681/681 686/686/686 580/580/580
f 628/628/628 681/681/681 580/580/580
f 680/680/680 628/628/628 580/580/580
f 627/627/627 680/680/680 580/580/580
f 632/632/632 627/627/627 580/580/580
f 626/626/626 632/632/632 580/580/580
f 574/574/574 626/626/626 580/580/580
f 578/578/578 574/574/574 580/580/580
f 579/579/579 578/578/578 580/580/580
f 512/512/512 579/579/579 580/580/580
f 512/512/512 516/516/516 580/580/580
f 578/578/578 579/579/579 512/512/512
f 511/511/511 578/578/578 512/512/512
f 511/511/511 439/439/439 512/512/512
f 568/568/568 626/626/626 574/574/574
f 568/568/568 573/573/573 574/574/574
f 616/616/616 568/568/568 573/573/573
f 620/620/620 616/616/616 573/573/573
f 620/620/620 505/505/505 572/572/572
f 572/572/572 620/620/620 573/573/573
f 572/572/572 506/506/506 573/573/573
f 661/661/661 616/616/616 620/620/620
f 610/610/610 661/661/661 620/620/620
f 615/615/615 610/610/610 620/620/620
f 560/560/560 615/615/615 620/620/620
f 565/565/565 560/560/560 620/620/620
f 565/565/565 567/567/567 620/620/620
f 656/656/656 661/661/661 610/610/610
f 705/705/705 656/656/656 610/610/610
f 660/660/660 705/705/705 610/610/610
f 608/608/608 660/660/660 610/610/610
f 609/609/609 608/608/608 610/610/610
f 609/609/609 614/614/614 610/610/610
f 609/609/609 559/559/559 614/614/614
f 558/558/558 553/553/553 554/554/554
f 701/701/701 705/705/705 660/660/660
f 655/655/655 701/701/701 660/660/660
f 654/654/654 655/655/655 660/660/660
f 654/654/654 602/602/602 660/660/660
f 701/701/701 655/655/655 654/654/654
f 700/700/700 701/701/701 654/654/654
f 700/700/700 648/648/648 654/654/654
f 706/706/706 701/701/701 700/700/700
f 748/748/748 706/706/706 700/700/700
f 745/745/745 748/748/748 700/700/700
f 744/744/744 745/745/745 700/700/700
f 787/787/787 744/744/744 700/700/700
f 646/646/646 647/647/647 700/700/700
f 785/785/785 786/786/786 743/743/743
f 785/785/785 742/742/742 743/743/743
f 837/837/837 785/785/785 742/742/742
f 837/837/837 790/790/790 742/742/742
f 836/836/836 837/837/837 790/790/790
f 835/835/835 836/836/836 790/790/790
f 843/843/843 835/835/835 790/790/790
f 843/843/843 789/789/789 790/790/790
f 848/848/848 843/843/843 789/789/789
f 793/793/793 848/848/848 789/789/789
f 793/793/793 794/794/794 789/789/789
f 798/798/798 793/793/793 794/794/794
f 755/755/755 798/798/798 794/794/794
f 756/756/756 755/755/755 794/794/794
f 714/714/714 756/756/756 794/794/794
f 714/714/714 663/663/663 757/757/757
f 757/757/757 714/714/714 794/794/794
f 751/751/751 757/757/757 794/794/794
f 751/751/751 746/746/746 794/794/794
f 752/752/752 757/757/757 751/751/751
f 716/716/716 709/709/709 708/708/708
f 755/755/755 756/756/756 714/714/714
f 755/755/755 763/763/763 714/714/714
f 803/803/803 755/755/755 763/763/763
f 802/802/802 803/803/803 763/763/763
f 762/762/762 802/802/802 763/763/763
f 761/761/761 762/762/762 763/763/763
f 768/768/768 761/761/761 763/763/763
f 724/724/724 768/768/768 763/763/763
f 720/720/720 724/724/724 763/763/763
f 669/669/669 720/720/720 763/763/763
f 669/669/669 671/671/671 721/721/721
f 669/669/669 721/721/721 763/763/763
f 725/725/725 720/720/720 669/669/669
f 725/725/725 679/679/679 669/669/669
f 724/724/724 720/720/720 725/725/725
f 677/677/677 724/724/724 725/725/725
f 677/677/677 678/678/678 725/725/725
f 768/768/768 724/724/724 677/677/677
f 808/808/808 768/768/768 677/677/677
f 808/808/808 767/767/767 677/677/677
f 855/855/855 808/808/808 767/767/767
f 807/807/807 855/855/855 767/767/767
f 860/860/860 807/807/807 767/767/767
f 815/815/815 860/860/860 767/767/767
f 813/813/813 815/815/815 767/767/767
f 771/771/771 813/813/813 767/767/767
f 772/772/772 771/771/771 767/767/767
f 734/734/734 772/772/772 767/767/767
f 728/728/728 734/734/734 767/767/767
f 728/728/728 729/729/729 767/767/767
f 693/693/693 734/734/734 728/728/728
f 689/689/689 693/693/693 728/728/728
f 690/690/690 689/689/689 728/728/728
f 690/690/690 684/684/684 683/683/683
f 690/690/690 683/683/683 728/728/728
f 693/693/693 689/689/689 690/690/690
f 641/641/641 693/693/693 690/690/690
f 641/641/641 585/585/585 639/639/639
f 639/639/639 641/641/641 690/690/690
f 639/639/639 635/635/635 690/690/690
f 738/738/738 693/693/693 641/641/641
f 695/695/695 738/738/738 641/641/641
f 783/783/783 695/695/695 641/641/641
f 589/589/589 783/783/783 641/641/641
f 589/589/589 587/587/587 641/641/641
f 642/642/642 696/696/696 590/590/590
f 642/642/642 588/588/588 590/590/590
f 696/696/696 642/642/642 588/588/588
f 696/696/696 694/694/694 588/588/588
f 741/741/741 696/696/696 694/694/694
f 782/782/782 741/741/741 694/694/694
f 739/739/739 782/782/782 694/694/694
f 778/778/778 739/739/739 694/694/694
f 737/737/737 778/778/778 694/694/694
f 777/777/777 737/737/737 694/694/694
f 736/736/736 777/777/777 694/694/694
f 735/735/735 736/736/736 694/694/694
f 692/692/692 735/735/735 694/694/694
f 691/691/691 692/692/692 694/694/694
f 637/637/637 691/691/691 694/694/694
f 638/638/638 637/637/637 694/694/694
f 638/638/638 640/640/640 694/694/694
f 735/735/735 692/692/692 691/691/691
f 773/773/773 735/735/735 691/691/691
f 731/731/731 773/773/773 691/691/691
f 688/688/688 731/731/731 691/691/691
f 730/730/730 688/688/688 691/691/691
f 682/682/682 730/730/730 691/691/691
f 687/687/687 682/682/682 691/691/691
f 687/687/687 634/634/634 691/691/691
f 723/723/723 682/682/682 687/687/687
f 722/722/722 723/723/723 687/687/687
f 676/676/676 722/722/722 687/687/687
f 681/681/681 676/676/676 687/687/687
f 686/686/686 681/681/681 687/687/687
f 686/686/686 633/633/633 687/687/687
f 719/719/719 676/676/676 681/681/681
f 718/718/718 719/719/719 681/681/681
f 675/675/675 718/718/718 681/681/681
f 674/674/674 675/675/675 681/681/681
f 673/673/673 674/674/674 681/681/681
f 680/680/680 673/673/673 681/681/681
f 680/680/680 628/628/628 681/681/681
f 616/616/616 673/673/673 680/680/680
f 616/616/616 568/568/568 622/622/622
f 622/622/622 616/616/616 680/680/680
f 568/568/568 622/622/622 680/680/680
f 626/626/626 568/568/568 680/680/680
f 626/626/626 627/627/627 680/680/680
f 626/626/626 632/632/632 627/627/627
f 674/674/674 673/673/673 616/616/616
f 675/675/675 674/674/674 616/616/616
f 668/668/668 675/675/675 616/616/616
f 667/667/667 668/668/668 616/616/616
f 717/717/717 667/667/667 616/616/616
f 712/712/712 717/717/717 616/616/616
f 662/662/662 712/712/712 616/616/616
f 711/711/711 662/662/662 616/616/616
f 666/666/666 711/711/711 616/616/616
f 666/666/666 661/661/661 616/616/616
f 711/711/711 666/666/666 661/661/661
f 707/707/707 711/711/711 661/661/661
f 749/749/749 707/707/707 661/661/661
f 706/706/706 749/749/749 661/661/661
f 706/706/706 748/748/748 749/749/749
f 706/706/706 656/656/656 661/661/661
f 706/706/706 705/705/705 656/656/656
f 706/706/706 701/701/701 705/705/705
f 791/791/791 749/749/749 748/748/748
f 791/791/791 745/745/745 748/748/748
f 838/838/838 791/791/791 745/745/745
f 788/788/788 838/838/838 745/745/745
f 833/833/833 788/788/788 745/745/745
f 832/832/832 833/833/833 745/745/745
f 787/787/787 832/832/832 745/745/745
f 787/787/787 744/744/744 745/745/745
f 874/874/874 831/831/831 786/786/786
f 830/830/830 874/874/874 786/786/786
f 829/829/829 830/830/830 786/786/786
f 829/829/829 785/785/785 786/786/786
f 878/878/878 829/829/829 785/785/785
f 878/878/878 837/837/837 785/785/785
f 877/877/877 878/878/878 837/837/837
f 877/877/877 836/836/836 837/837/837
f 935/935/935 877/877/877 836/836/836
f 883/883/883 935/935/935 836/836/836
f 883/883/883 835/835/835 836/836/836
f 889/889/889 883/883/883 835/835/835
f 841/841/841 889/889/889 835/835/835
f 842/842/842 841/841/841 835/835/835
f 842/842/842 843/843/843 835/835/835
f 841/841/841 842/842/842 843/843/843
f 841/841/841 848/848/848 843/843/843
f 889/889/889 841/841/841 848/848/848
f 888/888/888 889/889/889 848/848/848
f 887/887/887 888/888/888 848/848/848
f 895/895/895 887/887/887 848/848/848
f 847/847/847 895/895/895 848/848/848
f 852/852/852 847/847/847 848/848/848
f 801/801/801 852/852/852 848/848/848
f 802/802/802 801/801/801 848/848/848
f 803/803/803 802/802/802 848/848/848
f 797/797/797 803/803/803 848/848/848
f 798/798/798 797/797/797 848/848/848
f 798/798/798 793/793/793 848/848/848
f 803/803/803 797/797/797 798/798/798
f 803/803/803 755/755/755 798/798/798
f 808/808/808 801/801/801 802/802/802
f 808/808/808 768/768/768 809/809/809
f 809/809/809 808/808/808 802/802/802
f 768/768/768 809/809/809 802/802/802
f 761/761/761 768/768/768 802/802/802
f 761/761/761 762/762/762 802/802/802
f 852/852/852 801/801/801 808/808/808
f 895/895/895 852/852/852 808/808/808
f 895/895/895 847/847/847 852/852/852
f 851/851/851 895/895/895 808/808/808
f 894/894/894 851/851/851 808/808/808
f 893/893/893 894/894/894 808/808/808
f 856/856/856 893/893/893 808/808/808
f 900/900/900 856/856/856 808/808/808
f 900/900/900 855/855/855 808/808/808
f 946/946/946 900/900/900 855/855/855
f 899/899/899 946/946/946 855/855/855
f 905/905/905 899/899/899 855/855/855
f 904/904/904 905/905/905 855/855/855
f 859/859/859 904/904/904 855/855/855
f 860/860/860 859/859/859 855/855/855
f 860/860/860 807/807/807 855/855/855
f 864/864/864 859/859/859 860/860/860
f 819/819/819 864/864/864 860/860/860
f 820/820/820 819/819/819 860/860/860
f 813/813/813 820/820/820 860/860/860
f 813/813/813 815/815/815 814/814/814
f 814/814/814 813/813/813 860/860/860
f 814/814/814 815/815/815 860/860/860
f 779/779/779 820/820/820 813/813/813
f 775/775/775 779/779/779 813/813/813
f 732/732/732 775/775/775 813/813/813
f 776/776/776 732/732/732 813/813/813
f 734/734/734 776/776/776 813/813/813
f 734/734/734 772/772/772 771/771/771
f 734/734/734 771/771/771 813/813/813
f 732/732/732 776/776/776 734/734/734
f 733/733/733 732/732/732 734/734/734
f 733/733/733 693/693/693 734/734/734
f 732/732/732 733/733/733 693/693/693
f 775/775/775 732/732/732 693/693/693
f 779/779/779 775/775/775 693/693/693
f 779/779/779 738/738/738 693/693/693
f 825/825/825 779/779/779 738/738/738
f 781/781/781 825/825/825 738/738/738
f 783/783/783 781/781/781 738/738/738
f 783/783/783 695/695/695 740/740/740
f 740/740/740 783/783/783 738/738/738
f 740/740/740 695/695/695 738/738/738
f 825/825/825 781/781/781 783/783/783
f 914/914/914 825/825/825 783/783/783
f 869/869/869 914/914/914 783/783/783
f 918/918/918 869/869/869 783/783/783
f 917/917/917 918/918/918 783/783/783
f 827/827/827 917/917/917 783/783/783
f 925/925/925 827/827/827 783/783/783
f 784/784/784 590/590/590 696/696/696
f 784/784/784 741/741/741 696/696/696
f 784/784/784 782/782/782 741/741/741
f 828/828/828 784/784/784 782/782/782
f 826/826/826 828/828/828 782/782/782
f 916/916/916 826/826/826 782/782/782
f 915/915/915 916/916/916 782/782/782
f 868/868/868 915/915/915 782/782/782
f 911/911/911 868/868/868 782/782/782
f 824/824/824 911/911/911 782/782/782
f 866/866/866 824/824/824 782/782/782
f 822/822/822 866/866/866 782/782/782
f 865/865/865 822/822/822 782/782/782
f 862/862/862 865/865/865 782/782/782
f 821/821/821 862/862/862 782/782/782
f 818/818/818 821/821/821 782/782/782
f 780/780/780 818/818/818 782/782/782
f 778/778/778 780/780/780 782/782/782
f 778/778/778 739/739/739 782/782/782
f 818/818/818 780/780/780 778/778/778
f 817/817/817 818/818/818 778/778/778
f 816/816/816 817/817/817 778/778/778
f 774/774/774 816/816/816 778/778/778
f 777/777/777 774/774/774 778/778/778
f 777/777/777 737/737/737 778/778/778
f 773/773/773 774/774/774 777/777/777
f 735/735/735 773/773/773 777/777/777
f 735/735/735 736/736/736 777/777/777
f 816/816/816 774/774/774 773/773/773
f 812/812/812 816/816/816 773/773/773
f 857/857/857 812/812/812 773/773/773
f 811/811/811 857/857/857 773/773/773
f 806/806/806 811/811/811 773/773/773
f 810/810/810 806/806/806 773/773/773
f 770/770/770 810/810/810 773/773/773
f 769/769/769 770/770/770 773/773/773
f 727/727/727 769/769/769 773/773/773
f 682/682/682 727/727/727 773/773/773
f 730/730/730 682/682/682 773/773/773
f 730/730/730 731/731/731 773/773/773
f 688/688/688 730/730/730 731/731/731
f 805/805/805 727/727/727 682/682/682
f 766/766/766 805/805/805 682/682/682
f 765/765/765 766/766/766 682/682/682
f 726/726/726 765/765/765 682/682/682
f 726/726/726 723/723/723 682/682/682
f 765/765/765 726/726/726 723/723/723
f 804/804/804 765/765/765 723/723/723
f 800/800/800 804/804/804 723/723/723
f 760/760/760 800/800/800 723/723/723
f 764/764/764 760/760/760 723/723/723
f 758/758/758 764/764/764 723/723/723
f 719/719/719 758/758/758 723/723/723
f 719/719/719 676/676/676 722/722/722
f 719/719/719 722/722/722 723/723/723
f 753/753/753 758/758/758 719/719/719
f 713/713/713 753/753/753 719/719/719
f 713/713/713 718/718/718 719/719/719
f 707/707/707 713/713/713 718/718/718
f 707/707/707 711/711/711 712/712/712
f 712/712/712 707/707/707 718/718/718
f 717/717/717 712/712/712 718/718/718
f 667/667/667 717/717/717 718/718/718
f 668/668/668 667/667/667 718/718/718
f 668/668/668 675/675/675 718/718/718
f 711/711/711 662/662/662 712/712/712
f 753/753/753 713/713/713 707/707/707
f 795/795/795 753/753/753 707/707/707
f 844/844/844 795/795/795 707/707/707
f 792/792/792 844/844/844 707/707/707
f 750/750/750 792/792/792 707/707/707
f 791/791/791 750/750/750 707/707/707
f 791/791/791 749/749/749 707/707/707
f 792/792/792 750/750/750 791/791/791
f 844/844/844 792/792/792 791/791/791
f 840/840/840 844/844/844 791/791/791
f 839/839/839 840/840/840 791/791/791
f 839/839/839 838/838/838 791/791/791
f 880/880/880 839/839/839 838/838/838
f 879/879/879 880/880/880 838/838/838
f 834/834/834 879/879/879 838/838/838
f 875/875/875 834/834/834 838/838/838
f 833/833/833 875/875/875 838/838/838
f 833/833/833 788/788/788 838/838/838
f 875/875/875 832/832/832 833/833/833
f 926/926/926 927/927/927 874/874/874
f 931/931/931 926/926/926 874/874/874
f 873/873/873 931/931/931 874/874/874
f 878/878/878 873/873/873 874/874/874
f 829/829/829 878/878/878 874/874/874
f 829/829/829 830/830/830 874/874/874
f 931/931/931 873/873/873 878/878/878
f 930/930/930 931/931/931 878/878/878
f 930/930/930 877/877/877 878/878/878
f 930/930/930 935/935/935 877/877/877
f 966/966/966 930/930/930 935/935/935
f 1002/1002/1002 966/966/966 935/935/935
f 971/971/971 1002/1002/1002 935/935/935
f 1007/1007/1007 971/971/971 935/935/935
f 970/970/970 1007/1007/1007 935/935/935
f 975/975/975 970/970/970 935/935/935
f 974/974/974 975/975/975 935/935/935
f 934/934/934 974/974/974 935/935/935
f 939/939/939 934/934/934 935/935/935
f 887/887/887 939/939/939 935/935/935
f 888/888/888 887/887/887 935/935/935
f 881/881/881 888/888/888 935/935/935
f 889/889/889 881/881/881 935/935/935
f 889/889/889 888/888/888 881/881/881
f 882/882/882 889/889/889 935/935/935
f 882/882/882 883/883/883 935/935/935
f 882/882/882 889/889/889 883/883/883
f 938/938/938 939/939/939 887/887/887
f 974/974/974 938/938/938 887/887/887
f 974/974/974 934/934/934 938/938/938
f 1010/1010/1010 974/974/974 887/887/887
f 979/979/979 1010/1010/1010 887/887/887
f 978/978/978 979/979/979 887/887/887
f 943/943/943 978/978/978 887/887/887
f 942/942/942 943/943/943 887/887/887
f 947/947/947 942/942/942 887/887/887
f 893/893/893 947/947/947 887/887/887
f 894/894/894 893/893/893 887/887/887
f 851/851/851 894/894/894 887/887/887
f 851/851/851 895/895/895 887/887/887
f 946/946/946 947/947/947 893/893/893
f 900/900/900 946/946/946 893/893/893
f 900/900/900 856/856/856 893/893/893
f 942/942/942 947/947/947 946/946/946
f 978/978/978 942/942/942 946/946/946
f 978/978/978 943/943/943 942/942/942
f 1010/1010/1010 978/978/978 946/946/946
f 1010/1010/1010 979/979/979 978/978/978
f 983/983/983 1010/1010/1010 946/946/946
f 1015/1015/1015 983/983/983 946/946/946
f 1014/1014/1014 1015/1015/1015 946/946/946
f 1019/1019/1019 1014/1014/1014 946/946/946
f 982/982/982 1019/1019/1019 946/946/946
f 1018/1018/1018 982/982/982 946/946/946
f 1023/1023/1023 1018/1018/1018 946/946/946
f 987/987/987 1023/1023/1023 946/946/946
f 986/986/986 987/987/987 946/946/946
f 991/991/991 986/986/986 946/946/946
f 950/950/950 991/991/991 946/946/946
f 955/955/955 950/950/950 946/946/946
f 951/951/951 955/955/955 946/946/946
f 910/910/910 951/951/951 946/946/946
f 903/903/903 910/910/910 946/946/946
f 864/864/864 903/903/903 946/946/946
f 864/864/864 859/859/859 904/904/904
f 904/904/904 864/864/864 946/946/946
f 905/905/905 904/904/904 946/946/946
f 905/905/905 899/899/899 946/946/946
f 910/910/910 903/903/903 864/864/864
f 913/913/913 910/910/910 864/864/864
f 914/914/914 913/913/913 864/864/864
f 914/914/914 869/869/869 913/913/913
f 863/863/863 914/914/914 864/864/864
f 867/867/867 863/863/863 864/864/864
f 867/867/867 819/819/819 864/864/864
f 825/825/825 867/867/867 819/819/819
f 825/825/825 914/914/914 867/867/867
f 823/823/823 825/825/825 819/819/819
f 779/779/779 823/823/823 819/819/819
f 779/779/779 820/820/820 819/819/819
f 823/823/823 825/825/825 779/779/779
f 867/867/867 863/863/863 914/914/914
f 958/958/958 913/913/913 869/869/869
f 958/958/958 918/918/918 869/869/869
f 994/994/994 958/958/958 918/918/918
f 994/994/994 917/917/917 918/918/918
f 1030/1030/1030 994/994/994 917/917/917
f 960/960/960 1030/1030/1030 917/917/917
f 1034/1034/1034 960/960/960 917/917/917
f 998/998/998 1034/1034/1034 917/917/917
f 962/962/962 998/998/998 917/917/917
f 921/921/921 962/962/962 917/917/917
f 925/925/925 921/921/921 917/917/917
f 925/925/925 827/827/827 922/922/922
f 922/922/922 925/925/925 917/917/917
f 922/922/922 827/827/827 917/917/917
f 962/962/962 921/921/921 925/925/925
f 998/998/998 962/962/962 925/925/925
f 919/919/919 872/872/872 828/828/828
f 870/870/870 919/919/919 828/828/828
f 870/870/870 826/826/826 828/828/828
f 919/919/919 870/870/870 826/826/826
f 919/919/919 916/916/916 826/826/826
f 923/923/923 919/919/919 916/916/916
f 920/920/920 923/923/923 916/916/916
f 963/963/963 920/920/920 916/916/916
f 961/961/961 963/963/963 916/916/916
f 997/997/997 961/961/961 916/916/916
f 1033/1033/1033 997/997/997 916/916/916
f 959/959/959 1033/1033/1033 916/916/916
f 1029/1029/1029 959/959/959 916/916/916
f 993/993/993 1029/1029/1029 916/916/916
f 957/957/957 993/993/993 916/916/916
f 989/989/989 957/957/957 916/916/916
f 956/956/956 989/989/989 916/916/916
f 912/912/912 956/956/956 916/916/916
f 908/908/908 912/912/912 916/916/916
f 911/911/911 908/908/908 916/916/916
f 868/868/868 911/911/911 916/916/916
f 868/868/868 915/915/915 916/916/916
f 901/901/901 908/908/908 911/911/911
f 906/906/906 901/901/901 911/911/911
f 858/858/858 906/906/906 911/911/911
f 861/861/861 858/858/858 911/911/911
f 862/862/862 861/861/861 911/911/911
f 865/865/865 862/862/862 911/911/911
f 866/866/866 865/865/865 911/911/911
f 866/866/866 824/824/824 911/911/911
f 822/822/822 865/865/865 866/866/866
f 812/812/812 861/861/861 862/862/862
f 816/816/816 812/812/812 862/862/862
f 817/817/817 816/816/816 862/862/862
f 818/818/818 817/817/817 862/862/862
f 818/818/818 821/821/821 862/862/862
f 858/858/858 861/861/861 812/812/812
f 898/898/898 858/858/858 812/812/812
f 944/944/944 898/898/898 812/812/812
f 897/897/897 944/944/944 812/812/812
f 897/897/897 857/857/857 812/812/812
f 892/892/892 897/897/897 857/857/857
f 896/896/896 892/892/892 857/857/857
f 891/891/891 896/896/896 857/857/857
f 854/854/854 891/891/891 857/857/857
f 853/853/853 854/854/854 857/857/857
f 804/804/804 853/853/853 857/857/857
f 804/804/804 765/765/765 805/805/805
f 805/805/805 765/765/765 766/766/766
f 805/805/805 804/804/804 857/857/857
f 806/806/806 805/805/805 857/857/857
f 806/806/806 811/811/811 857/857/857
f 805/805/805 810/810/810 806/806/806
f 727/727/727 805/805/805 810/810/810
f 769/769/769 727/727/727 810/810/810
f 769/769/769 770/770/770 810/810/810
f 850/850/850 853/853/853 804/804/804
f 890/890/890 850/850/850 804/804/804
f 849/849/849 890/890/890 804/804/804
f 846/846/846 849/849/849 804/804/804
f 846/846/846 800/800/800 804/804/804
f 845/845/845 846/846/846 800/800/800
f 844/844/844 845/845/845 800/800/800
f 844/844/844 840/840/840 845/845/845
f 796/796/796 844/844/844 800/800/800
f 799/799/799 796/796/796 800/800/800
f 754/754/754 799/799/799 800/800/800
f 758/758/758 754/754/754 800/800/800
f 758/758/758 764/764/764 759/759/759
f 759/759/759 758/758/758 800/800/800
f 759/759/759 760/760/760 800/800/800
f 759/759/759 764/764/764 760/760/760
f 754/754/754 753/753/753 758/758/758
f 799/799/799 754/754/754 753/753/753
f 796/796/796 799/799/799 753/753/753
f 796/796/796 795/795/795 753/753/753
f 796/796/796 844/844/844 795/795/795
f 846/846/846 845/845/845 840/840/840
f 890/890/890 846/846/846 840/840/840
f 890/890/890 849/849/849 846/846/846
f 891/891/891 890/890/890 840/840/840
f 891/891/891 854/854/854 890/890/890
f 884/884/884 891/891/891 840/840/840
f 936/936/936 884/884/884 840/840/840
f 933/933/933 936/936/936 840/840/840
f 880/880/880 933/933/933 840/840/840
f 880/880/880 839/839/839 840/840/840
f 969/969/969 933/933/933 880/880/880
f 968/968/968 969/969/969 880/880/880
f 932/932/932 968/968/968 880/880/880
f 929/929/929 932/932/932 880/880/880
f 928/928/928 929/929/929 880/880/880
f 876/876/876 928/928/928 880/880/880
f 875/875/875 876/876/876 880/880/880
f 875/875/875 834/834/834 879/879/879
f 875/875/875 879/879/879 880/880/880
f 928/928/928 876/876/876 875/875/875
f 967/967/967 964/964/964 927/927/927
f 967/967/967 926/926/926 927/927/927
f 930/930/930 967/967/967 926/926/926
f 930/930/930 931/931/931 926/926/926
f 1003/1003/1003 967/967/967 930/930/930
f 1003/1003/1003 966/966/966 930/930/930
f 1039/1039/1039 1003/1003/1003 966/966/966
f 1038/1038/1038 1039/1039/1039 966/966/966
f 1038/1038/1038 1002/1002/1002 966/966/966
f 1043/1043/1043 1038/1038/1038 1002/1002/1002
f 1042/1042/1042 1043/1043/1043 1002/1002/1002
f 1047/1047/1047 1042/1042/1042 1002/1002/1002
f 1007/1007/1007 1047/1047/1047 1002/1002/1002
f 1007/1007/1007 971/971/971 1002/1002/1002
f 1006/1006/1006 1047/1047/1047 1007/1007/1007
f 1010/1010/1010 1006/1006/1006 1007/1007/1007
f 1010/1010/1010 974/974/974 1011/1011/1011
f 1011/1011/1011 1010/1010/1010 1007/1007/1007
f 974/974/974 1011/1011/1011 1007/1007/1007
f 975/975/975 974/974/974 1007/1007/1007
f 975/975/975 970/970/970 1007/1007/1007
f 938/938/938 939/939/939 934/934/934
f 1047/1047/1047 1006/1006/1006 1010/1010/1010
f 1083/1083/1083 1047/1047/1047 1010/1010/1010
f 1046/1046/1046 1083/1083/1083 1010/1010/1010
f 1082/1082/1082 1046/1046/1046 1010/1010/1010
f 1123/1123/1123 1082/1082/1082 1010/1010/1010
f 1087/1087/1087 1123/1123/1123 1010/1010/1010
f 1051/1051/1051 1087/1087/1087 1010/1010/1010
f 1050/1050/1050 1051/1051/1051 1010/1010/1010
f 1055/1055/1055 1050/1050/1050 1010/1010/1010
f 1014/1014/1014 1055/1055/1055 1010/1010/1010
f 1015/1015/1015 1014/1014/1014 1010/1010/1010
f 1015/1015/1015 983/983/983 1010/1010/1010
f 1054/1054/1054 1055/1055/1055 1014/1014/1014
f 1059/1059/1059 1054/1054/1054 1014/1014/1014
f 1018/1018/1018 1059/1059/1059 1014/1014/1014
f 1018/1018/1018 982/982/982 1019/1019/1019
f 1018/1018/1018 1019/1019/1019 1014/1014/1014
f 1058/1058/1058 1059/1059/1059 1018/1018/1018
f 1063/1063/1063 1058/1058/1058 1018/1018/1018
f 1027/1027/1027 1063/1063/1063 1018/1018/1018
f 1027/1027/1027 1023/1023/1023 1018/1018/1018
f 1030/1030/1030 1027/1027/1027 1023/1023/1023
f 1030/1030/1030 994/994/994 1022/1022/1022
f 1022/1022/1022 1030/1030/1030 1023/1023/1023
f 990/990/990 1022/1022/1022 1023/1023/1023
f 991/991/991 990/990/990 1023/1023/1023
f 986/986/986 991/991/991 1023/1023/1023
f 986/986/986 987/987/987 1023/1023/1023
f 994/994/994 990/990/990 991/991/991
f 958/958/958 994/994/994 991/991/991
f 954/954/954 958/958/958 991/991/991
f 909/909/909 954/954/954 991/991/991
f 955/955/955 909/909/909 991/991/991
f 955/955/955 950/950/950 991/991/991
f 910/910/910 909/909/909 955/955/955
f 910/910/910 951/951/951 955/955/955
f 909/909/909 913/913/913 910/910/910
f 954/954/954 909/909/909 913/913/913
f 954/954/954 958/958/958 913/913/913
f 990/990/990 1022/1022/1022 994/994/994
f 1026/1026/1026 1027/1027/1027 1030/1030/1030
f 1062/1062/1062 1026/1026/1026 1030/1030/1030
f 1098/1098/1098 1062/1062/1062 1030/1030/1030
f 1066/1066/1066 1098/1098/1098 1030/1030/1030
f 1068/1068/1068 1066/1066/1066 1030/1030/1030
f 1070/1070/1070 1068/1068/1068 1030/1030/1030
f 1032/1032/1032 1070/1070/1070 1030/1030/1030
f 996/996/996 1032/1032/1032 1030/1030/1030
f 996/996/996 960/960/960 1030/1030/1030
f 1070/1070/1070 996/996/996 960/960/960
f 1070/1070/1070 1032/1032/1032 996/996/996
f 1070/1070/1070 1034/1034/1034 960/960/960
f 1070/1070/1070 998/998/998 1034/1034/1034
f 871/871/871 925/925/925 998/998/998
f 923/923/923 919/919/919 872/872/872
f 924/924/924 920/920/920 923/923/923
f 924/924/924 963/963/963 920/920/920
f 997/997/997 999/999/999 963/963/963
f 997/997/997 961/961/961 963/963/963
f 1035/1035/1035 999/999/999 997/997/997
f 1035/1035/1035 1033/1033/1033 997/997/997
f 1071/1071/1071 1035/1035/1035 1033/1033/1033
f 1069/1069/1069 1071/1071/1071 1033/1033/1033
f 1139/1139/1139 1069/1069/1069 1033/1033/1033
f 1103/1103/1103 1139/1139/1139 1033/1033/1033
f 1137/1137/1137 1103/1103/1103 1033/1033/1033
f 1067/1067/1067 1137/1137/1137 1033/1033/1033
f 1100/1100/1100 1067/1067/1067 1033/1033/1033
f 1065/1065/1065 1100/1100/1100 1033/1033/1033
f 1064/1064/1064 1065/1065/1065 1033/1033/1033
f 1029/1029/1029 1064/1064/1064 1033/1033/1033
f 1029/1029/1029 959/959/959 1031/1031/1031
f 1031/1031/1031 1029/1029/1029 1033/1033/1033
f 995/995/995 1031/1031/1031 1033/1033/1033
f 995/995/995 959/959/959 1033/1033/1033
f 995/995/995 1031/1031/1031 959/959/959
f 1061/1061/1061 1064/1064/1064 1029/1029/1029
f 1060/1060/1060 1061/1061/1061 1029/1029/1029
f 1028/1028/1028 1060/1060/1060 1029/1029/1029
f 992/992/992 1028/1028/1028 1029/1029/1029
f 992/992/992 993/993/993 1029/1029/1029
f 989/989/989 992/992/992 993/993/993
f 989/989/989 957/957/957 993/993/993
f 1028/1028/1028 992/992/992 989/989/989
f 1025/1025/1025 1028/1028/1028 989/989/989
f 1024/1024/1024 1025/1025/1025 989/989/989
f 1060/1060/1060 1024/1024/1024 989/989/989
f 1060/1060/1060 1061/1061/1061 1057/1057/1057
f 1057/1057/1057 1060/1060/1060 989/989/989
f 1021/1021/1021 1057/1057/1057 989/989/989
f 1053/1053/1053 1021/1021/1021 989/989/989
f 1020/1020/1020 1053/1053/1053 989/989/989
f 1016/1016/1016 1020/1020/1020 989/989/989
f 985/985/985 1016/1016/1016 989/989/989
f 988/988/988 985/985/985 989/989/989
f 949/949/949 988/988/988 989/989/989
f 952/952/952 949/949/949 989/989/989
f 953/953/953 952/952/952 989/989/989
f 953/953/953 956/956/956 989/989/989
f 952/952/952 953/953/953 956/956/956
f 902/902/902 952/952/952 956/956/956
f 907/907/907 902/902/902 956/956/956
f 908/908/908 907/907/907 956/956/956
f 908/908/908 912/912/912 956/956/956
f 898/898/898 907/907/907 908/908/908
f 898/898/898 858/858/858 901/901/901
f 898/898/898 901/901/901 908/908/908
f 906/906/906 858/858/858 901/901/901
f 902/902/902 907/907/907 898/898/898
f 952/952/952 902/902/902 898/898/898
f 949/949/949 952/952/952 898/898/898
f 988/988/988 949/949/949 898/898/898
f 985/985/985 988/988/988 898/898/898
f 948/948/948 985/985/985 898/898/898
f 984/984/984 948/948/948 898/898/898
f 945/945/945 984/984/984 898/898/898
f 981/981/981 945/945/945 898/898/898
f 980/980/980 981/981/981 898/898/898
f 980/980/980 944/944/944 898/898/898
f 1012/1012/1012 980/980/980 944/944/944
f 977/977/977 1012/1012/1012 944/944/944
f 976/976/976 977/977/977 944/944/944
f 973/973/973 976/976/976 944/944/944
f 972/972/972 973/973/973 944/944/944
f 941/941/941 972/972/972 944/944/944
f 937/937/937 941/941/941 944/944/944
f 940/940/940 937/937/937 944/944/944
f 886/886/886 940/940/940 944/944/944
f 892/892/892 886/886/886 944/944/944
f 892/892/892 897/897/897 944/944/944
f 891/891/891 886/886/886 892/892/892
f 891/891/891 896/896/896 892/892/892
f 885/885/885 886/886/886 891/891/891
f 885/885/885 884/884/884 891/891/891
f 850/850/850 890/890/890 854/854/854
f 850/850/850 853/853/853 854/854/854
f 940/940/940 885/885/885 884/884/884
f 937/937/937 940/940/940 884/884/884
f 937/937/937 936/936/936 884/884/884
f 972/972/972 937/937/937 936/936/936
f 972/972/972 941/941/941 937/937/937
f 1005/1005/1005 972/972/972 936/936/936
f 969/969/969 1005/1005/1005 936/936/936
f 969/969/969 933/933/933 936/936/936
f 1041/1041/1041 1005/1005/1005 969/969/969
f 1040/1040/1040 1041/1041/1041 969/969/969
f 1004/1004/1004 1040/1040/1040 969/969/969
f 1001/1001/1001 1004/1004/1004 969/969/969
f 1000/1000/1000 1001/1001/1001 969/969/969
f 965/965/965 1000/1000/1000 969/969/969
f 965/965/965 968/968/968 969/969/969
f 928/928/928 965/965/965 968/968/968
f 929/929/929 928/928/928 968/968/968
f 929/929/929 932/932/932 968/968/968
f 1039/1039/1039 1036/1036/1036 964/964/964
f 1003/1003/1003 1039/1039/1039 964/964/964
f 1003/1003/1003 967/967/967 964/964/964
f 1075/1075/1075 1036/1036/1036 1039/1039/1039
f 1074/1074/1074 1075/1075/1075 1039/1039/1039
f 1115/1115/1115 1074/1074/1074 1039/1039/1039
f 1079/1079/1079 1115/1115/1115 1039/1039/1039
f 1078/1078/1078 1079/1079/1079 1039/1039/1039
f 1042/1042/1042 1078/1078/1078 1039/1039/1039
f 1042/1042/1042 1043/1043/1043 1038/1038/1038
f 1042/1042/1042 1038/1038/1038 1039/1039/1039
f 1114/1114/1114 1078/1078/1078 1042/1042/1042
f 1119/1119/1119 1114/1114/1114 1042/1042/1042
f 1083/1083/1083 1119/1119/1119 1042/1042/1042
f 1083/1083/1083 1047/1047/1047 1042/1042/1042
f 1155/1155/1155 1119/1119/1119 1083/1083/1083
f 1118/1118/1118 1155/1155/1155 1083/1083/1083
f 1123/1123/1123 1118/1118/1118 1083/1083/1083
f 1082/1082/1082 1123/1123/1123 1083/1083/1083
f 1082/1082/1082 1046/1046/1046 1083/1083/1083
f 1155/1155/1155 1118/1118/1118 1123/1123/1123
f 1190/1190/1190 1155/1155/1155 1123/1123/1123
f 1154/1154/1154 1190/1190/1190 1123/1123/1123
f 1194/1194/1194 1154/1154/1154 1123/1123/1123
f 1159/1159/1159 1194/1194/1194 1123/1123/1123
f 1158/1158/1158 1159/1159/1159 1123/1123/1123
f 1163/1163/1163 1158/1158/1158 1123/1123/1123
f 1122/1122/1122 1163/1163/1163 1123/1123/1123
f 1127/1127/1127 1122/1122/1122 1123/1123/1123
f 1131/1131/1131 1127/1127/1127 1123/1123/1123
f 1095/1095/1095 1131/1131/1131 1123/1123/1123
f 1091/1091/1091 1095/1095/1095 1123/1123/1123
f 1054/1054/1054 1091/1091/1091 1123/1123/1123
f 1054/1054/1054 1055/1055/1055 1086/1086/1086
f 1086/1086/1086 1054/1054/1054 1123/1123/1123
f 1055/1055/1055 1086/1086/1086 1123/1123/1123
f 1050/1050/1050 1055/1055/1055 1123/1123/1123
f 1050/1050/1050 1087/1087/1087 1123/1123/1123
f 1050/1050/1050 1051/1051/1051 1087/1087/1087
f 1090/1090/1090 1091/1091/1091 1054/1054/1054
f 1095/1095/1095 1090/1090/1090 1054/1054/1054
f 1095/1095/1095 1091/1091/1091 1090/1090/1090
f 1094/1094/1094 1095/1095/1095 1054/1054/1054
f 1099/1099/1099 1094/1094/1094 1054/1054/1054
f 1063/1063/1063 1099/1099/1099 1054/1054/1054
f 1058/1058/1058 1063/1063/1063 1054/1054/1054
f 1058/1058/1058 1059/1059/1059 1054/1054/1054
f 1134/1134/1134 1099/1099/1099 1063/1063/1063
f 1098/1098/1098 1134/1134/1134 1063/1063/1063
f 1062/1062/1062 1098/1098/1098 1063/1063/1063
f 1026/1026/1026 1062/1062/1062 1063/1063/1063
f 1026/1026/1026 1027/1027/1027 1063/1063/1063
f 1138/1138/1138 1134/1134/1134 1098/1098/1098
f 1140/1140/1140 1138/1138/1138 1098/1098/1098
f 1142/1142/1142 1140/1140/1140 1098/1098/1098
f 1104/1104/1104 1142/1142/1142 1098/1098/1098
f 1102/1102/1102 1104/1104/1104 1098/1098/1098
f 1068/1068/1068 1102/1102/1102 1098/1098/1098
f 1068/1068/1068 1066/1066/1066 1098/1098/1098
f 1142/1142/1142 1102/1102/1102 1068/1068/1068
f 1142/1142/1142 1104/1104/1104 1102/1102/1102
f 1106/1106/1106 1142/1142/1142 1068/1068/1068
f 1106/1106/1106 1070/1070/1070 1068/1068/1068
f 1141/1141/1141 1107/1107/1107 1071/1071/1071
f 1105/1105/1105 1141/1141/1141 1071/1071/1071
f 1105/1105/1105 1069/1069/1069 1071/1071/1071
f 1141/1141/1141 1105/1105/1105 1069/1069/1069
f 1141/1141/1141 1139/1139/1139 1069/1069/1069
f 1178/1178/1178 1141/1141/1141 1139/1139/1139
f 1177/1177/1177 1178/1178/1178 1139/1139/1139
f 1208/1208/1208 1177/1177/1177 1139/1139/1139
f 1241/1241/1241 1208/1208/1208 1139/1139/1139
f 1175/1175/1175 1241/1241/1241 1139/1139/1139
f 1237/1237/1237 1175/1175/1175 1139/1139/1139
f 1204/1204/1204 1237/1237/1237 1139/1139/1139
f 1235/1235/1235 1204/1204/1204 1139/1139/1139
f 1173/1173/1173 1235/1235/1235 1139/1139/1139
f 1202/1202/1202 1173/1173/1173 1139/1139/1139
f 1172/1172/1172 1202/1202/1202 1139/1139/1139
f 1169/1169/1169 1172/1172/1172 1139/1139/1139
f 1165/1165/1165 1169/1169/1169 1139/1139/1139
f 1168/1168/1168 1165/1165/1165 1139/1139/1139
f 1137/1137/1137 1168/1168/1168 1139/1139/1139
f 1137/1137/1137 1103/1103/1103 1139/1139/1139
f 1136/1136/1136 1168/1168/1168 1137/1137/1137
f 1133/1133/1133 1136/1136/1136 1137/1137/1137
f 1096/1096/1096 1133/1133/1133 1137/1137/1137
f 1097/1097/1097 1096/1096/1096 1137/1137/1137
f 1061/1061/1061 1097/1097/1097 1137/1137/1137
f 1061/1061/1061 1064/1064/1064 1100/1100/1100
f 1100/1100/1100 1064/1064/1064 1065/1065/1065
f 1100/1100/1100 1061/1061/1061 1137/1137/1137
f 1101/1101/1101 1100/1100/1100 1137/1137/1137
f 1101/1101/1101 1067/1067/1067 1137/1137/1137
f 1101/1101/1101 1100/1100/1100 1067/1067/1067
f 1096/1096/1096 1097/1097/1097 1061/1061/1061
f 1093/1093/1093 1096/1096/1096 1061/1061/1061
f 1092/1092/1092 1093/1093/1093 1061/1061/1061
f 1092/1092/1092 1057/1057/1057 1061/1061/1061
f 1025/1025/1025 1024/1024/1024 1060/1060/1060
f 1025/1025/1025 1028/1028/1028 1060/1060/1060
f 1089/1089/1089 1092/1092/1092 1057/1057/1057
f 1088/1088/1088 1089/1089/1089 1057/1057/1057
f 1056/1056/1056 1088/1088/1088 1057/1057/1057
f 1056/1056/1056 1021/1021/1021 1057/1057/1057
f 1088/1088/1088 1056/1056/1056 1021/1021/1021
f 1088/1088/1088 1053/1053/1053 1021/1021/1021
f 1085/1085/1085 1088/1088/1088 1053/1053/1053
f 1081/1081/1081 1085/1085/1085 1053/1053/1053
f 1049/1049/1049 1081/1081/1081 1053/1053/1053
f 1052/1052/1052 1049/1049/1049 1053/1053/1053
f 1009/1009/1009 1052/1052/1052 1053/1053/1053
f 1013/1013/1013 1009/1009/1009 1053/1053/1053
f 1016/1016/1016 1013/1013/1013 1053/1053/1053
f 1016/1016/1016 1020/1020/1020 1017/1017/1017
f 1017/1017/1017 1016/1016/1016 1053/1053/1053
f 1017/1017/1017 1020/1020/1020 1053/1053/1053
f 1012/1012/1012 1013/1013/1013 1016/1016/1016
f 980/980/980 1012/1012/1012 1016/1016/1016
f 981/981/981 980/980/980 1016/1016/1016
f 945/945/945 981/981/981 1016/1016/1016
f 984/984/984 945/945/945 1016/1016/1016
f 984/984/984 985/985/985 1016/1016/1016
f 984/984/984 948/948/948 985/985/985
f 1009/1009/1009 1013/1013/1013 1012/1012/1012
f 1008/1008/1008 1009/1009/1009 1012/1012/1012
f 972/972/972 1008/1008/1008 1012/1012/1012
f 973/973/973 972/972/972 1012/1012/1012
f 976/976/976 973/973/973 1012/1012/1012
f 976/976/976 977/977/977 1012/1012/1012
f 1044/1044/1044 1008/1008/1008 972/972/972
f 1044/1044/1044 1005/1005/1005 972/972/972
f 885/885/885 886/886/886 940/940/940
f 1080/1080/1080 1044/1044/1044 1005/1005/1005
f 1116/1116/1116 1080/1080/1080 1005/1005/1005
f 1116/1116/1116 1041/1041/1041 1005/1005/1005
f 1112/1112/1112 1116/1116/1116 1041/1041/1041
f 1077/1077/1077 1112/1112/1112 1041/1041/1041
f 1109/1109/1109 1077/1077/1077 1041/1041/1041
f 1076/1076/1076 1109/1109/1109 1041/1041/1041
f 1073/1073/1073 1076/1076/1076 1041/1041/1041
f 1037/1037/1037 1073/1073/1073 1041/1041/1041
f 1037/1037/1037 1040/1040/1040 1041/1041/1041
f 1001/1001/1001 1037/1037/1037 1040/1040/1040
f 1001/1001/1001 1004/1004/1004 1040/1040/1040
f 1073/1073/1073 1037/1037/1037 1001/1001/1001
f 1072/1072/1072 1073/1073/1073 1001/1001/1001
f 1072/1072/1072 1000/1000/1000 1001/1001/1001
f 1072/1072/1072 1000/1000/1000 965/965/965
f 1147/1147/1147 1182/1182/1182 1036/1036/1036
f 1146/1146/1146 1147/1147/1147 1036/1036/1036
f 1111/1111/1111 1146/1146/1146 1036/1036/1036
f 1110/1110/1110 1111/1111/1111 1036/1036/1036
f 1110/1110/1110 1075/1075/1075 1036/1036/1036
f 1115/1115/1115 1110/1110/1110 1075/1075/1075
f 1115/1115/1115 1074/1074/1074 1075/1075/1075
f 1186/1186/1186 1110/1110/1110 1115/1115/1115
f 1151/1151/1151 1186/1186/1186 1115/1115/1115
f 1150/1150/1150 1151/1151/1151 1115/1115/1115
f 1114/1114/1114 1150/1150/1150 1115/1115/1115
f 1078/1078/1078 1114/1114/1114 1115/1115/1115
f 1078/1078/1078 1079/1079/1079 1115/1115/1115
f 1155/1155/1155 1150/1150/1150 1114/1114/1114
f 1155/1155/1155 1119/1119/1119 1114/1114/1114
f 1186/1186/1186 1150/1150/1150 1155/1155/1155
f 1186/1186/1186 1151/1151/1151 1150/1150/1150
f 1185/1185/1185 1186/1186/1186 1155/1155/1155
f 1216/1216/1216 1185/1185/1185 1155/1155/1155
f 1221/1221/1221 1216/1216/1216 1155/1155/1155
f 1221/1221/1221 1190/1190/1190 1155/1155/1155
f 1254/1254/1254 1221/1221/1221 1190/1190/1190
f 1220/1220/1220 1254/1254/1254 1190/1190/1190
f 1225/1225/1225 1220/1220/1220 1190/1190/1190
f 1189/1189/1189 1225/1225/1225 1190/1190/1190
f 1189/1189/1189 1154/1154/1154 1190/1190/1190
f 1225/1225/1225 1189/1189/1189 1154/1154/1154
f 1225/1225/1225 1194/1194/1194 1154/1154/1154
f 1258/1258/1258 1225/1225/1225 1194/1194/1194
f 1224/1224/1224 1258/1258/1258 1194/1194/1194
f 1229/1229/1229 1224/1224/1224 1194/1194/1194
f 1193/1193/1193 1229/1229/1229 1194/1194/1194
f 1198/1198/1198 1193/1193/1193 1194/1194/1194
f 1166/1166/1166 1198/1198/1198 1194/1194/1194
f 1162/1162/1162 1166/1166/1166 1194/1194/1194
f 1158/1158/1158 1162/1162/1162 1194/1194/1194
f 1158/1158/1158 1159/1159/1159 1194/1194/1194
f 1131/1131/1131 1162/1162/1162 1158/1158/1158
f 1131/1131/1131 1127/1127/1127 1163/1163/1163
f 1131/1131/1131 1163/1163/1163 1158/1158/1158
f 1127/1127/1127 1122/1122/1122 1163/1163/1163
f 1167/1167/1167 1162/1162/1162 1131/1131/1131
f 1166/1166/1166 1167/1167/1167 1131/1131/1131
f 1166/1166/1166 1162/1162/1162 1167/1167/1167
f 1171/1171/1171 1166/1166/1166 1131/1131/1131
f 1170/1170/1170 1171/1171/1171 1131/1131/1131
f 1174/1174/1174 1170/1170/1170 1131/1131/1131
f 1135/1135/1135 1174/1174/1174 1131/1131/1131
f 1130/1130/1130 1135/1135/1135 1131/1131/1131
f 1099/1099/1099 1130/1130/1130 1131/1131/1131
f 1094/1094/1094 1099/1099/1099 1131/1131/1131
f 1094/1094/1094 1095/1095/1095 1131/1131/1131
f 1135/1135/1135 1130/1130/1130 1099/1099/1099
f 1135/1135/1135 1134/1134/1134 1099/1099/1099
f 1174/1174/1174 1135/1135/1135 1134/1134/1134
f 1176/1176/1176 1174/1174/1174 1134/1134/1134
f 1140/1140/1140 1176/1176/1176 1134/1134/1134
f 1140/1140/1140 1138/1138/1138 1134/1134/1134
f 1176/1176/1176 1142/1142/1142 1140/1140/1140
f 1207/1207/1207 1176/1176/1176 1142/1142/1142
f 1240/1240/1240 1207/1207/1207 1142/1142/1142
f 1242/1242/1242 1240/1240/1240 1142/1142/1142
f 1143/1143/1143 1141/1141/1141 1107/1107/1107
f 1143/1143/1143 1178/1178/1178 1141/1141/1141
f 1208/1208/1208 1209/1209/1209 1178/1178/1178
f 1208/1208/1208 1177/1177/1177 1178/1178/1178
f 1243/1243/1243 1209/1209/1209 1208/1208/1208
f 1243/1243/1243 1241/1241/1241 1208/1208/1208
f 1280/1280/1280 1243/1243/1243 1241/1241/1241
f 1279/1279/1279 1280/1280/1280 1241/1241/1241
f 1311/1311/1311 1279/1279/1279 1241/1241/1241
f 1277/1277/1277 1311/1311/1311 1241/1241/1241
f 1273/1273/1273 1277/1277/1277 1241/1241/1241
f 1274/1274/1274 1273/1273/1273 1241/1241/1241
f 1269/1269/1269 1274/1274/1274 1241/1241/1241
f 1239/1239/1239 1269/1269/1269 1241/1241/1241
f 1206/1206/1206 1239/1239/1239 1241/1241/1241
f 1206/1206/1206 1175/1175/1175 1241/1241/1241
f 1239/1239/1239 1206/1206/1206 1175/1175/1175
f 1269/1269/1269 1239/1239/1239 1175/1175/1175
f 1269/1269/1269 1237/1237/1237 1175/1175/1175
f 1268/1268/1268 1269/1269/1269 1237/1237/1237
f 1265/1265/1265 1268/1268/1268 1237/1237/1237
f 1231/1231/1231 1265/1265/1265 1237/1237/1237
f 1230/1230/1230 1231/1231/1231 1237/1237/1237
f 1234/1234/1234 1230/1230/1230 1237/1237/1237
f 1227/1227/1227 1234/1234/1234 1237/1237/1237
f 1235/1235/1235 1227/1227/1227 1237/1237/1237
f 1235/1235/1235 1204/1204/1204 1237/1237/1237
f 1199/1199/1199 1227/1227/1227 1235/1235/1235
f 1200/1200/1200 1199/1199/1199 1235/1235/1235
f 1202/1202/1202 1200/1200/1200 1235/1235/1235
f 1202/1202/1202 1173/1173/1173 1235/1235/1235
f 1161/1161/1161 1200/1200/1200 1202/1202/1202
f 1164/1164/1164 1161/1161/1161 1202/1202/1202
f 1165/1165/1165 1164/1164/1164 1202/1202/1202
f 1169/1169/1169 1165/1165/1165 1202/1202/1202
f 1169/1169/1169 1172/1172/1172 1202/1202/1202
f 1125/1125/1125 1164/1164/1164 1165/1165/1165
f 1088/1088/1088 1125/1125/1125 1165/1165/1165
f 1089/1089/1089 1088/1088/1088 1165/1165/1165
f 1128/1128/1128 1089/1089/1089 1165/1165/1165
f 1092/1092/1092 1128/1128/1128 1165/1165/1165
f 1093/1093/1093 1092/1092/1092 1165/1165/1165
f 1129/1129/1129 1093/1093/1093 1165/1165/1165
f 1096/1096/1096 1129/1129/1129 1165/1165/1165
f 1096/1096/1096 1093/1093/1093 1129/1129/1129
f 1132/1132/1132 1096/1096/1096 1165/1165/1165
f 1132/1132/1132 1168/1168/1168 1165/1165/1165
f 1133/1133/1133 1132/1132/1132 1168/1168/1168
f 1133/1133/1133 1136/1136/1136 1168/1168/1168
f 1132/1132/1132 1096/1096/1096 1133/1133/1133
f 1128/1128/1128 1089/1089/1089 1092/1092/1092
f 1161/1161/1161 1125/1125/1125 1088/1088/1088
f 1161/1161/1161 1164/1164/1164 1125/1125/1125
f 1160/1160/1160 1161/1161/1161 1088/1088/1088
f 1157/1157/1157 1160/1160/1160 1088/1088/1088
f 1124/1124/1124 1157/1157/1157 1088/1088/1088
f 1156/1156/1156 1124/1124/1124 1088/1088/1088
f 1121/1121/1121 1156/1156/1156 1088/1088/1088
f 1120/1120/1120 1121/1121/1121 1088/1088/1088
f 1117/1117/1117 1120/1120/1120 1088/1088/1088
f 1116/1116/1116 1117/1117/1117 1088/1088/1088
f 1116/1116/1116 1112/1112/1112 1117/1117/1117
f 1116/1116/1116 1085/1085/1085 1088/1088/1088
f 1084/1084/1084 1116/1116/1116 1085/1085/1085
f 1084/1084/1084 1081/1081/1081 1085/1085/1085
f 1116/1116/1116 1084/1084/1084 1081/1081/1081
f 1080/1080/1080 1116/1116/1116 1081/1081/1081
f 1044/1044/1044 1080/1080/1080 1081/1081/1081
f 1008/1008/1008 1044/1044/1044 1081/1081/1081
f 1009/1009/1009 1008/1008/1008 1081/1081/1081
f 1045/1045/1045 1009/1009/1009 1081/1081/1081
f 1048/1048/1048 1045/1045/1045 1081/1081/1081
f 1048/1048/1048 1049/1049/1049 1081/1081/1081
f 1009/1009/1009 1048/1048/1048 1049/1049/1049
f 1009/1009/1009 1052/1052/1052 1049/1049/1049
f 1048/1048/1048 1045/1045/1045 1009/1009/1009
f 1156/1156/1156 1117/1117/1117 1112/1112/1112
f 1156/1156/1156 1121/1121/1121 1117/1117/1117
f 1153/1153/1153 1156/1156/1156 1112/1112/1112
f 1113/1113/1113 1153/1153/1153 1112/1112/1112
f 1149/1149/1149 1113/1113/1113 1112/1112/1112
f 1184/1184/1184 1149/1149/1149 1112/1112/1112
f 1183/1183/1183 1184/1184/1184 1112/1112/1112
f 1148/1148/1148 1183/1183/1183 1112/1112/1112
f 1180/1180/1180 1148/1148/1148 1112/1112/1112
f 1145/1145/1145 1180/1180/1180 1112/1112/1112
f 1144/1144/1144 1145/1145/1145 1112/1112/1112
f 1109/1109/1109 1144/1144/1144 1112/1112/1112
f 1109/1109/1109 1077/1077/1077 1112/1112/1112
f 1108/1108/1108 1144/1144/1144 1109/1109/1109
f 1073/1073/1073 1108/1108/1108 1109/1109/1109
f 1073/1073/1073 1076/1076/1076 1109/1109/1109
f 1144/1144/1144 1108/1108/1108 1073/1073/1073
f 1144/1144/1144 1072/1072/1072 1073/1073/1073
f 1213/1213/1213 1281/1281/1281 1182/1182/1182
f 1246/1246/1246 1213/1213/1213 1182/1182/1182
f 1212/1212/1212 1246/1246/1246 1182/1182/1182
f 1217/1217/1217 1212/1212/1212 1182/1182/1182
f 1216/1216/1216 1217/1217/1217 1182/1182/1182
f 1216/1216/1216 1185/1185/1185 1181/1181/1181
f 1181/1181/1181 1216/1216/1216 1182/1182/1182
f 1186/1186/1186 1181/1181/1181 1182/1182/1182
f 1186/1186/1186 1185/1185/1185 1181/1181/1181
f 1146/1146/1146 1186/1186/1186 1182/1182/1182
f 1146/1146/1146 1147/1147/1147 1182/1182/1182
f 1110/1110/1110 1186/1186/1186 1146/1146/1146
f 1110/1110/1110 1111/1111/1111 1146/1146/1146
f 1212/1212/1212 1217/1217/1217 1216/1216/1216
f 1246/1246/1246 1212/1212/1212 1216/1216/1216
f 1281/1281/1281 1246/1246/1246 1216/1216/1216
f 1281/1281/1281 1213/1213/1213 1246/1246/1246
f 1285/1285/1285 1281/1281/1281 1216/1216/1216
f 1251/1251/1251 1285/1285/1285 1216/1216/1216
f 1289/1289/1289 1251/1251/1251 1216/1216/1216
f 1288/1288/1288 1289/1289/1289 1216/1216/1216
f 1250/1250/1250 1288/1288/1288 1216/1216/1216
f 1293/1293/1293 1250/1250/1250 1216/1216/1216
f 1255/1255/1255 1293/1293/1293 1216/1216/1216
f 1254/1254/1254 1255/1255/1255 1216/1216/1216
f 1254/1254/1254 1221/1221/1221 1216/1216/1216
f 1293/1293/1293 1255/1255/1255 1254/1254/1254
f 1326/1326/1326 1293/1293/1293 1254/1254/1254
f 1292/1292/1292 1326/1326/1326 1254/1254/1254
f 1330/1330/1330 1292/1292/1292 1254/1254/1254
f 1297/1297/1297 1330/1330/1330 1254/1254/1254
f 1296/1296/1296 1297/1297/1297 1254/1254/1254
f 1301/1301/1301 1296/1296/1296 1254/1254/1254
f 1259/1259/1259 1301/1301/1301 1254/1254/1254
f 1225/1225/1225 1259/1259/1259 1254/1254/1254
f 1225/1225/1225 1220/1220/1220 1254/1254/1254
f 1259/1259/1259 1258/1258/1258 1225/1225/1225
f 1301/1301/1301 1259/1259/1259 1258/1258/1258
f 1300/1300/1300 1301/1301/1301 1258/1258/1258
f 1267/1267/1267 1300/1300/1300 1258/1258/1258
f 1262/1262/1262 1267/1267/1267 1258/1258/1258
f 1263/1263/1263 1262/1262/1262 1258/1258/1258
f 1228/1228/1228 1263/1263/1263 1258/1258/1258
f 1229/1229/1229 1228/1228/1228 1258/1258/1258
f 1229/1229/1229 1224/1224/1224 1258/1258/1258
f 1233/1233/1233 1228/1228/1228 1229/1229/1229
f 1203/1203/1203 1233/1233/1233 1229/1229/1229
f 1201/1201/1201 1203/1203/1203 1229/1229/1229
f 1197/1197/1197 1201/1201/1201 1229/1229/1229
f 1198/1198/1198 1197/1197/1197 1229/1229/1229
f 1198/1198/1198 1193/1193/1193 1229/1229/1229
f 1201/1201/1201 1197/1197/1197 1198/1198/1198
f 1170/1170/1170 1201/1201/1201 1198/1198/1198
f 1171/1171/1171 1170/1170/1170 1198/1198/1198
f 1171/1171/1171 1166/1166/1166 1198/1198/1198
f 1203/1203/1203 1201/1201/1201 1170/1170/1170
f 1236/1236/1236 1203/1203/1203 1170/1170/1170
f 1272/1272/1272 1236/1236/1236 1170/1170/1170
f 1238/1238/1238 1272/1272/1272 1170/1170/1170
f 1205/1205/1205 1238/1238/1238 1170/1170/1170
f 1207/1207/1207 1205/1205/1205 1170/1170/1170
f 1176/1176/1176 1207/1207/1207 1170/1170/1170
f 1176/1176/1176 1174/1174/1174 1170/1170/1170
f 1238/1238/1238 1205/1205/1205 1207/1207/1207
f 1272/1272/1272 1238/1238/1238 1207/1207/1207
f 1272/1272/1272 1240/1240/1240 1207/1207/1207
f 1308/1308/1308 1272/1272/1272 1240/1240/1240
f 1345/1345/1345 1308/1308/1308 1240/1240/1240
f 1275/1275/1275 1345/1345/1345 1240/1240/1240
f 1278/1278/1278 1275/1275/1275 1240/1240/1240
f 1278/1278/1278 1242/1242/1242 1240/1240/1240
f 1386/1386/1386 1313/1313/1313 1279/1279/1279
f 1348/1348/1348 1386/1386/1386 1279/1279/1279
f 1348/1348/1348 1311/1311/1311 1279/1279/1279
f 1276/1276/1276 1277/1277/1277 1311/1311/1311
f 1346/1346/1346 1276/1276/1276 1277/1277/1277
f 1309/1309/1309 1346/1346/1346 1277/1277/1277
f 1309/1309/1309 1273/1273/1273 1277/1277/1277
f 1346/1346/1346 1309/1309/1309 1273/1273/1273
f 1382/1382/1382 1346/1346/1346 1273/1273/1273
f 1344/1344/1344 1382/1382/1382 1273/1273/1273
f 1343/1343/1343 1344/1344/1344 1273/1273/1273
f 1340/1340/1340 1343/1343/1343 1273/1273/1273
f 1307/1307/1307 1340/1340/1340 1273/1273/1273
f 1305/1305/1305 1307/1307/1307 1273/1273/1273
f 1268/1268/1268 1305/1305/1305 1273/1273/1273
f 1269/1269/1269 1268/1268/1268 1273/1273/1273
f 1271/1271/1271 1269/1269/1269 1273/1273/1273
f 1271/1271/1271 1274/1274/1274 1273/1273/1273
f 1271/1271/1271 1269/1269/1269 1274/1274/1274
f 1303/1303/1303 1305/1305/1305 1268/1268/1268
f 1302/1302/1302 1303/1303/1303 1268/1268/1268
f 1299/1299/1299 1302/1302/1302 1268/1268/1268
f 1261/1261/1261 1299/1299/1299 1268/1268/1268
f 1261/1261/1261 1265/1265/1265 1268/1268/1268
f 1260/1260/1260 1261/1261/1261 1265/1265/1265
f 1264/1264/1264 1260/1260/1260 1265/1265/1265
f 1226/1226/1226 1264/1264/1264 1265/1265/1265
f 1226/1226/1226 1231/1231/1231 1265/1265/1265
f 1227/1227/1227 1226/1226/1226 1231/1231/1231
f 1227/1227/1227 1234/1234/1234 1230/1230/1230
f 1227/1227/1227 1230/1230/1230 1231/1231/1231
f 1192/1192/1192 1226/1226/1226 1227/1227/1227
f 1156/1156/1156 1192/1192/1192 1227/1227/1227
f 1156/1156/1156 1153/1153/1153 1192/1192/1192
f 1195/1195/1195 1156/1156/1156 1227/1227/1227
f 1157/1157/1157 1195/1195/1195 1227/1227/1227
f 1160/1160/1160 1157/1157/1157 1227/1227/1227
f 1161/1161/1161 1160/1160/1160 1227/1227/1227
f 1196/1196/1196 1161/1161/1161 1227/1227/1227
f 1196/1196/1196 1199/1199/1199 1227/1227/1227
f 1161/1161/1161 1196/1196/1196 1199/1199/1199
f 1161/1161/1161 1200/1200/1200 1199/1199/1199
f 1156/1156/1156 1195/1195/1195 1157/1157/1157
f 1156/1156/1156 1124/1124/1124 1157/1157/1157
f 1117/1117/1117 1120/1120/1120 1121/1121/1121
f 1226/1226/1226 1192/1192/1192 1153/1153/1153
f 1191/1191/1191 1226/1226/1226 1153/1153/1153
f 1222/1222/1222 1191/1191/1191 1153/1153/1153
f 1219/1219/1219 1222/1222/1222 1153/1153/1153
f 1188/1188/1188 1219/1219/1219 1153/1153/1153
f 1218/1218/1218 1188/1188/1188 1153/1153/1153
f 1187/1187/1187 1218/1218/1218 1153/1153/1153
f 1184/1184/1184 1187/1187/1187 1153/1153/1153
f 1149/1149/1149 1184/1184/1184 1153/1153/1153
f 1152/1152/1152 1149/1149/1149 1153/1153/1153
f 1152/1152/1152 1113/1113/1113 1153/1153/1153
f 1152/1152/1152 1149/1149/1149 1113/1113/1113
f 1218/1218/1218 1187/1187/1187 1184/1184/1184
f 1252/1252/1252 1218/1218/1218 1184/1184/1184
f 1249/1249/1249 1252/1252/1252 1184/1184/1184
f 1215/1215/1215 1249/1249/1249 1184/1184/1184
f 1248/1248/1248 1215/1215/1215 1184/1184/1184
f 1214/1214/1214 1248/1248/1248 1184/1184/1184
f 1211/1211/1211 1214/1214/1214 1184/1184/1184
f 1211/1211/1211 1183/1183/1183 1184/1184/1184
f 1210/1210/1210 1211/1211/1211 1183/1183/1183
f 1180/1180/1180 1210/1210/1210 1183/1183/1183
f 1180/1180/1180 1148/1148/1148 1183/1183/1183
f 1179/1179/1179 1210/1210/1210 1180/1180/1180
f 1144/1144/1144 1179/1179/1179 1180/1180/1180
f 1144/1144/1144 1145/1145/1145 1180/1180/1180
f 1210/1210/1210 1179/1179/1179 1144/1144/1144
f 1356/1356/1356 1314/1314/1314 1281/1281/1281
f 1318/1318/1318 1356/1356/1356 1281/1281/1281
f 1355/1355/1355 1318/1318/1318 1281/1281/1281
f 1317/1317/1317 1355/1355/1355 1281/1281/1281
f 1289/1289/1289 1317/1317/1317 1281/1281/1281
f 1289/1289/1289 1251/1251/1251 1285/1285/1285
f 1289/1289/1289 1285/1285/1285 1281/1281/1281
f 1355/1355/1355 1317/1317/1317 1289/1289/1289
f 1322/1322/1322 1355/1355/1355 1289/1289/1289
f 1364/1364/1364 1322/1322/1322 1289/1289/1289
f 1321/1321/1321 1364/1364/1364 1289/1289/1289
f 1326/1326/1326 1321/1321/1321 1289/1289/1289
f 1293/1293/1293 1326/1326/1326 1289/1289/1289
f 1293/1293/1293 1288/1288/1288 1289/1289/1289
f 1293/1293/1293 1250/1250/1250 1288/1288/1288
f 1364/1364/1364 1321/1321/1321 1326/1326/1326
f 1400/1400/1400 1364/1364/1364 1326/1326/1326
f 1363/1363/1363 1400/1400/1400 1326/1326/1326
f 1404/1404/1404 1363/1363/1363 1326/1326/1326
f 1368/1368/1368 1404/1404/1404 1326/1326/1326
f 1367/1367/1367 1368/1368/1368 1326/1326/1326
f 1372/1372/1372 1367/1367/1367 1326/1326/1326
f 1325/1325/1325 1372/1372/1372 1326/1326/1326
f 1330/1330/1330 1325/1325/1325 1326/1326/1326
f 1330/1330/1330 1292/1292/1292 1326/1326/1326
f 1372/1372/1372 1325/1325/1325 1330/1330/1330
f 1371/1371/1371 1372/1372/1372 1330/1330/1330
f 1334/1334/1334 1371/1371/1371 1330/1330/1330
f 1338/1338/1338 1334/1334/1334 1330/1330/1330
f 1333/1333/1333 1338/1338/1338 1330/1330/1330
f 1329/1329/1329 1333/1333/1333 1330/1330/1330
f 1296/1296/1296 1329/1329/1329 1330/1330/1330
f 1296/1296/1296 1297/1297/1297 1330/1330/1330
f 1333/1333/1333 1329/1329/1329 1296/1296/1296
f 1338/1338/1338 1333/1333/1333 1296/1296/1296
f 1337/1337/1337 1338/1338/1338 1296/1296/1296
f 1342/1342/1342 1337/1337/1337 1296/1296/1296
f 1300/1300/1300 1342/1342/1342 1296/1296/1296
f 1300/1300/1300 1301/1301/1301 1296/1296/1296
f 1304/1304/1304 1342/1342/1342 1300/1300/1300
f 1272/1272/1272 1304/1304/1304 1300/1300/1300
f 1272/1272/1272 1236/1236/1236 1266/1266/1266
f 1266/1266/1266 1272/1272/1272 1300/1300/1300
f 1266/1266/1266 1267/1267/1267 1300/1300/1300
f 1263/1263/1263 1262/1262/1262 1267/1267/1267
f 1266/1266/1266 1267/1267/1267 1263/1263/1263
f 1232/1232/1232 1263/1263/1263 1228/1228/1228
f 1232/1232/1232 1233/1233/1233 1228/1228/1228
f 1236/1236/1236 1232/1232/1232 1233/1233/1233
f 1236/1236/1236 1203/1203/1203 1233/1233/1233
f 1232/1232/1232 1266/1266/1266 1236/1236/1236
f 1306/1306/1306 1304/1304/1304 1272/1272/1272
f 1341/1341/1341 1306/1306/1306 1272/1272/1272
f 1379/1379/1379 1341/1341/1341 1272/1272/1272
f 1379/1379/1379 1308/1308/1308 1272/1272/1272
f 1415/1415/1415 1379/1379/1379 1308/1308/1308
f 1415/1415/1415 1345/1345/1345 1308/1308/1308
f 1383/1383/1383 1415/1415/1415 1345/1345/1345
f 1421/1421/1421 1383/1383/1383 1345/1345/1345
f 1385/1385/1385 1421/1421/1421 1345/1345/1345
f 1387/1387/1387 1385/1385/1385 1345/1345/1345
f 1349/1349/1349 1387/1387/1387 1345/1345/1345
f 1347/1347/1347 1349/1349/1349 1345/1345/1345
f 1312/1312/1312 1347/1347/1347 1345/1345/1345
f 1310/1310/1310 1312/1312/1312 1345/1345/1345
f 1310/1310/1310 1275/1275/1275 1345/1345/1345
f 1312/1312/1312 1310/1310/1310 1275/1275/1275
f 1312/1312/1312 1278/1278/1278 1275/1275/1275
f 1387/1387/1387 1312/1312/1312 1278/1278/1278
f 1387/1387/1387 1349/1349/1349 1312/1312/1312
f 1350/1350/1350 1386/1386/1386 1313/1313/1313
f 1388/1388/1388 1350/1350/1350 1386/1386/1386
f 1424/1424/1424 1388/1388/1388 1386/1386/1386
f 1422/1422/1422 1424/1424/1424 1386/1386/1386
f 1494/1494/1494 1422/1422/1422 1386/1386/1386
f 1456/1456/1456 1494/1494/1494 1386/1386/1386
f 1492/1492/1492 1456/1456/1456 1386/1386/1386
f 1491/1491/1491 1492/1492/1492 1386/1386/1386
f 1420/1420/1420 1491/1491/1491 1386/1386/1386
f 1453/1453/1453 1420/1420/1420 1386/1386/1386
f 1418/1418/1418 1453/1453/1453 1386/1386/1386
f 1417/1417/1417 1418/1418/1418 1386/1386/1386
f 1414/1414/1414 1417/1417/1417 1386/1386/1386
f 1413/1413/1413 1414/1414/1414 1386/1386/1386
f 1378/1378/1378 1413/1413/1413 1386/1386/1386
f 1384/1384/1384 1378/1378/1378 1386/1386/1386
f 1346/1346/1346 1384/1384/1384 1386/1386/1386
f 1346/1346/1346 1382/1382/1382 1384/1384/1384
f 1346/1346/1346 1348/1348/1348 1386/1386/1386
f 1311/1311/1311 1346/1346/1346 1348/1348/1348
f 1350/1350/1350 1313/1313/1313 1276/1276/1276
f 1350/1350/1350 1311/1311/1311 1276/1276/1276
f 1276/1276/1276 1311/1311/1311 1346/1346/1346
f 1378/1378/1378 1384/1384/1384 1382/1382/1382
f 1381/1381/1381 1378/1378/1378 1382/1382/1382
f 1339/1339/1339 1381/1381/1381 1382/1382/1382
f 1340/1340/1340 1339/1339/1339 1382/1382/1382
f 1343/1343/1343 1340/1340/1340 1382/1382/1382
f 1343/1343/1343 1344/1344/1344 1382/1382/1382
f 1335/1335/1335 1339/1339/1339 1340/1340/1340
f 1336/1336/1336 1335/1335/1335 1340/1340/1340
f 1332/1332/1332 1336/1336/1336 1340/1340/1340
f 1302/1302/1302 1332/1332/1332 1340/1340/1340
f 1303/1303/1303 1302/1302/1302 1340/1340/1340
f 1305/1305/1305 1303/1303/1303 1340/1340/1340
f 1305/1305/1305 1307/1307/1307 1340/1340/1340
f 1295/1295/1295 1332/1332/1332 1302/1302/1302
f 1295/1295/1295 1299/1299/1299 1302/1302/1302
f 1298/1298/1298 1295/1295/1295 1299/1299/1299
f 1256/1256/1256 1298/1298/1298 1299/1299/1299
f 1257/1257/1257 1256/1256/1256 1299/1299/1299
f 1260/1260/1260 1257/1257/1257 1299/1299/1299
f 1260/1260/1260 1261/1261/1261 1299/1299/1299
f 1218/1218/1218 1257/1257/1257 1260/1260/1260
f 1218/1218/1218 1188/1188/1188 1219/1219/1219
f 1219/1219/1219 1218/1218/1218 1260/1260/1260
f 1222/1222/1222 1219/1219/1219 1260/1260/1260
f 1223/1223/1223 1222/1222/1222 1260/1260/1260
f 1226/1226/1226 1223/1223/1223 1260/1260/1260
f 1226/1226/1226 1264/1264/1264 1260/1260/1260
f 1222/1222/1222 1223/1223/1223 1226/1226/1226
f 1222/1222/1222 1191/1191/1191 1226/1226/1226
f 1256/1256/1256 1257/1257/1257 1218/1218/1218
f 1298/1298/1298 1256/1256/1256 1218/1218/1218
f 1295/1295/1295 1298/1298/1298 1218/1218/1218
f 1253/1253/1253 1295/1295/1295 1218/1218/1218
f 1291/1291/1291 1253/1253/1253 1218/1218/1218
f 1291/1291/1291 1252/1252/1252 1218/1218/1218
f 1324/1324/1324 1291/1291/1291 1252/1252/1252
f 1290/1290/1290 1324/1324/1324 1252/1252/1252
f 1358/1358/1358 1290/1290/1290 1252/1252/1252
f 1320/1320/1320 1358/1358/1358 1252/1252/1252
f 1287/1287/1287 1320/1320/1320 1252/1252/1252
f 1286/1286/1286 1287/1287/1287 1252/1252/1252
f 1283/1283/1283 1286/1286/1286 1252/1252/1252
f 1283/1283/1283 1249/1249/1249 1252/1252/1252
f 1248/1248/1248 1283/1283/1283 1249/1249/1249
f 1248/1248/1248 1215/1215/1215 1249/1249/1249
f 1282/1282/1282 1283/1283/1283 1248/1248/1248
f 1245/1245/1245 1282/1282/1282 1248/1248/1248
f 1210/1210/1210 1245/1245/1245 1248/1248/1248
f 1211/1211/1211 1210/1210/1210 1248/1248/1248
f 1211/1211/1211 1214/1214/1214 1248/1248/1248
f 1244/1244/1244 1245/1245/1245 1210/1210/1210
f 1392/1392/1392 1351/1351/1351 1314/1314/1314
f 1391/1391/1391 1392/1392/1392 1314/1314/1314
f 1391/1391/1391 1356/1356/1356 1314/1314/1314
f 1432/1432/1432 1391/1391/1391 1356/1356/1356
f 1396/1396/1396 1432/1432/1432 1356/1356/1356
f 1395/1395/1395 1396/1396/1396 1356/1356/1356
f 1400/1400/1400 1395/1395/1395 1356/1356/1356
f 1400/1400/1400 1364/1364/1364 1360/1360/1360
f 1360/1360/1360 1400/1400/1400 1356/1356/1356
f 1359/1359/1359 1360/1360/1360 1356/1356/1356
f 1355/1355/1355 1359/1359/1359 1356/1356/1356
f 1355/1355/1355 1318/1318/1318 1356/1356/1356
f 1364/1364/1364 1359/1359/1359 1355/1355/1355
f 1364/1364/1364 1322/1322/1322 1355/1355/1355
f 1359/1359/1359 1360/1360/1360 1364/1364/1364
f 1432/1432/1432 1395/1395/1395 1400/1400/1400
f 1432/1432/1432 1396/1396/1396 1395/1395/1395
f 1431/1431/1431 1432/1432/1432 1400/1400/1400
f 1469/1469/1469 1431/1431/1431 1400/1400/1400
f 1436/1436/1436 1469/1469/1469 1400/1400/1400
f 1473/1473/1473 1436/1436/1436 1400/1400/1400
f 1435/1435/1435 1473/1473/1473 1400/1400/1400
f 1440/1440/1440 1435/1435/1435 1400/1400/1400
f 1439/1439/1439 1440/1440/1440 1400/1400/1400
f 1399/1399/1399 1439/1439/1439 1400/1400/1400
f 1399/1399/1399 1363/1363/1363 1400/1400/1400
f 1399/1399/1399 1404/1404/1404 1363/1363/1363
f 1439/1439/1439 1399/1399/1399 1404/1404/1404
f 1444/1444/1444 1439/1439/1439 1404/1404/1404
f 1443/1443/1443 1444/1444/1444 1404/1404/1404
f 1408/1408/1408 1443/1443/1443 1404/1404/1404
f 1407/1407/1407 1408/1408/1408 1404/1404/1404
f 1403/1403/1403 1407/1407/1407 1404/1404/1404
f 1371/1371/1371 1403/1403/1403 1404/1404/1404
f 1372/1372/1372 1371/1371/1371 1404/1404/1404
f 1367/1367/1367 1372/1372/1372 1404/1404/1404
f 1367/1367/1367 1368/1368/1368 1404/1404/1404
f 1407/1407/1407 1403/1403/1403 1371/1371/1371
f 1443/1443/1443 1407/1407/1407 1371/1371/1371
f 1443/1443/1443 1408/1408/1408 1407/1407/1407
f 1448/1448/1448 1443/1443/1443 1371/1371/1371
f 1412/1412/1412 1448/1448/1448 1371/1371/1371
f 1411/1411/1411 1412/1412/1412 1371/1371/1371
f 1376/1376/1376 1411/1411/1411 1371/1371/1371
f 1380/1380/1380 1376/1376/1376 1371/1371/1371
f 1341/1341/1341 1380/1380/1380 1371/1371/1371
f 1341/1341/1341 1379/1379/1379 1380/1380/1380
f 1342/1342/1342 1341/1341/1341 1371/1371/1371
f 1337/1337/1337 1342/1342/1342 1371/1371/1371
f 1338/1338/1338 1337/1337/1337 1371/1371/1371
f 1338/1338/1338 1334/1334/1334 1371/1371/1371
f 1306/1306/1306 1341/1341/1341 1342/1342/1342
f 1306/1306/1306 1304/1304/1304 1342/1342/1342
f 1270/1270/1270 1232/1232/1232 1266/1266/1266
f 1263/1263/1263 1270/1270/1270 1232/1232/1232
f 1376/1376/1376 1380/1380/1380 1379/1379/1379
f 1375/1375/1375 1376/1376/1376 1379/1379/1379
f 1411/1411/1411 1375/1375/1375 1379/1379/1379
f 1411/1411/1411 1376/1376/1376 1375/1375/1375
f 1448/1448/1448 1411/1411/1411 1379/1379/1379
f 1448/1448/1448 1412/1412/1412 1411/1411/1411
f 1416/1416/1416 1448/1448/1448 1379/1379/1379
f 1416/1416/1416 1415/1415/1415 1379/1379/1379
f 1448/1448/1448 1416/1416/1416 1415/1415/1415
f 1447/1447/1447 1448/1448/1448 1415/1415/1415
f 1452/1452/1452 1447/1447/1447 1415/1415/1415
f 1490/1490/1490 1452/1452/1452 1415/1415/1415
f 1451/1451/1451 1490/1490/1490 1415/1415/1415
f 1493/1493/1493 1451/1451/1451 1415/1415/1415
f 1455/1455/1455 1493/1493/1493 1415/1415/1415
f 1457/1457/1457 1455/1455/1455 1415/1415/1415
f 1419/1419/1419 1457/1457/1457 1415/1415/1415
f 1419/1419/1419 1383/1383/1383 1415/1415/1415
f 1457/1457/1457 1419/1419/1419 1383/1383/1383
f 1457/1457/1457 1421/1421/1421 1383/1383/1383
f 1459/1459/1459 1457/1457/1457 1421/1421/1421
f 1423/1423/1423 1459/1459/1459 1421/1421/1421
f 1387/1387/1387 1423/1423/1423 1421/1421/1421
f 1387/1387/1387 1385/1385/1385 1421/1421/1421
f 1459/1459/1459 1423/1423/1423 1387/1387/1387
f 1459/1459/1459 1278/1278/1278 1387/1387/1387
f 1312/1312/1312 1347/1347/1347 1349/1349/1349
f 1388/1388/1388 1311/1311/1311 1350/1350/1350
f 1496/1496/1496 1460/1460/1460 1424/1424/1424
f 1458/1458/1458 1496/1496/1496 1424/1424/1424
f 1458/1458/1458 1422/1422/1422 1424/1424/1424
f 1496/1496/1496 1458/1458/1458 1422/1422/1422
f 1496/1496/1496 1494/1494/1494 1422/1422/1422
f 1534/1534/1534 1496/1496/1496 1494/1494/1494
f 1532/1532/1532 1534/1534/1534 1494/1494/1494
f 1570/1570/1570 1532/1532/1532 1494/1494/1494
f 1530/1530/1530 1570/1570/1570 1494/1494/1494
f 1566/1566/1566 1530/1530/1530 1494/1494/1494
f 1528/1528/1528 1566/1566/1566 1494/1494/1494
f 1527/1527/1527 1528/1528/1528 1494/1494/1494
f 1524/1524/1524 1527/1527/1527 1494/1494/1494
f 1488/1488/1488 1524/1524/1524 1494/1494/1494
f 1491/1491/1491 1488/1488/1488 1494/1494/1494
f 1492/1492/1492 1491/1491/1491 1494/1494/1494
f 1492/1492/1492 1456/1456/1456 1494/1494/1494
f 1487/1487/1487 1488/1488/1488 1491/1491/1491
f 1484/1484/1484 1487/1487/1487 1491/1491/1491
f 1446/1446/1446 1484/1484/1484 1491/1491/1491
f 1449/1449/1449 1446/1446/1446 1491/1491/1491
f 1450/1450/1450 1449/1449/1449 1491/1491/1491
f 1414/1414/1414 1450/1450/1450 1491/1491/1491
f 1414/1414/1414 1417/1417/1417 1453/1453/1453
f 1453/1453/1453 1417/1417/1417 1418/1418/1418
f 1453/1453/1453 1414/1414/1414 1491/1491/1491
f 1454/1454/1454 1453/1453/1453 1491/1491/1491
f 1454/1454/1454 1420/1420/1420 1491/1491/1491
f 1454/1454/1454 1453/1453/1453 1420/1420/1420
f 1449/1449/1449 1450/1450/1450 1414/1414/1414
f 1446/1446/1446 1449/1449/1449 1414/1414/1414
f 1445/1445/1445 1446/1446/1446 1414/1414/1414
f 1410/1410/1410 1445/1445/1445 1414/1414/1414
f 1410/1410/1410 1413/1413/1413 1414/1414/1414
f 1406/1406/1406 1410/1410/1410 1413/1413/1413
f 1369/1369/1369 1406/1406/1406 1413/1413/1413
f 1370/1370/1370 1369/1369/1369 1413/1413/1413
f 1373/1373/1373 1370/1370/1370 1413/1413/1413
f 1374/1374/1374 1373/1373/1373 1413/1413/1413
f 1377/1377/1377 1374/1374/1374 1413/1413/1413
f 1377/1377/1377 1378/1378/1378 1413/1413/1413
f 1374/1374/1374 1377/1377/1377 1378/1378/1378
f 1373/1373/1373 1374/1374/1374 1378/1378/1378
f 1370/1370/1370 1373/1373/1373 1378/1378/1378
f 1335/1335/1335 1370/1370/1370 1378/1378/1378
f 1339/1339/1339 1335/1335/1335 1378/1378/1378
f 1339/1339/1339 1381/1381/1381 1378/1378/1378
f 1369/1369/1369 1370/1370/1370 1335/1335/1335
f 1366/1366/1366 1369/1369/1369 1335/1335/1335
f 1328/1328/1328 1366/1366/1366 1335/1335/1335
f 1327/1327/1327 1328/1328/1328 1335/1335/1335
f 1331/1331/1331 1327/1327/1327 1335/1335/1335
f 1295/1295/1295 1331/1331/1331 1335/1335/1335
f 1332/1332/1332 1295/1295/1295 1335/1335/1335
f 1332/1332/1332 1336/1336/1336 1335/1335/1335
f 1327/1327/1327 1331/1331/1331 1295/1295/1295
f 1324/1324/1324 1327/1327/1327 1295/1295/1295
f 1324/1324/1324 1291/1291/1291 1294/1294/1294
f 1294/1294/1294 1324/1324/1324 1295/1295/1295
f 1294/1294/1294 1253/1253/1253 1295/1295/1295
f 1294/1294/1294 1291/1291/1291 1253/1253/1253
f 1328/1328/1328 1327/1327/1327 1324/1324/1324
f 1366/1366/1366 1328/1328/1328 1324/1324/1324
f 1402/1402/1402 1366/1366/1366 1324/1324/1324
f 1401/1401/1401 1402/1402/1402 1324/1324/1324
f 1365/1365/1365 1401/1401/1401 1324/1324/1324
f 1398/1398/1398 1365/1365/1365 1324/1324/1324
f 1362/1362/1362 1398/1398/1398 1324/1324/1324
f 1361/1361/1361 1362/1362/1362 1324/1324/1324
f 1358/1358/1358 1361/1361/1361 1324/1324/1324
f 1358/1358/1358 1290/1290/1290 1323/1323/1323
f 1323/1323/1323 1358/1358/1358 1324/1324/1324
f 1323/1323/1323 1290/1290/1290 1324/1324/1324
f 1430/1430/1430 1361/1361/1361 1358/1358/1358
f 1394/1394/1394 1430/1430/1430 1358/1358/1358
f 1393/1393/1393 1394/1394/1394 1358/1358/1358
f 1357/1357/1357 1393/1393/1393 1358/1358/1358
f 1354/1354/1354 1357/1357/1357 1358/1358/1358
f 1319/1319/1319 1354/1354/1354 1358/1358/1358
f 1283/1283/1283 1319/1319/1319 1358/1358/1358
f 1286/1286/1286 1283/1283/1283 1358/1358/1358
f 1287/1287/1287 1286/1286/1286 1358/1358/1358
f 1287/1287/1287 1320/1320/1320 1358/1358/1358
f 1316/1316/1316 1319/1319/1319 1283/1283/1283
f 1315/1315/1315 1316/1316/1316 1283/1283/1283
f 1315/1315/1315 1282/1282/1282 1283/1283/1283
f 1244/1244/1244 1245/1245/1245 1282/1282/1282
f 1352/1352/1352 1392/1392/1392 1351/1351/1351
f 1389/1389/1389 1352/1352/1352 1392/1392/1392
f 1425/1425/1425 1389/1389/1389 1392/1392/1392
f 1428/1428/1428 1425/1425/1425 1392/1392/1392
f 1427/1427/1427 1428/1428/1428 1392/1392/1392
f 1427/1427/1427 1391/1391/1391 1392/1392/1392
f 1427/1427/1427 1432/1432/1432 1391/1391/1391
f 1466/1466/1466 1427/1427/1427 1432/1432/1432
f 1465/1465/1465 1466/1466/1466 1432/1432/1432
f 1506/1506/1506 1465/1465/1465 1432/1432/1432
f 1505/1505/1505 1506/1506/1506 1432/1432/1432
f 1470/1470/1470 1505/1505/1505 1432/1432/1432
f 1510/1510/1510 1470/1470/1470 1432/1432/1432
f 1509/1509/1509 1510/1510/1510 1432/1432/1432
f 1469/1469/1469 1509/1509/1509 1432/1432/1432
f 1469/1469/1469 1431/1431/1431 1432/1432/1432
f 1514/1514/1514 1509/1509/1509 1469/1469/1469
f 1513/1513/1513 1514/1514/1514 1469/1469/1469
f 1474/1474/1474 1513/1513/1513 1469/1469/1469
f 1473/1473/1473 1474/1474/1474 1469/1469/1469
f 1473/1473/1473 1436/1436/1436 1469/1469/1469
f 1513/1513/1513 1474/1474/1474 1473/1473/1473
f 1555/1555/1555 1513/1513/1513 1473/1473/1473
f 1518/1518/1518 1555/1555/1555 1473/1473/1473
f 1517/1517/1517 1518/1518/1518 1473/1473/1473
f 1482/1482/1482 1517/1517/1517 1473/1473/1473
f 1478/1478/1478 1482/1482/1482 1473/1473/1473
f 1477/1477/1477 1478/1478/1478 1473/1473/1473
f 1443/1443/1443 1477/1477/1477 1473/1473/1473
f 1444/1444/1444 1443/1443/1443 1473/1473/1473
f 1439/1439/1439 1444/1444/1444 1473/1473/1473
f 1440/1440/1440 1439/1439/1439 1473/1473/1473
f 1440/1440/1440 1435/1435/1435 1473/1473/1473
f 1482/1482/1482 1477/1477/1477 1443/1443/1443
f 1517/1517/1517 1482/1482/1482 1443/1443/1443
f 1555/1555/1555 1517/1517/1517 1443/1443/1443
f 1555/1555/1555 1518/1518/1518 1517/1517/1517
f 1481/1481/1481 1555/1555/1555 1443/1443/1443
f 1521/1521/1521 1481/1481/1481 1443/1443/1443
f 1486/1486/1486 1521/1521/1521 1443/1443/1443
f 1485/1485/1485 1486/1486/1486 1443/1443/1443
f 1490/1490/1490 1485/1485/1485 1443/1443/1443
f 1490/1490/1490 1452/1452/1452 1448/1448/1448
f 1490/1490/1490 1448/1448/1448 1443/1443/1443
f 1447/1447/1447 1452/1452/1452 1448/1448/1448
f 1521/1521/1521 1485/1485/1485 1490/1490/1490
f 1521/1521/1521 1486/1486/1486 1485/1485/1485
f 1526/1526/1526 1521/1521/1521 1490/1490/1490
f 1564/1564/1564 1526/1526/1526 1490/1490/1490
f 1525/1525/1525 1564/1564/1564 1490/1490/1490
f 1567/1567/1567 1525/1525/1525 1490/1490/1490
f 1529/1529/1529 1567/1567/1567 1490/1490/1490
f 1493/1493/1493 1529/1529/1529 1490/1490/1490
f 1493/1493/1493 1451/1451/1451 1489/1489/1489
f 1489/1489/1489 1493/1493/1493 1490/1490/1490
f 1489/1489/1489 1451/1451/1451 1490/1490/1490
f 1569/1569/1569 1529/1529/1529 1493/1493/1493
f 1531/1531/1531 1569/1569/1569 1493/1493/1493
f 1533/1533/1533 1531/1531/1531 1493/1493/1493
f 1495/1495/1495 1533/1533/1533 1493/1493/1493
f 1457/1457/1457 1495/1495/1495 1493/1493/1493
f 1457/1457/1457 1455/1455/1455 1493/1493/1493
f 1533/1533/1533 1495/1495/1495 1457/1457/1457
f 1497/1497/1497 1533/1533/1533 1457/1457/1457
f 1497/1497/1497 1459/1459/1459 1457/1457/1457
f 1498/1498/1498 1496/1496/1496 1460/1460/1460
f 1498/1498/1498 1534/1534/1534 1496/1496/1496
f 1620/1620/1620 1572/1572/1572 1534/1534/1534
f 1570/1570/1570 1620/1620/1620 1534/1534/1534
f 1570/1570/1570 1532/1532/1532 1534/1534/1534
f 1663/1663/1663 1620/1620/1620 1570/1570/1570
f 1615/1615/1615 1663/1663/1663 1570/1570/1570
f 1616/1616/1616 1615/1615/1615 1570/1570/1570
f 1608/1608/1608 1616/1616/1616 1570/1570/1570
f 1612/1612/1612 1608/1608/1608 1570/1570/1570
f 1565/1565/1565 1612/1612/1612 1570/1570/1570
f 1568/1568/1568 1565/1565/1565 1570/1570/1570
f 1568/1568/1568 1530/1530/1530 1570/1570/1570
f 1568/1568/1568 1566/1566/1566 1530/1530/1530
f 1565/1565/1565 1568/1568/1568 1566/1566/1566
f 1562/1562/1562 1565/1565/1565 1566/1566/1566
f 1523/1523/1523 1562/1562/1562 1566/1566/1566
f 1524/1524/1524 1523/1523/1523 1566/1566/1566
f 1527/1527/1527 1524/1524/1524 1566/1566/1566
f 1527/1527/1527 1528/1528/1528 1566/1566/1566
f 1520/1520/1520 1523/1523/1523 1524/1524/1524
f 1479/1479/1479 1520/1520/1520 1524/1524/1524
f 1483/1483/1483 1479/1479/1479 1524/1524/1524
f 1442/1442/1442 1483/1483/1483 1524/1524/1524
f 1484/1484/1484 1442/1442/1442 1524/1524/1524
f 1487/1487/1487 1484/1484/1484 1524/1524/1524
f 1487/1487/1487 1488/1488/1488 1524/1524/1524
f 1445/1445/1445 1442/1442/1442 1484/1484/1484
f 1445/1445/1445 1446/1446/1446 1484/1484/1484
f 1401/1401/1401 1442/1442/1442 1445/1445/1445
f 1402/1402/1402 1401/1401/1401 1445/1445/1445
f 1405/1405/1405 1402/1402/1402 1445/1445/1445
f 1369/1369/1369 1405/1405/1405 1445/1445/1445
f 1406/1406/1406 1369/1369/1369 1445/1445/1445
f 1409/1409/1409 1406/1406/1406 1445/1445/1445
f 1409/1409/1409 1410/1410/1410 1445/1445/1445
f 1409/1409/1409 1406/1406/1406 1410/1410/1410
f 1402/1402/1402 1405/1405/1405 1369/1369/1369
f 1402/1402/1402 1366/1366/1366 1369/1369/1369
f 1483/1483/1483 1442/1442/1442 1401/1401/1401
f 1441/1441/1441 1483/1483/1483 1401/1401/1401
f 1438/1438/1438 1441/1441/1441 1401/1401/1401
f 1476/1476/1476 1438/1438/1438 1401/1401/1401
f 1437/1437/1437 1476/1476/1476 1401/1401/1401
f 1472/1472/1472 1437/1437/1437 1401/1401/1401
f 1434/1434/1434 1472/1472/1472 1401/1401/1401
f 1433/1433/1433 1434/1434/1434 1401/1401/1401
f 1398/1398/1398 1433/1433/1433 1401/1401/1401
f 1398/1398/1398 1365/1365/1365 1401/1401/1401
f 1397/1397/1397 1433/1433/1433 1398/1398/1398
f 1361/1361/1361 1397/1397/1397 1398/1398/1398
f 1361/1361/1361 1362/1362/1362 1398/1398/1398
f 1433/1433/1433 1397/1397/1397 1361/1361/1361
f 1433/1433/1433 1430/1430/1430 1361/1361/1361
f 1472/1472/1472 1433/1433/1433 1430/1430/1430
f 1472/1472/1472 1434/1434/1434 1433/1433/1433
f 1471/1471/1471 1472/1472/1472 1430/1430/1430
f 1508/1508/1508 1471/1471/1471 1430/1430/1430
f 1468/1468/1468 1508/1508/1508 1430/1430/1430
f 1504/1504/1504 1468/1468/1468 1430/1430/1430
f 1467/1467/1467 1504/1504/1504 1430/1430/1430
f 1464/1464/1464 1467/1467/1467 1430/1430/1430
f 1429/1429/1429 1464/1464/1464 1430/1430/1430
f 1390/1390/1390 1429/1429/1429 1430/1430/1430
f 1393/1393/1393 1390/1390/1390 1430/1430/1430
f 1393/1393/1393 1394/1394/1394 1430/1430/1430
f 1353/1353/1353 1390/1390/1390 1393/1393/1393
f 1315/1315/1315 1353/1353/1353 1393/1393/1393
f 1315/1315/1315 1316/1316/1316 1354/1354/1354
f 1354/1354/1354 1315/1315/1315 1393/1393/1393
f 1354/1354/1354 1357/1357/1357 1393/1393/1393
f 1316/1316/1316 1319/1319/1319 1354/1354/1354
f 1390/1390/1390 1353/1353/1353 1315/1315/1315
f 1425/1425/1425 1389/1389/1389 1352/1352/1352
f 1461/1461/1461 1462/1462/1462 1425/1425/1425
f 1466/1466/1466 1461/1461/1461 1425/1425/1425
f 1466/1466/1466 1427/1427/1427 1428/1428/1428
f 1466/1466/1466 1428/1428/1428 1425/1425/1425
f 1462/1462/1462 1461/1461/1461 1466/1466/1466
f 1499/1499/1499 1462/1462/1462 1466/1466/1466
f 1535/1535/1535 1499/1499/1499 1466/1466/1466
f 1502/1502/1502 1535/1535/1535 1466/1466/1466
f 1501/1501/1501 1502/1502/1502 1466/1466/1466
f 1506/1506/1506 1501/1501/1501 1466/1466/1466
f 1506/1506/1506 1465/1465/1465 1466/1466/1466
f 1502/1502/1502 1501/1501/1501 1506/1506/1506
f 1535/1535/1535 1502/1502/1502 1506/1506/1506
f 1539/1539/1539 1535/1535/1535 1506/1506/1506
f 1577/1577/1577 1539/1539/1539 1506/1506/1506
f 1544/1544/1544 1577/1577/1577 1506/1506/1506
f 1582/1582/1582 1544/1544/1544 1506/1506/1506
f 1581/1581/1581 1582/1582/1582 1506/1506/1506
f 1543/1543/1543 1581/1581/1581 1506/1506/1506
f 1548/1548/1548 1543/1543/1543 1506/1506/1506
f 1547/1547/1547 1548/1548/1548 1506/1506/1506
f 1509/1509/1509 1547/1547/1547 1506/1506/1506
f 1510/1510/1510 1509/1509/1509 1506/1506/1506
f 1510/1510/1510 1505/1505/1505 1506/1506/1506
f 1510/1510/1510 1470/1470/1470 1505/1505/1505
f 1595/1595/1595 1547/1547/1547 1509/1509/1509
f 1587/1587/1587 1595/1595/1595 1509/1509/1509
f 1594/1594/1594 1587/1587/1587 1509/1509/1509
f 1552/1552/1552 1594/1594/1594 1509/1509/1509
f 1600/1600/1600 1552/1552/1552 1509/1509/1509
f 1551/1551/1551 1600/1600/1600 1509/1509/1509
f 1551/1551/1551 1514/1514/1514 1509/1509/1509
f 1556/1556/1556 1551/1551/1551 1514/1514/1514
f 1555/1555/1555 1556/1556/1556 1514/1514/1514
f 1555/1555/1555 1513/1513/1513 1514/1514/1514
f 1600/1600/1600 1556/1556/1556 1555/1555/1555
f 1600/1600/1600 1551/1551/1551 1556/1556/1556
f 1650/1650/1650 1600/1600/1600 1555/1555/1555
f 1599/1599/1599 1650/1650/1650 1555/1555/1555
f 1654/1654/1654 1599/1599/1599 1555/1555/1555
f 1604/1604/1604 1654/1654/1654 1555/1555/1555
f 1603/1603/1603 1604/1604/1604 1555/1555/1555
f 1610/1610/1610 1603/1603/1603 1555/1555/1555
f 1560/1560/1560 1610/1610/1610 1555/1555/1555
f 1559/1559/1559 1560/1560/1560 1555/1555/1555
f 1526/1526/1526 1559/1559/1559 1555/1555/1555
f 1521/1521/1521 1526/1526/1526 1555/1555/1555
f 1522/1522/1522 1521/1521/1521 1555/1555/1555
f 1522/1522/1522 1481/1481/1481 1555/1555/1555
f 1477/1477/1477 1478/1478/1478 1482/1482/1482
f 1522/1522/1522 1521/1521/1521 1481/1481/1481
f 1559/1559/1559 1564/1564/1564 1526/1526/1526
f 1560/1560/1560 1559/1559/1559 1564/1564/1564
f 1610/1610/1610 1560/1560/1560 1564/1564/1564
f 1662/1662/1662 1610/1610/1610 1564/1564/1564
f 1614/1614/1614 1662/1662/1662 1564/1564/1564
f 1609/1609/1609 1614/1614/1614 1564/1564/1564
f 1613/1613/1613 1609/1609/1609 1564/1564/1564
f 1567/1567/1567 1613/1613/1613 1564/1564/1564
f 1567/1567/1567 1525/1525/1525 1563/1563/1563
f 1563/1563/1563 1567/1567/1567 1564/1564/1564
f 1563/1563/1563 1525/1525/1525 1564/1564/1564
f 1664/1664/1664 1613/1613/1613 1567/1567/1567
f 1618/1618/1618 1664/1664/1664 1567/1567/1567
f 1617/1617/1617 1618/1618/1618 1567/1567/1567
f 1621/1621/1621 1617/1617/1617 1567/1567/1567
f 1569/1569/1569 1621/1621/1621 1567/1567/1567
f 1569/1569/1569 1531/1531/1531 1571/1571/1571
f 1571/1571/1571 1569/1569/1569 1567/1567/1567
f 1571/1571/1571 1529/1529/1529 1567/1567/1567
f 1569/1569/1569 1571/1571/1571 1529/1529/1529
f 1621/1621/1621 1571/1571/1571 1569/1569/1569
f 1573/1573/1573 1571/1571/1571 1531/1531/1531
f 1573/1573/1573 1533/1533/1533 1531/1531/1531
f 1497/1497/1497 1573/1573/1573 1533/1533/1533
f 1619/1619/1619 1624/1624/1624 1572/1572/1572
f 1619/1619/1619 1620/1620/1620 1572/1572/1572
f 1707/1707/1707 1619/1619/1619 1620/1620/1620
f 1707/1707/1707 1663/1663/1663 1620/1620/1620
f 1795/1795/1795 1707/1707/1707 1663/1663/1663
f 1749/1749/1749 1795/1795/1795 1663/1663/1663
f 1705/1705/1705 1749/1749/1749 1663/1663/1663
f 1701/1701/1701 1705/1705/1705 1663/1663/1663
f 1700/1700/1700 1701/1701/1701 1663/1663/1663
f 1656/1656/1656 1700/1700/1700 1663/1663/1663
f 1660/1660/1660 1656/1656/1656 1663/1663/1663
f 1661/1661/1661 1660/1660/1660 1663/1663/1663
f 1607/1607/1607 1661/1661/1661 1663/1663/1663
f 1608/1608/1608 1607/1607/1607 1663/1663/1663
f 1608/1608/1608 1616/1616/1616 1611/1611/1611
f 1611/1611/1611 1608/1608/1608 1663/1663/1663
f 1611/1611/1611 1615/1615/1615 1663/1663/1663
f 1616/1616/1616 1611/1611/1611 1615/1615/1615
f 1602/1602/1602 1607/1607/1607 1608/1608/1608
f 1557/1557/1557 1602/1602/1602 1608/1608/1608
f 1558/1558/1558 1557/1557/1557 1608/1608/1608
f 1561/1561/1561 1558/1558/1558 1608/1608/1608
f 1523/1523/1523 1561/1561/1561 1608/1608/1608
f 1562/1562/1562 1523/1523/1523 1608/1608/1608
f 1565/1565/1565 1562/1562/1562 1608/1608/1608
f 1565/1565/1565 1612/1612/1612 1608/1608/1608
f 1558/1558/1558 1561/1561/1561 1523/1523/1523
f 1557/1557/1557 1558/1558/1558 1523/1523/1523
f 1554/1554/1554 1557/1557/1557 1523/1523/1523
f 1519/1519/1519 1554/1554/1554 1523/1523/1523
f 1519/1519/1519 1520/1520/1520 1523/1523/1523
f 1516/1516/1516 1519/1519/1519 1520/1520/1520
f 1516/1516/1516 1479/1479/1479 1520/1520/1520
f 1553/1553/1553 1516/1516/1516 1479/1479/1479
f 1515/1515/1515 1553/1553/1553 1479/1479/1479
f 1512/1512/1512 1515/1515/1515 1479/1479/1479
f 1476/1476/1476 1512/1512/1512 1479/1479/1479
f 1438/1438/1438 1476/1476/1476 1479/1479/1479
f 1441/1441/1441 1438/1438/1438 1479/1479/1479
f 1480/1480/1480 1441/1441/1441 1479/1479/1479
f 1480/1480/1480 1483/1483/1483 1479/1479/1479
f 1480/1480/1480 1441/1441/1441 1483/1483/1483
f 1546/1546/1546 1512/1512/1512 1476/1476/1476
f 1511/1511/1511 1546/1546/1546 1476/1476/1476
f 1508/1508/1508 1511/1511/1511 1476/1476/1476
f 1508/1508/1508 1471/1471/1471 1475/1475/1475
f 1475/1475/1475 1508/1508/1508 1476/1476/1476
f 1472/1472/1472 1475/1475/1475 1476/1476/1476
f 1472/1472/1472 1437/1437/1437 1476/1476/1476
f 1472/1472/1472 1475/1475/1475 1471/1471/1471
f 1546/1546/1546 1511/1511/1511 1508/1508/1508
f 1586/1586/1586 1546/1546/1546 1508/1508/1508
f 1585/1585/1585 1586/1586/1586 1508/1508/1508
f 1545/1545/1545 1585/1585/1585 1508/1508/1508
f 1580/1580/1580 1545/1545/1545 1508/1508/1508
f 1542/1542/1542 1580/1580/1580 1508/1508/1508
f 1507/1507/1507 1542/1542/1542 1508/1508/1508
f 1504/1504/1504 1507/1507/1507 1508/1508/1508
f 1504/1504/1504 1468/1468/1468 1508/1508/1508
f 1542/1542/1542 1507/1507/1507 1504/1504/1504
f 1580/1580/1580 1542/1542/1542 1504/1504/1504
f 1541/1541/1541 1580/1580/1580 1504/1504/1504
f 1576/1576/1576 1541/1541/1541 1504/1504/1504
f 1538/1538/1538 1576/1576/1576 1504/1504/1504
f 1503/1503/1503 1538/1538/1538 1504/1504/1504
f 1500/1500/1500 1503/1503/1503 1504/1504/1504
f 1463/1463/1463 1500/1500/1500 1504/1504/1504
f 1464/1464/1464 1463/1463/1463 1504/1504/1504
f 1464/1464/1464 1467/1467/1467 1504/1504/1504
f 1390/1390/1390 1463/1463/1463 1464/1464/1464
f 1390/1390/1390 1429/1429/1429 1426/1426/1426
f 1426/1426/1426 1390/1390/1390 1464/1464/1464
f 1426/1426/1426 1429/1429/1429 1464/1464/1464
f 1574/1574/1574 1536/1536/1536 1535/1535/1535
f 1578/1578/1578 1574/1574/1574 1535/1535/1535
f 1630/1630/1630 1578/1578/1578 1535/1535/1535
f 1577/1577/1577 1630/1630/1630 1535/1535/1535
f 1577/1577/1577 1539/1539/1539 1540/1540/1540
f 1540/1540/1540 1577/1577/1577 1535/1535/1535
f 1540/1540/1540 1539/1539/1539 1535/1535/1535
f 1638/1638/1638 1630/1630/1630 1577/1577/1577
f 1637/1637/1637 1638/1638/1638 1577/1577/1577
f 1680/1680/1680 1637/1637/1637 1577/1577/1577
f 1636/1636/1636 1680/1680/1680 1577/1577/1577
f 1583/1583/1583 1636/1636/1636 1577/1577/1577
f 1589/1589/1589 1583/1583/1583 1577/1577/1577
f 1582/1582/1582 1589/1589/1589 1577/1577/1577
f 1582/1582/1582 1544/1544/1544 1577/1577/1577
f 1646/1646/1646 1589/1589/1589 1582/1582/1582
f 1588/1588/1588 1646/1646/1646 1582/1582/1582
f 1588/1588/1588 1581/1581/1581 1582/1582/1582
f 1595/1595/1595 1588/1588/1588 1581/1581/1581
f 1547/1547/1547 1595/1595/1595 1581/1581/1581
f 1548/1548/1548 1547/1547/1547 1581/1581/1581
f 1548/1548/1548 1543/1543/1543 1581/1581/1581
f 1646/1646/1646 1588/1588/1588 1595/1595/1595
f 1690/1690/1690 1646/1646/1646 1595/1595/1595
f 1651/1651/1651 1690/1690/1690 1595/1595/1595
f 1650/1650/1650 1651/1651/1651 1595/1595/1595
f 1600/1600/1600 1650/1650/1650 1595/1595/1595
f 1594/1594/1594 1600/1600/1600 1595/1595/1595
f 1594/1594/1594 1587/1587/1587 1595/1595/1595
f 1593/1593/1593 1600/1600/1600 1594/1594/1594
f 1593/1593/1593 1552/1552/1552 1594/1594/1594
f 1593/1593/1593 1600/1600/1600 1552/1552/1552
f 1690/1690/1690 1651/1651/1651 1650/1650/1650
f 1697/1697/1697 1690/1690/1690 1650/1650/1650
f 1696/1696/1696 1697/1697/1697 1650/1650/1650
f 1703/1703/1703 1696/1696/1696 1650/1650/1650
f 1655/1655/1655 1703/1703/1703 1650/1650/1650
f 1654/1654/1654 1655/1655/1655 1650/1650/1650
f 1654/1654/1654 1599/1599/1599 1605/1605/1605
f 1605/1605/1605 1654/1654/1654 1650/1650/1650
f 1605/1605/1605 1599/1599/1599 1650/1650/1650
f 1703/1703/1703 1655/1655/1655 1654/1654/1654
f 1702/1702/1702 1703/1703/1703 1654/1654/1654
f 1659/1659/1659 1702/1702/1702 1654/1654/1654
f 1658/1658/1658 1659/1659/1659 1654/1654/1654
f 1610/1610/1610 1658/1658/1658 1654/1654/1654
f 1603/1603/1603 1610/1610/1610 1654/1654/1654
f 1603/1603/1603 1604/1604/1604 1654/1654/1654
f 1702/1702/1702 1658/1658/1658 1610/1610/1610
f 1702/1702/1702 1659/1659/1659 1658/1658/1658
f 1706/1706/1706 1702/1702/1702 1610/1610/1610
f 1706/1706/1706 1662/1662/1662 1610/1610/1610
f 1752/1752/1752 1706/1706/1706 1662/1662/1662
f 1708/1708/1708 1752/1752/1752 1662/1662/1662
f 1710/1710/1710 1708/1708/1708 1662/1662/1662
f 1664/1664/1664 1710/1710/1710 1662/1662/1662
f 1664/1664/1664 1613/1613/1613 1614/1614/1614
f 1664/1664/1664 1614/1614/1614 1662/1662/1662
f 1609/1609/1609 1613/1613/1613 1614/1614/1614
f 1666/1666/1666 1710/1710/1710 1664/1664/1664
f 1622/1622/1622 1666/1666/1666 1664/1664/1664
f 1621/1621/1621 1622/1622/1622 1664/1664/1664
f 1621/1621/1621 1617/1617/1617 1618/1618/1618
f 1621/1621/1621 1618/1618/1618 1664/1664/1664
f 1666/1666/1666 1622/1622/1622 1621/1621/1621
f 1710/1710/1710 1666/1666/1666 1621/1621/1621
f 1573/1573/1573 1710/1710/1710 1621/1621/1621
f 1573/1573/1573 1571/1571/1571 1621/1621/1621
f 1665/1665/1665 1623/1623/1623 1624/1624/1624
f 1665/1665/1665 1619/1619/1619 1624/1624/1624
f 1751/1751/1751 1665/1665/1665 1619/1619/1619
f 1751/1751/1751 1707/1707/1707 1619/1619/1619
f 1751/1751/1751 1795/1795/1795 1707/1707/1707
f 1753/1753/1753 1751/1751/1751 1795/1795/1795
f 1755/1755/1755 1753/1753/1753 1795/1795/1795
f 1797/1797/1797 1755/1755/1755 1795/1795/1795
f 1851/1851/1851 1797/1797/1797 1795/1795/1795
f 1849/1849/1849 1851/1851/1851 1795/1795/1795
f 1901/1901/1901 1849/1849/1849 1795/1795/1795
f 1847/1847/1847 1901/1901/1901 1795/1795/1795
f 1846/1846/1846 1847/1847/1847 1795/1795/1795
f 1794/1794/1794 1846/1846/1846 1795/1795/1795
f 1793/1793/1793 1794/1794/1794 1795/1795/1795
f 1789/1789/1789 1793/1793/1793 1795/1795/1795
f 1744/1744/1744 1789/1789/1789 1795/1795/1795
f 1745/1745/1745 1744/1744/1744 1795/1795/1795
f 1748/1748/1748 1745/1745/1745 1795/1795/1795
f 1701/1701/1701 1748/1748/1748 1795/1795/1795
f 1701/1701/1701 1705/1705/1705 1749/1749/1749
f 1701/1701/1701 1749/1749/1749 1795/1795/1795
f 1745/1745/1745 1748/1748/1748 1701/1701/1701
f 1744/1744/1744 1745/1745/1745 1701/1701/1701
f 1741/1741/1741 1744/1744/1744 1701/1701/1701
f 1699/1699/1699 1741/1741/1741 1701/1701/1701
f 1694/1694/1694 1699/1699/1699 1701/1701/1701
f 1694/1694/1694 1700/1700/1700 1701/1701/1701
f 1689/1689/1689 1694/1694/1694 1700/1700/1700
f 1648/1648/1648 1689/1689/1689 1700/1700/1700
f 1649/1649/1649 1648/1648/1648 1700/1700/1700
f 1695/1695/1695 1649/1649/1649 1700/1700/1700
f 1597/1597/1597 1695/1695/1695 1700/1700/1700
f 1653/1653/1653 1597/1597/1597 1700/1700/1700
f 1601/1601/1601 1653/1653/1653 1700/1700/1700
f 1602/1602/1602 1601/1601/1601 1700/1700/1700
f 1602/1602/1602 1607/1607/1607 1606/1606/1606
f 1606/1606/1606 1602/1602/1602 1700/1700/1700
f 1606/1606/1606 1656/1656/1656 1700/1700/1700
f 1607/1607/1607 1606/1606/1606 1656/1656/1656
f 1657/1657/1657 1607/1607/1607 1656/1656/1656
f 1657/1657/1657 1660/1660/1660 1656/1656/1656
f 1607/1607/1607 1657/1657/1657 1660/1660/1660
f 1607/1607/1607 1661/1661/1661 1660/1660/1660
f 1598/1598/1598 1601/1601/1601 1602/1602/1602
f 1592/1592/1592 1598/1598/1598 1602/1602/1602
f 1553/1553/1553 1592/1592/1592 1602/1602/1602
f 1553/1553/1553 1516/1516/1516 1554/1554/1554
f 1554/1554/1554 1553/1553/1553 1602/1602/1602
f 1554/1554/1554 1557/1557/1557 1602/1602/1602
f 1519/1519/1519 1516/1516/1516 1554/1554/1554
f 1591/1591/1591 1592/1592/1592 1553/1553/1553
f 1590/1590/1590 1591/1591/1591 1553/1553/1553
f 1586/1586/1586 1590/1590/1590 1553/1553/1553
f 1586/1586/1586 1546/1546/1546 1549/1549/1549
f 1549/1549/1549 1586/1586/1586 1553/1553/1553
f 1550/1550/1550 1549/1549/1549 1553/1553/1553
f 1512/1512/1512 1550/1550/1550 1553/1553/1553
f 1512/1512/1512 1515/1515/1515 1553/1553/1553
f 1549/1549/1549 1550/1550/1550 1512/1512/1512
f 1549/1549/1549 1546/1546/1546 1512/1512/1512
f 1644/1644/1644 1590/1590/1590 1586/1586/1586
f 1682/1682/1682 1644/1644/1644 1586/1586/1586
f 1641/1641/1641 1682/1682/1682 1586/1586/1586
f 1640/1640/1640 1641/1641/1641 1586/1586/1586
f 1635/1635/1635 1640/1640/1640 1586/1586/1586
f 1635/1635/1635 1585/1585/1585 1586/1586/1586
f 1584/1584/1584 1635/1635/1635 1585/1585/1585
f 1580/1580/1580 1584/1584/1584 1585/1585/1585
f 1580/1580/1580 1545/1545/1545 1585/1585/1585
f 1635/1635/1635 1584/1584/1584 1580/1580/1580
f 1675/1675/1675 1635/1635/1635 1580/1580/1580
f 1634/1634/1634 1675/1675/1675 1580/1580/1580
f 1633/1633/1633 1634/1634/1634 1580/1580/1580
f 1629/1629/1629 1633/1633/1633 1580/1580/1580
f 1628/1628/1628 1629/1629/1629 1580/1580/1580
f 1579/1579/1579 1628/1628/1628 1580/1580/1580
f 1576/1576/1576 1579/1579/1579 1580/1580/1580
f 1576/1576/1576 1541/1541/1541 1580/1580/1580
f 1628/1628/1628 1579/1579/1579 1576/1576/1576
f 1575/1575/1575 1628/1628/1628 1576/1576/1576
f 1537/1537/1537 1575/1575/1575 1576/1576/1576
f 1537/1537/1537 1538/1538/1538 1576/1576/1576
f 1500/1500/1500 1537/1537/1537 1538/1538/1538
f 1500/1500/1500 1503/1503/1503 1538/1538/1538
f 1537/1537/1537 1500/1500/1500 1463/1463/1463
f 1632/1632/1632 1625/1625/1625 1574/1574/1574
f 1631/1631/1631 1632/1632/1632 1574/1574/1574
f 1638/1638/1638 1631/1631/1631 1574/1574/1574
f 1630/1630/1630 1638/1638/1638 1574/1574/1574
f 1630/1630/1630 1578/1578/1578 1574/1574/1574
f 1632/1632/1632 1631/1631/1631 1638/1638/1638
f 1673/1673/1673 1632/1632/1632 1638/1638/1638
f 1672/1672/1672 1673/1673/1673 1638/1638/1638
f 1716/1716/1716 1672/1672/1672 1638/1638/1638
f 1723/1723/1723 1716/1716/1716 1638/1638/1638
f 1677/1677/1677 1723/1723/1723 1638/1638/1638
f 1722/1722/1722 1677/1677/1677 1638/1638/1638
f 1728/1728/1728 1722/1722/1722 1638/1638/1638
f 1772/1772/1772 1728/1728/1728 1638/1638/1638
f 1727/1727/1727 1772/1772/1772 1638/1638/1638
f 1676/1676/1676 1727/1727/1727 1638/1638/1638
f 1681/1681/1681 1676/1676/1676 1638/1638/1638
f 1680/1680/1680 1681/1681/1681 1638/1638/1638
f 1680/1680/1680 1637/1637/1637 1638/1638/1638
f 1727/1727/1727 1681/1681/1681 1680/1680/1680
f 1772/1772/1772 1727/1727/1727 1680/1680/1680
f 1726/1726/1726 1772/1772/1772 1680/1680/1680
f 1778/1778/1778 1726/1726/1726 1680/1680/1680
f 1733/1733/1733 1778/1778/1778 1680/1680/1680
f 1782/1782/1782 1733/1733/1733 1680/1680/1680
f 1732/1732/1732 1782/1782/1782 1680/1680/1680
f 1686/1686/1686 1732/1732/1732 1680/1680/1680
f 1692/1692/1692 1686/1686/1686 1680/1680/1680
f 1685/1685/1685 1692/1692/1692 1680/1680/1680
f 1647/1647/1647 1685/1685/1685 1680/1680/1680
f 1642/1642/1642 1647/1647/1647 1680/1680/1680
f 1643/1643/1643 1642/1642/1642 1680/1680/1680
f 1643/1643/1643 1636/1636/1636 1680/1680/1680
f 1642/1642/1642 1643/1643/1643 1636/1636/1636
f 1589/1589/1589 1642/1642/1642 1636/1636/1636
f 1589/1589/1589 1583/1583/1583 1636/1636/1636
f 1647/1647/1647 1642/1642/1642 1589/1589/1589
f 1647/1647/1647 1646/1646/1646 1589/1589/1589
f 1685/1685/1685 1647/1647/1647 1646/1646/1646
f 1684/1684/1684 1685/1685/1685 1646/1646/1646
f 1782/1782/1782 1684/1684/1684 1646/1646/1646
f 1782/1782/1782 1732/1732/1732 1684/1684/1684
f 1739/1739/1739 1782/1782/1782 1646/1646/1646
f 1738/1738/1738 1739/1739/1739 1646/1646/1646
f 1691/1691/1691 1738/1738/1738 1646/1646/1646
f 1698/1698/1698 1691/1691/1691 1646/1646/1646
f 1698/1698/1698 1690/1690/1690 1646/1646/1646
f 1742/1742/1742 1698/1698/1698 1690/1690/1690
f 1747/1747/1747 1742/1742/1742 1690/1690/1690
f 1747/1747/1747 1697/1697/1697 1690/1690/1690
f 1746/1746/1746 1747/1747/1747 1697/1697/1697
f 1750/1750/1750 1746/1746/1746 1697/1697/1697
f 1750/1750/1750 1696/1696/1696 1697/1697/1697
f 1752/1752/1752 1750/1750/1750 1696/1696/1696
f 1752/1752/1752 1706/1706/1706 1703/1703/1703
f 1752/1752/1752 1703/1703/1703 1696/1696/1696
f 1706/1706/1706 1702/1702/1702 1703/1703/1703
f 1746/1746/1746 1750/1750/1750 1752/1752/1752
f 1747/1747/1747 1746/1746/1746 1752/1752/1752
f 1738/1738/1738 1747/1747/1747 1752/1752/1752
f 1738/1738/1738 1739/1739/1739 1743/1743/1743
f 1743/1743/1743 1738/1738/1738 1752/1752/1752
f 1786/1786/1786 1743/1743/1743 1752/1752/1752
f 1790/1790/1790 1786/1786/1786 1752/1752/1752
f 1796/1796/1796 1790/1790/1790 1752/1752/1752
f 1844/1844/1844 1796/1796/1796 1752/1752/1752
f 1848/1848/1848 1844/1844/1844 1752/1752/1752
f 1798/1798/1798 1848/1848/1848 1752/1752/1752
f 1754/1754/1754 1798/1798/1798 1752/1752/1752
f 1710/1710/1710 1754/1754/1754 1752/1752/1752
f 1710/1710/1710 1708/1708/1708 1752/1752/1752
f 1755/1755/1755 1753/1753/1753 1667/1667/1667
f 1667/1667/1667 1755/1755/1755 1623/1623/1623
f 1753/1753/1753 1667/1667/1667 1623/1623/1623
f 1709/1709/1709 1753/1753/1753 1623/1623/1623
f 1709/1709/1709 1665/1665/1665 1623/1623/1623
f 1753/1753/1753 1709/1709/1709 1665/1665/1665
f 1753/1753/1753 1751/1751/1751 1665/1665/1665
f 1711/1711/1711 1623/1623/1623 1755/1755/1755
f 1799/1799/1799 1797/1797/1797 1755/1755/1755
f 1799/1799/1799 1851/1851/1851 1797/1797/1797
f 1903/1903/1903 1960/1960/1960 1851/1851/1851
f 2030/2030/2030 1903/1903/1903 1851/1851/1851
f 1956/1956/1956 2030/2030/2030 1851/1851/1851
f 2026/2026/2026 1956/1956/1956 1851/1851/1851
f 1901/1901/1901 2026/2026/2026 1851/1851/1851
f 1901/1901/1901 1849/1849/1849 1851/1851/1851
f 2025/2025/2025 2026/2026/2026 1901/1901/1901
f 1954/1954/1954 2025/2025/2025 1901/1901/1901
f 1950/1950/1950 1954/1954/1954 1901/1901/1901
f 1898/1898/1898 1950/1950/1950 1901/1901/1901
f 1895/1895/1895 1898/1898/1898 1901/1901/1901
f 1841/1841/1841 1895/1895/1895 1901/1901/1901
f 1899/1899/1899 1841/1841/1841 1901/1901/1901
f 1846/1846/1846 1899/1899/1899 1901/1901/1901
f 1846/1846/1846 1847/1847/1847 1901/1901/1901
f 1841/1841/1841 1899/1899/1899 1846/1846/1846
f 1842/1842/1842 1841/1841/1841 1846/1846/1846
f 1837/1837/1837 1842/1842/1842 1846/1846/1846
f 1788/1788/1788 1837/1837/1837 1846/1846/1846
f 1843/1843/1843 1788/1788/1788 1846/1846/1846
f 1789/1789/1789 1843/1843/1843 1846/1846/1846
f 1793/1793/1793 1789/1789/1789 1846/1846/1846
f 1793/1793/1793 1794/1794/1794 1846/1846/1846
f 1788/1788/1788 1843/1843/1843 1789/1789/1789
f 1784/1784/1784 1788/1788/1788 1789/1789/1789
f 1785/1785/1785 1784/1784/1784 1789/1789/1789
f 1736/1736/1736 1785/1785/1785 1789/1789/1789
f 1737/1737/1737 1736/1736/1736 1789/1789/1789
f 1740/1740/1740 1737/1737/1737 1789/1789/1789
f 1693/1693/1693 1740/1740/1740 1789/1789/1789
f 1741/1741/1741 1693/1693/1693 1789/1789/1789
f 1741/1741/1741 1744/1744/1744 1789/1789/1789
f 1689/1689/1689 1693/1693/1693 1741/1741/1741
f 1694/1694/1694 1689/1689/1689 1741/1741/1741
f 1694/1694/1694 1699/1699/1699 1741/1741/1741
f 1737/1737/1737 1693/1693/1693 1689/1689/1689
f 1736/1736/1736 1737/1737/1737 1689/1689/1689
f 1731/1731/1731 1736/1736/1736 1689/1689/1689
f 1688/1688/1688 1731/1731/1731 1689/1689/1689
f 1683/1683/1683 1688/1688/1688 1689/1689/1689
f 1644/1644/1644 1683/1683/1683 1689/1689/1689
f 1644/1644/1644 1682/1682/1682 1683/1683/1683
f 1645/1645/1645 1644/1644/1644 1689/1689/1689
f 1645/1645/1645 1648/1648/1648 1689/1689/1689
f 1590/1590/1590 1645/1645/1645 1648/1648/1648
f 1591/1591/1591 1590/1590/1590 1648/1648/1648
f 1596/1596/1596 1591/1591/1591 1648/1648/1648
f 1597/1597/1597 1596/1596/1596 1648/1648/1648
f 1597/1597/1597 1695/1695/1695 1649/1649/1649
f 1597/1597/1597 1649/1649/1649 1648/1648/1648
f 1591/1591/1591 1596/1596/1596 1597/1597/1597
f 1592/1592/1592 1591/1591/1591 1597/1597/1597
f 1598/1598/1598 1592/1592/1592 1597/1597/1597
f 1601/1601/1601 1598/1598/1598 1597/1597/1597
f 1601/1601/1601 1653/1653/1653 1597/1597/1597
f 1645/1645/1645 1644/1644/1644 1590/1590/1590
f 1688/1688/1688 1683/1683/1683 1682/1682/1682
f 1687/1687/1687 1688/1688/1688 1682/1682/1682
f 1731/1731/1731 1687/1687/1687 1682/1682/1682
f 1731/1731/1731 1688/1688/1688 1687/1687/1687
f 1735/1735/1735 1731/1731/1731 1682/1682/1682
f 1730/1730/1730 1735/1735/1735 1682/1682/1682
f 1776/1776/1776 1730/1730/1730 1682/1682/1682
f 1729/1729/1729 1776/1776/1776 1682/1682/1682
f 1725/1725/1725 1729/1729/1729 1682/1682/1682
f 1721/1721/1721 1725/1725/1725 1682/1682/1682
f 1678/1678/1678 1721/1721/1721 1682/1682/1682
f 1679/1679/1679 1678/1678/1678 1682/1682/1682
f 1639/1639/1639 1679/1679/1679 1682/1682/1682
f 1635/1635/1635 1639/1639/1639 1682/1682/1682
f 1640/1640/1640 1635/1635/1635 1682/1682/1682
f 1640/1640/1640 1641/1641/1641 1682/1682/1682
f 1678/1678/1678 1639/1639/1639 1635/1635/1635
f 1678/1678/1678 1679/1679/1679 1639/1639/1639
f 1678/1678/1678 1675/1675/1675 1635/1635/1635
f 1721/1721/1721 1678/1678/1678 1675/1675/1675
f 1720/1720/1720 1721/1721/1721 1675/1675/1675
f 1674/1674/1674 1720/1720/1720 1675/1675/1675
f 1671/1671/1671 1674/1674/1674 1675/1675/1675
f 1627/1627/1627 1671/1671/1671 1675/1675/1675
f 1633/1633/1633 1627/1627/1627 1675/1675/1675
f 1633/1633/1633 1634/1634/1634 1675/1675/1675
f 1628/1628/1628 1627/1627/1627 1633/1633/1633
f 1628/1628/1628 1629/1629/1629 1633/1633/1633
f 1627/1627/1627 1575/1575/1575 1628/1628/1628
f 1668/1668/1668 1626/1626/1626 1625/1625/1625
f 1668/1668/1668 1632/1632/1632 1625/1625/1625
f 1668/1668/1668 1673/1673/1673 1632/1632/1632
f 1669/1669/1669 1668/1668/1668 1673/1673/1673
f 1712/1712/1712 1669/1669/1669 1673/1673/1673
f 1718/1718/1718 1712/1712/1712 1673/1673/1673
f 1717/1717/1717 1718/1718/1718 1673/1673/1673
f 1760/1760/1760 1717/1717/1717 1673/1673/1673
f 1716/1716/1716 1760/1760/1760 1673/1673/1673
f 1716/1716/1716 1672/1672/1672 1673/1673/1673
f 1768/1768/1768 1760/1760/1760 1716/1716/1716
f 1812/1812/1812 1768/1768/1768 1716/1716/1716
f 1767/1767/1767 1812/1812/1812 1716/1716/1716
f 1767/1767/1767 1723/1723/1723 1716/1716/1716
f 1774/1774/1774 1767/1767/1767 1723/1723/1723
f 1818/1818/1818 1774/1774/1774 1723/1723/1723
f 1766/1766/1766 1818/1818/1818 1723/1723/1723
f 1773/1773/1773 1766/1766/1766 1723/1723/1723
f 1772/1772/1772 1773/1773/1773 1723/1723/1723
f 1728/1728/1728 1772/1772/1772 1723/1723/1723
f 1722/1722/1722 1728/1728/1728 1723/1723/1723
f 1722/1722/1722 1677/1677/1677 1723/1723/1723
f 1818/1818/1818 1773/1773/1773 1772/1772/1772
f 1818/1818/1818 1766/1766/1766 1773/1773/1773
f 1827/1827/1827 1818/1818/1818 1772/1772/1772
f 1879/1879/1879 1827/1827/1827 1772/1772/1772
f 1826/1826/1826 1879/1879/1879 1772/1772/1772
f 1878/1878/1878 1826/1826/1826 1772/1772/1772
f 1825/1825/1825 1878/1878/1878 1772/1772/1772
f 1824/1824/1824 1825/1825/1825 1772/1772/1772
f 1779/1779/1779 1824/1824/1824 1772/1772/1772
f 1783/1783/1783 1779/1779/1779 1772/1772/1772
f 1778/1778/1778 1783/1783/1783 1772/1772/1772
f 1778/1778/1778 1726/1726/1726 1734/1734/1734
f 1734/1734/1734 1778/1778/1778 1772/1772/1772
f 1734/1734/1734 1726/1726/1726 1772/1772/1772
f 1681/1681/1681 1676/1676/1676 1727/1727/1727
f 1787/1787/1787 1783/1783/1783 1778/1778/1778
f 1782/1782/1782 1787/1787/1787 1778/1778/1778
f 1782/1782/1782 1733/1733/1733 1778/1778/1778
f 1844/1844/1844 1787/1787/1787 1782/1782/1782
f 1844/1844/1844 1796/1796/1796 1792/1792/1792
f 1792/1792/1792 1844/1844/1844 1782/1782/1782
f 1786/1786/1786 1792/1792/1792 1782/1782/1782
f 1743/1743/1743 1786/1786/1786 1782/1782/1782
f 1743/1743/1743 1739/1739/1739 1782/1782/1782
f 1684/1684/1684 1686/1686/1686 1732/1732/1732
f 1692/1692/1692 1684/1684/1684 1686/1686/1686
f 1684/1684/1684 1685/1685/1685 1692/1692/1692
f 1742/1742/1742 1738/1738/1738 1691/1691/1691
f 1742/1742/1742 1698/1698/1698 1691/1691/1691
f 1742/1742/1742 1738/1738/1738 1747/1747/1747
f 1791/1791/1791 1792/1792/1792 1786/1786/1786
f 1791/1791/1791 1790/1790/1790 1786/1786/1786
f 1791/1791/1791 1796/1796/1796 1790/1790/1790
f 1791/1791/1791 1792/1792/1792 1796/1796/1796
f 1838/1838/1838 1787/1787/1787 1844/1844/1844
f 1832/1832/1832 1838/1838/1838 1844/1844/1844
f 1845/1845/1845 1832/1832/1832 1844/1844/1844
f 1890/1890/1890 1845/1845/1845 1844/1844/1844
f 1897/1897/1897 1890/1890/1890 1844/1844/1844
f 1896/1896/1896 1897/1897/1897 1844/1844/1844
f 1955/1955/1955 1896/1896/1896 1844/1844/1844
f 1900/1900/1900 1955/1955/1955 1844/1844/1844
f 1902/1902/1902 1900/1900/1900 1844/1844/1844
f 1902/1902/1902 1848/1848/1848 1844/1844/1844
f 1850/1850/1850 1902/1902/1902 1848/1848/1848
f 1850/1850/1850 1798/1798/1798 1848/1848/1848
f 1850/1850/1850 1754/1754/1754 1798/1798/1798
f 1902/1902/1902 1850/1850/1850 1754/1754/1754
f 1959/1959/1959 1902/1902/1902 1754/1754/1754
f 1704/1704/1704 1755/1755/1755 1711/1711/1711
f 1704/1704/1704 1623/1623/1623 1711/1711/1711
f 1960/1960/1960 1755/1755/1755 1799/1799/1799
f 1960/1960/1960 1851/1851/1851 1799/1799/1799
f 2118/2118/2118 2038/2038/2038 1960/1960/1960
f 2033/2033/2033 2118/2118/2118 1960/1960/1960
f 2114/2114/2114 2033/2033/2033 1960/1960/1960
f 2034/2034/2034 2114/2114/2114 1960/1960/1960
f 2030/2030/2030 2034/2034/2034 1960/1960/1960
f 2030/2030/2030 1903/1903/1903 1958/1958/1958
f 1958/1958/1958 2030/2030/2030 1960/1960/1960
f 1958/1958/1958 1903/1903/1903 1960/1960/1960
f 2029/2029/2029 2034/2034/2034 2030/2030/2030
f 2110/2110/2110 2029/2029/2029 2030/2030/2030
f 2024/2024/2024 2110/2110/2110 2030/2030/2030
f 2025/2025/2025 2024/2024/2024 2030/2030/2030
f 2026/2026/2026 2025/2025/2025 2030/2030/2030
f 2026/2026/2026 1956/1956/1956 2030/2030/2030
f 2019/2019/2019 2024/2024/2024 2025/2025/2025
f 2020/2020/2020 2019/2019/2019 2025/2025/2025
f 1948/1948/1948 2020/2020/2020 2025/2025/2025
f 1949/1949/1949 1948/1948/1948 2025/2025/2025
f 1887/1887/1887 1949/1949/1949 2025/2025/2025
f 1944/1944/1944 1887/1887/1887 2025/2025/2025
f 1888/1888/1888 1944/1944/1944 2025/2025/2025
f 1893/1893/1893 1888/1888/1888 2025/2025/2025
f 1950/1950/1950 1893/1893/1893 2025/2025/2025
f 1950/1950/1950 1954/1954/1954 1953/1953/1953
f 1953/1953/1953 1950/1950/1950 2025/2025/2025
f 1953/1953/1953 1954/1954/1954 2025/2025/2025
f 1835/1835/1835 1893/1893/1893 1950/1950/1950
f 1889/1889/1889 1835/1835/1835 1950/1950/1950
f 1836/1836/1836 1889/1889/1889 1950/1950/1950
f 1837/1837/1837 1836/1836/1836 1950/1950/1950
f 1837/1837/1837 1842/1842/1842 1841/1841/1841
f 1841/1841/1841 1837/1837/1837 1950/1950/1950
f 1894/1894/1894 1841/1841/1841 1950/1950/1950
f 1895/1895/1895 1894/1894/1894 1950/1950/1950
f 1895/1895/1895 1898/1898/1898 1950/1950/1950
f 1894/1894/1894 1841/1841/1841 1895/1895/1895
f 1829/1829/1829 1836/1836/1836 1837/1837/1837
f 1830/1830/1830 1829/1829/1829 1837/1837/1837
f 1831/1831/1831 1830/1830/1830 1837/1837/1837
f 1780/1780/1780 1831/1831/1831 1837/1837/1837
f 1781/1781/1781 1780/1780/1780 1837/1837/1837
f 1784/1784/1784 1781/1781/1781 1837/1837/1837
f 1784/1784/1784 1788/1788/1788 1837/1837/1837
f 1735/1735/1735 1781/1781/1781 1784/1784/1784
f 1731/1731/1731 1735/1735/1735 1784/1784/1784
f 1736/1736/1736 1731/1731/1731 1784/1784/1784
f 1736/1736/1736 1785/1785/1785 1784/1784/1784
f 1693/1693/1693 1740/1740/1740 1737/1737/1737
f 1780/1780/1780 1781/1781/1781 1735/1735/1735
f 1830/1830/1830 1780/1780/1780 1735/1735/1735
f 1829/1829/1829 1830/1830/1830 1735/1735/1735
f 1828/1828/1828 1829/1829/1829 1735/1735/1735
f 1823/1823/1823 1828/1828/1828 1735/1735/1735
f 1777/1777/1777 1823/1823/1823 1735/1735/1735
f 1776/1776/1776 1777/1777/1777 1735/1735/1735
f 1776/1776/1776 1730/1730/1730 1735/1735/1735
f 1823/1823/1823 1777/1777/1777 1776/1776/1776
f 1822/1822/1822 1823/1823/1823 1776/1776/1776
f 1821/1821/1821 1822/1822/1822 1776/1776/1776
f 1775/1775/1775 1821/1821/1821 1776/1776/1776
f 1817/1817/1817 1775/1775/1775 1776/1776/1776
f 1769/1769/1769 1817/1817/1817 1776/1776/1776
f 1770/1770/1770 1769/1769/1769 1776/1776/1776
f 1771/1771/1771 1770/1770/1770 1776/1776/1776
f 1724/1724/1724 1771/1771/1771 1776/1776/1776
f 1725/1725/1725 1724/1724/1724 1776/1776/1776
f 1725/1725/1725 1729/1729/1729 1776/1776/1776
f 1724/1724/1724 1721/1721/1721 1725/1725/1725
f 1771/1771/1771 1724/1724/1724 1721/1721/1721
f 1770/1770/1770 1771/1771/1771 1721/1721/1721
f 1769/1769/1769 1770/1770/1770 1721/1721/1721
f 1765/1765/1765 1769/1769/1769 1721/1721/1721
f 1811/1811/1811 1765/1765/1765 1721/1721/1721
f 1764/1764/1764 1811/1811/1811 1721/1721/1721
f 1763/1763/1763 1764/1764/1764 1721/1721/1721
f 1719/1719/1719 1763/1763/1763 1721/1721/1721
f 1719/1719/1719 1720/1720/1720 1721/1721/1721
f 1714/1714/1714 1719/1719/1719 1720/1720/1720
f 1715/1715/1715 1714/1714/1714 1720/1720/1720
f 1670/1670/1670 1715/1715/1715 1720/1720/1720
f 1627/1627/1627 1670/1670/1670 1720/1720/1720
f 1671/1671/1671 1627/1627/1627 1720/1720/1720
f 1671/1671/1671 1674/1674/1674 1720/1720/1720
f 1715/1715/1715 1670/1670/1670 1627/1627/1627
f 1714/1714/1714 1715/1715/1715 1627/1627/1627
f 1669/1669/1669 1668/1668/1668 1626/1626/1626
f 1756/1756/1756 1713/1713/1713 1712/1712/1712
f 1756/1756/1756 1718/1718/1718 1712/1712/1712
f 1762/1762/1762 1756/1756/1756 1718/1718/1718
f 1804/1804/1804 1762/1762/1762 1718/1718/1718
f 1761/1761/1761 1804/1804/1804 1718/1718/1718
f 1760/1760/1760 1761/1761/1761 1718/1718/1718
f 1760/1760/1760 1717/1717/1717 1718/1718/1718
f 1804/1804/1804 1761/1761/1761 1760/1760/1760
f 1814/1814/1814 1804/1804/1804 1760/1760/1760
f 1865/1865/1865 1814/1814/1814 1760/1760/1760
f 1813/1813/1813 1865/1865/1865 1760/1760/1760
f 1813/1813/1813 1768/1768/1768 1760/1760/1760
f 1864/1864/1864 1813/1813/1813 1768/1768/1768
f 1873/1873/1873 1864/1864/1864 1768/1768/1768
f 1820/1820/1820 1873/1873/1873 1768/1768/1768
f 1872/1872/1872 1820/1820/1820 1768/1768/1768
f 1872/1872/1872 1812/1812/1812 1768/1768/1768
f 1819/1819/1819 1872/1872/1872 1812/1812/1812
f 1827/1827/1827 1819/1819/1819 1812/1812/1812
f 1818/1818/1818 1827/1827/1827 1812/1812/1812
f 1774/1774/1774 1818/1818/1818 1812/1812/1812
f 1774/1774/1774 1767/1767/1767 1812/1812/1812
f 1872/1872/1872 1827/1827/1827 1879/1879/1879
f 1872/1872/1872 1819/1819/1819 1827/1827/1827
f 1873/1873/1873 1872/1872/1872 1879/1879/1879
f 1873/1873/1873 1820/1820/1820 1872/1872/1872
f 1925/1925/1925 1873/1873/1873 1879/1879/1879
f 1880/1880/1880 1925/1925/1925 1879/1879/1879
f 1934/1934/1934 1880/1880/1880 1879/1879/1879
f 1933/1933/1933 1934/1934/1934 1879/1879/1879
f 1932/1932/1932 1933/1933/1933 1879/1879/1879
f 2001/2001/2001 1932/1932/1932 1879/1879/1879
f 2010/2010/2010 2001/2001/2001 1879/1879/1879
f 1931/1931/1931 2010/2010/2010 1879/1879/1879
f 2009/2009/2009 1931/1931/1931 1879/1879/1879
f 1940/1940/1940 2009/2009/2009 1879/1879/1879
f 1886/1886/1886 1940/1940/1940 1879/1879/1879
f 1892/1892/1892 1886/1886/1886 1879/1879/1879
f 1885/1885/1885 1892/1892/1892 1879/1879/1879
f 1884/1884/1884 1885/1885/1885 1879/1879/1879
f 1878/1878/1878 1884/1884/1884 1879/1879/1879
f 1878/1878/1878 1826/1826/1826 1879/1879/1879
f 1840/1840/1840 1884/1884/1884 1878/1878/1878
f 1834/1834/1834 1840/1840/1840 1878/1878/1878
f 1833/1833/1833 1834/1834/1834 1878/1878/1878
f 1783/1783/1783 1833/1833/1833 1878/1878/1878
f 1783/1783/1783 1779/1779/1779 1824/1824/1824
f 1824/1824/1824 1783/1783/1783 1878/1878/1878
f 1824/1824/1824 1825/1825/1825 1878/1878/1878
f 1840/1840/1840 1833/1833/1833 1783/1783/1783
f 1840/1840/1840 1834/1834/1834 1833/1833/1833
f 1890/1890/1890 1840/1840/1840 1783/1783/1783
f 1890/1890/1890 1845/1845/1845 1832/1832/1832
f 1832/1832/1832 1890/1890/1890 1783/1783/1783
f 1838/1838/1838 1832/1832/1832 1783/1783/1783
f 1838/1838/1838 1787/1787/1787 1783/1783/1783
f 1884/1884/1884 1840/1840/1840 1890/1890/1890
f 1885/1885/1885 1884/1884/1884 1890/1890/1890
f 1892/1892/1892 1885/1885/1885 1890/1890/1890
f 1891/1891/1891 1892/1892/1892 1890/1890/1890
f 1946/1946/1946 1891/1891/1891 1890/1890/1890
f 1945/1945/1945 1946/1946/1946 1890/1890/1890
f 2023/2023/2023 1945/1945/1945 1890/1890/1890
f 2022/2022/2022 2023/2023/2023 1890/1890/1890
f 1952/1952/1952 2022/2022/2022 1890/1890/1890
f 2021/2021/2021 1952/1952/1952 1890/1890/1890
f 1951/1951/1951 2021/2021/2021 1890/1890/1890
f 1951/1951/1951 1897/1897/1897 1890/1890/1890
f 2027/2027/2027 1951/1951/1951 1897/1897/1897
f 2031/2031/2031 2027/2027/2027 1897/1897/1897
f 1955/1955/1955 2031/2031/2031 1897/1897/1897
f 1955/1955/1955 1896/1896/1896 1897/1897/1897
f 2035/2035/2035 2031/2031/2031 1955/1955/1955
f 1957/1957/1957 2035/2035/2035 1955/1955/1955
f 1902/1902/1902 1957/1957/1957 1955/1955/1955
f 1902/1902/1902 1900/1900/1900 1955/1955/1955
f 2035/2035/2035 1957/1957/1957 1902/1902/1902
f 2035/2035/2035 1959/1959/1959 1902/1902/1902
f 1652/1652/1652 1623/1623/1623 1704/1704/1704
f 2037/2037/2037 2118/2118/2118 2038/2038/2038
f 2122/2122/2122 2037/2037/2037 2118/2118/2118
f 2121/2121/2121 2122/2122/2122 2118/2118/2118
f 2117/2117/2117 2121/2121/2121 2118/2118/2118
f 2252/2252/2252 2117/2117/2117 2118/2118/2118
f 2190/2190/2190 2252/2252/2252 2118/2118/2118
f 2188/2188/2188 2190/2190/2190 2118/2118/2118
f 2113/2113/2113 2188/2188/2188 2118/2118/2118
f 2109/2109/2109 2113/2113/2113 2118/2118/2118
f 2024/2024/2024 2109/2109/2109 2118/2118/2118
f 2110/2110/2110 2024/2024/2024 2118/2118/2118
f 2114/2114/2114 2110/2110/2110 2118/2118/2118
f 2114/2114/2114 2033/2033/2033 2118/2118/2118
f 2029/2029/2029 2110/2110/2110 2114/2114/2114
f 2029/2029/2029 2034/2034/2034 2114/2114/2114
f 2188/2188/2188 2109/2109/2109 2024/2024/2024
f 2188/2188/2188 2113/2113/2113 2109/2109/2109
f 2108/2108/2108 2188/2188/2188 2024/2024/2024
f 2104/2104/2104 2108/2108/2108 2024/2024/2024
f 2018/2018/2018 2104/2104/2104 2024/2024/2024
f 2018/2018/2018 2019/2019/2019 2024/2024/2024
f 2012/2012/2012 2018/2018/2018 2019/2019/2019
f 2013/2013/2013 2012/2012/2012 2019/2019/2019
f 2008/2008/2008 2013/2013/2013 2019/2019/2019
f 2014/2014/2014 2008/2008/2008 2019/2019/2019
f 1942/1942/1942 2014/2014/2014 2019/2019/2019
f 1938/1938/1938 1942/1942/1942 2019/2019/2019
f 1943/1943/1943 1938/1938/1938 2019/2019/2019
f 1887/1887/1887 1943/1943/1943 2019/2019/2019
f 1887/1887/1887 1949/1949/1949 1948/1948/1948
f 1948/1948/1948 1887/1887/1887 2019/2019/2019
f 1948/1948/1948 2020/2020/2020 2019/2019/2019
f 1938/1938/1938 1943/1943/1943 1887/1887/1887
f 1930/1930/1930 1938/1938/1938 1887/1887/1887
f 1881/1881/1881 1930/1930/1930 1887/1887/1887
f 1877/1877/1877 1881/1881/1881 1887/1887/1887
f 1828/1828/1828 1877/1877/1877 1887/1887/1887
f 1828/1828/1828 1829/1829/1829 1882/1882/1882
f 1882/1882/1882 1828/1828/1828 1887/1887/1887
f 1829/1829/1829 1882/1882/1882 1887/1887/1887
f 1883/1883/1883 1829/1829/1829 1887/1887/1887
f 1835/1835/1835 1883/1883/1883 1887/1887/1887
f 1835/1835/1835 1893/1893/1893 1888/1888/1888
f 1888/1888/1888 1835/1835/1835 1887/1887/1887
f 1888/1888/1888 1944/1944/1944 1887/1887/1887
f 1829/1829/1829 1883/1883/1883 1835/1835/1835
f 1836/1836/1836 1829/1829/1829 1835/1835/1835
f 1836/1836/1836 1889/1889/1889 1835/1835/1835
f 1780/1780/1780 1831/1831/1831 1830/1830/1830
f 1871/1871/1871 1877/1877/1877 1828/1828/1828
f 1821/1821/1821 1871/1871/1871 1828/1828/1828
f 1822/1822/1822 1821/1821/1821 1828/1828/1828
f 1822/1822/1822 1823/1823/1823 1828/1828/1828
f 1869/1869/1869 1871/1871/1871 1821/1821/1821
f 1863/1863/1863 1869/1869/1869 1821/1821/1821
f 1815/1815/1815 1863/1863/1863 1821/1821/1821
f 1810/1810/1810 1815/1815/1815 1821/1821/1821
f 1816/1816/1816 1810/1810/1810 1821/1821/1821
f 1811/1811/1811 1816/1816/1816 1821/1821/1821
f 1811/1811/1811 1765/1765/1765 1769/1769/1769
f 1769/1769/1769 1811/1811/1811 1821/1821/1821
f 1817/1817/1817 1769/1769/1769 1821/1821/1821
f 1817/1817/1817 1775/1775/1775 1821/1821/1821
f 1810/1810/1810 1816/1816/1816 1811/1811/1811
f 1809/1809/1809 1810/1810/1810 1811/1811/1811
f 1803/1803/1803 1809/1809/1809 1811/1811/1811
f 1758/1758/1758 1803/1803/1803 1811/1811/1811
f 1763/1763/1763 1758/1758/1758 1811/1811/1811
f 1763/1763/1763 1764/1764/1764 1811/1811/1811
f 1759/1759/1759 1758/1758/1758 1763/1763/1763
f 1714/1714/1714 1759/1759/1759 1763/1763/1763
f 1714/1714/1714 1719/1719/1719 1763/1763/1763
f 1758/1758/1758 1759/1759/1759 1714/1714/1714
f 1800/1800/1800 1757/1757/1757 1756/1756/1756
f 1807/1807/1807 1800/1800/1800 1756/1756/1756
f 1806/1806/1806 1807/1807/1807 1756/1756/1756
f 1866/1866/1866 1806/1806/1806 1756/1756/1756
f 1805/1805/1805 1866/1866/1866 1756/1756/1756
f 1805/1805/1805 1762/1762/1762 1756/1756/1756
f 1865/1865/1865 1805/1805/1805 1762/1762/1762
f 1814/1814/1814 1865/1865/1865 1762/1762/1762
f 1814/1814/1814 1804/1804/1804 1762/1762/1762
f 1866/1866/1866 1805/1805/1805 1865/1865/1865
f 1867/1867/1867 1866/1866/1866 1865/1865/1865
f 1920/1920/1920 1867/1867/1867 1865/1865/1865
f 1919/1919/1919 1920/1920/1920 1865/1865/1865
f 1927/1927/1927 1919/1919/1919 1865/1865/1865
f 2004/2004/2004 1927/1927/1927 1865/1865/1865
f 1993/1993/1993 2004/2004/2004 1865/1865/1865
f 1926/1926/1926 1993/1993/1993 1865/1865/1865
f 1934/1934/1934 1926/1926/1926 1865/1865/1865
f 1934/1934/1934 1880/1880/1880 1925/1925/1925
f 1925/1925/1925 1934/1934/1934 1865/1865/1865
f 1874/1874/1874 1925/1925/1925 1865/1865/1865
f 1873/1873/1873 1874/1874/1874 1865/1865/1865
f 1864/1864/1864 1873/1873/1873 1865/1865/1865
f 1864/1864/1864 1813/1813/1813 1865/1865/1865
f 1874/1874/1874 1925/1925/1925 1873/1873/1873
f 1993/1993/1993 1926/1926/1926 1934/1934/1934
f 2004/2004/2004 1993/1993/1993 1934/1934/1934
f 2084/2084/2084 2004/2004/2004 1934/1934/1934
f 2003/2003/2003 2084/2084/2084 1934/1934/1934
f 2083/2083/2083 2003/2003/2003 1934/1934/1934
f 2093/2093/2093 2083/2083/2083 1934/1934/1934
f 2092/2092/2092 2093/2093/2093 1934/1934/1934
f 2002/2002/2002 2092/2092/2092 1934/1934/1934
f 2001/2001/2001 2002/2002/2002 1934/1934/1934
f 2001/2001/2001 1932/1932/1932 1933/1933/1933
f 2001/2001/2001 1933/1933/1933 1934/1934/1934
f 2011/2011/2011 2002/2002/2002 2001/2001/2001
f 2092/2092/2092 2011/2011/2011 2001/2001/2001
f 2092/2092/2092 2002/2002/2002 2011/2011/2011
f 2101/2101/2101 2092/2092/2092 2001/2001/2001
f 2091/2091/2091 2101/2101/2101 2001/2001/2001
f 2100/2100/2100 2091/2091/2091 2001/2001/2001
f 2017/2017/2017 2100/2100/2100 2001/2001/2001
f 2017/2017/2017 2010/2010/2010 2001/2001/2001
f 2016/2016/2016 2017/2017/2017 2010/2010/2010
f 2015/2015/2015 2016/2016/2016 2010/2010/2010
f 2009/2009/2009 2015/2015/2015 2010/2010/2010
f 2009/2009/2009 1931/1931/1931 1941/1941/1941
f 1941/1941/1941 2009/2009/2009 2010/2010/2010
f 1941/1941/1941 1931/1931/1931 2010/2010/2010
f 1946/1946/1946 2015/2015/2015 2009/2009/2009
f 1946/1946/1946 1945/1945/1945 2015/2015/2015
f 1947/1947/1947 1946/1946/1946 2009/2009/2009
f 1892/1892/1892 1947/1947/1947 2009/2009/2009
f 1892/1892/1892 1886/1886/1886 1939/1939/1939
f 1939/1939/1939 1892/1892/1892 2009/2009/2009
f 1939/1939/1939 1940/1940/1940 2009/2009/2009
f 1939/1939/1939 1886/1886/1886 1940/1940/1940
f 1946/1946/1946 1947/1947/1947 1892/1892/1892
f 1946/1946/1946 1891/1891/1891 1892/1892/1892
f 2107/2107/2107 2015/2015/2015 1945/1945/1945
f 2107/2107/2107 2023/2023/2023 1945/1945/1945
f 2183/2183/2183 2107/2107/2107 2023/2023/2023
f 2106/2106/2106 2183/2183/2183 2023/2023/2023
f 2191/2191/2191 2106/2106/2106 2023/2023/2023
f 2112/2112/2112 2191/2191/2191 2023/2023/2023
f 2115/2115/2115 2112/2112/2112 2023/2023/2023
f 2105/2105/2105 2115/2115/2115 2023/2023/2023
f 2032/2032/2032 2105/2105/2105 2023/2023/2023
f 2028/2028/2028 2032/2032/2032 2023/2023/2023
f 2027/2027/2027 2028/2028/2028 2023/2023/2023
f 2027/2027/2027 1951/1951/1951 2021/2021/2021
f 2021/2021/2021 2027/2027/2027 2023/2023/2023
f 2021/2021/2021 2022/2022/2022 2023/2023/2023
f 2021/2021/2021 1952/1952/1952 2022/2022/2022
f 2032/2032/2032 2028/2028/2028 2027/2027/2027
f 2036/2036/2036 2032/2032/2032 2027/2027/2027
f 2036/2036/2036 2031/2031/2031 2027/2027/2027
f 2036/2036/2036 2035/2035/2035 2031/2031/2031
f 2036/2036/2036 1959/1959/1959 2035/2035/2035
f 2192/2192/2192 2254/2254/2254 2121/2121/2121
f 2192/2192/2192 2117/2117/2117 2121/2121/2121
f 2254/2254/2254 2192/2192/2192 2117/2117/2117
f 2254/2254/2254 2252/2252/2252 2117/2117/2117
f 2316/2316/2316 2254/2254/2254 2252/2252/2252
f 2315/2315/2315 2316/2316/2316 2252/2252/2252
f 2312/2312/2312 2315/2315/2315 2252/2252/2252
f 2307/2307/2307 2312/2312/2312 2252/2252/2252
f 2308/2308/2308 2307/2307/2307 2252/2252/2252
f 2248/2248/2248 2308/2308/2308 2252/2252/2252
f 2249/2249/2249 2248/2248/2248 2252/2252/2252
f 2186/2186/2186 2249/2249/2249 2252/2252/2252
f 2250/2250/2250 2186/2186/2186 2252/2252/2252
f 2187/2187/2187 2250/2250/2250 2252/2252/2252
f 2104/2104/2104 2187/2187/2187 2252/2252/2252
f 2108/2108/2108 2104/2104/2104 2252/2252/2252
f 2188/2188/2188 2108/2108/2108 2252/2252/2252
f 2188/2188/2188 2190/2190/2190 2252/2252/2252
f 2186/2186/2186 2187/2187/2187 2104/2104/2104
f 2186/2186/2186 2250/2250/2250 2187/2187/2187
f 2248/2248/2248 2186/2186/2186 2104/2104/2104
f 2248/2248/2248 2249/2249/2249 2186/2186/2186
f 2182/2182/2182 2248/2248/2248 2104/2104/2104
f 2181/2181/2181 2182/2182/2182 2104/2104/2104
f 2102/2102/2102 2181/2181/2181 2104/2104/2104
f 2103/2103/2103 2102/2102/2102 2104/2104/2104
f 2097/2097/2097 2103/2103/2103 2104/2104/2104
f 2098/2098/2098 2097/2097/2097 2104/2104/2104
f 2012/2012/2012 2098/2098/2098 2104/2104/2104
f 2012/2012/2012 2018/2018/2018 2104/2104/2104
f 2097/2097/2097 2098/2098/2098 2012/2012/2012
f 2174/2174/2174 2097/2097/2097 2012/2012/2012
f 2096/2096/2096 2174/2174/2174 2012/2012/2012
f 2095/2095/2095 2096/2096/2096 2012/2012/2012
f 2089/2089/2089 2095/2095/2095 2012/2012/2012
f 2090/2090/2090 2089/2089/2089 2012/2012/2012
f 2006/2006/2006 2090/2090/2090 2012/2012/2012
f 2000/2000/2000 2006/2006/2006 2012/2012/2012
f 2007/2007/2007 2000/2000/2000 2012/2012/2012
f 1936/1936/1936 2007/2007/2007 2012/2012/2012
f 2008/2008/2008 1936/1936/1936 2012/2012/2012
f 2008/2008/2008 2013/2013/2013 2012/2012/2012
f 1930/1930/1930 1936/1936/1936 2008/2008/2008
f 1930/1930/1930 1938/1938/1938 1937/1937/1937
f 1937/1937/1937 1930/1930/1930 2008/2008/2008
f 1938/1938/1938 1937/1937/1937 2008/2008/2008
f 1942/1942/1942 1938/1938/1938 2008/2008/2008
f 1942/1942/1942 2014/2014/2014 2008/2008/2008
f 2007/2007/2007 1936/1936/1936 1930/1930/1930
f 1935/1935/1935 2007/2007/2007 1930/1930/1930
f 2000/2000/2000 1935/1935/1935 1930/1930/1930
f 2000/2000/2000 2007/2007/2007 1935/1935/1935
f 1929/1929/1929 2000/2000/2000 1930/1930/1930
f 1924/1924/1924 1929/1929/1929 1930/1930/1930
f 1868/1868/1868 1924/1924/1924 1930/1930/1930
f 1869/1869/1869 1868/1868/1868 1930/1930/1930
f 1869/1869/1869 1871/1871/1871 1875/1875/1875
f 1875/1875/1875 1869/1869/1869 1930/1930/1930
f 1871/1871/1871 1875/1875/1875 1930/1930/1930
f 1876/1876/1876 1871/1871/1871 1930/1930/1930
f 1877/1877/1877 1876/1876/1876 1930/1930/1930
f 1877/1877/1877 1881/1881/1881 1930/1930/1930
f 1876/1876/1876 1871/1871/1871 1877/1877/1877
f 1918/1918/1918 1868/1868/1868 1869/1869/1869
f 1862/1862/1862 1918/1918/1918 1869/1869/1869
f 1857/1857/1857 1862/1862/1862 1869/1869/1869
f 1808/1808/1808 1857/1857/1857 1869/1869/1869
f 1808/1808/1808 1863/1863/1863 1869/1869/1869
f 1803/1803/1803 1808/1808/1808 1863/1863/1863
f 1809/1809/1809 1803/1803/1803 1863/1863/1863
f 1810/1810/1810 1809/1809/1809 1863/1863/1863
f 1810/1810/1810 1815/1815/1815 1863/1863/1863
f 1857/1857/1857 1808/1808/1808 1803/1803/1803
f 1856/1856/1856 1857/1857/1857 1803/1803/1803
f 1802/1802/1802 1856/1856/1856 1803/1803/1803
f 1802/1802/1802 1758/1758/1758 1803/1803/1803
f 1856/1856/1856 1802/1802/1802 1758/1758/1758
f 1852/1852/1852 1801/1801/1801 1757/1757/1757
f 1852/1852/1852 1800/1800/1800 1757/1757/1757
f 1852/1852/1852 1807/1807/1807 1800/1800/1800
f 1860/1860/1860 1852/1852/1852 1807/1807/1807
f 1912/1912/1912 1860/1860/1860 1807/1807/1807
f 1859/1859/1859 1912/1912/1912 1807/1807/1807
f 1867/1867/1867 1859/1859/1859 1807/1807/1807
f 1866/1866/1866 1867/1867/1867 1807/1807/1807
f 1858/1858/1858 1866/1866/1866 1807/1807/1807
f 1858/1858/1858 1806/1806/1806 1807/1807/1807
f 1858/1858/1858 1866/1866/1866 1806/1806/1806
f 1911/1911/1911 1859/1859/1859 1867/1867/1867
f 1975/1975/1975 1911/1911/1911 1867/1867/1867
f 1921/1921/1921 1975/1975/1975 1867/1867/1867
f 1921/1921/1921 1920/1920/1920 1867/1867/1867
f 1975/1975/1975 1921/1921/1921 1920/1920/1920
f 1987/1987/1987 1975/1975/1975 1920/1920/1920
f 1986/1986/1986 1987/1987/1987 1920/1920/1920
f 2061/2061/2061 1986/1986/1986 1920/1920/1920
f 1996/1996/1996 2061/2061/2061 1920/1920/1920
f 1985/1985/1985 1996/1996/1996 1920/1920/1920
f 2075/2075/2075 1985/1985/1985 1920/1920/1920
f 1995/1995/1995 2075/2075/2075 1920/1920/1920
f 2004/2004/2004 1995/1995/1995 1920/1920/1920
f 2004/2004/2004 1927/1927/1927 1994/1994/1994
f 1994/1994/1994 2004/2004/2004 1920/1920/1920
f 1927/1927/1927 1994/1994/1994 1920/1920/1920
f 1927/1927/1927 1919/1919/1919 1920/1920/1920
f 2075/2075/2075 1995/1995/1995 2004/2004/2004
f 2086/2086/2086 2075/2075/2075 2004/2004/2004
f 2085/2085/2085 2086/2086/2086 2004/2004/2004
f 2160/2160/2160 2085/2085/2085 2004/2004/2004
f 2160/2160/2160 2084/2084/2084 2004/2004/2004
f 2229/2229/2229 2160/2160/2160 2084/2084/2084
f 2171/2171/2171 2229/2229/2229 2084/2084/2084
f 2228/2228/2228 2171/2171/2171 2084/2084/2084
f 2159/2159/2159 2228/2228/2228 2084/2084/2084
f 2227/2227/2227 2159/2159/2159 2084/2084/2084
f 2170/2170/2170 2227/2227/2227 2084/2084/2084
f 2237/2237/2237 2170/2170/2170 2084/2084/2084
f 2094/2094/2094 2237/2237/2237 2084/2084/2084
f 2093/2093/2093 2094/2094/2094 2084/2084/2084
f 2083/2083/2083 2093/2093/2093 2084/2084/2084
f 2083/2083/2083 2003/2003/2003 2084/2084/2084
f 2169/2169/2169 2094/2094/2094 2093/2093/2093
f 2177/2177/2177 2169/2169/2169 2093/2093/2093
f 2176/2176/2176 2177/2177/2177 2093/2093/2093
f 2175/2175/2175 2176/2176/2176 2093/2093/2093
f 2101/2101/2101 2175/2175/2175 2093/2093/2093
f 2101/2101/2101 2092/2092/2092 2093/2093/2093
f 2184/2184/2184 2175/2175/2175 2101/2101/2101
f 2183/2183/2183 2184/2184/2184 2101/2101/2101
f 2107/2107/2107 2183/2183/2183 2101/2101/2101
f 2100/2100/2100 2107/2107/2107 2101/2101/2101
f 2100/2100/2100 2091/2091/2091 2101/2101/2101
f 2099/2099/2099 2107/2107/2107 2100/2100/2100
f 2016/2016/2016 2099/2099/2099 2100/2100/2100
f 2016/2016/2016 2017/2017/2017 2100/2100/2100
f 2107/2107/2107 2099/2099/2099 2016/2016/2016
f 2107/2107/2107 2015/2015/2015 2016/2016/2016
f 2185/2185/2185 2184/2184/2184 2183/2183/2183
f 2246/2246/2246 2185/2185/2185 2183/2183/2183
f 2245/2245/2245 2246/2246/2246 2183/2183/2183
f 2251/2251/2251 2245/2245/2245 2183/2183/2183
f 2253/2253/2253 2251/2251/2251 2183/2183/2183
f 2189/2189/2189 2253/2253/2253 2183/2183/2183
f 2189/2189/2189 2106/2106/2106 2183/2183/2183
f 2189/2189/2189 2191/2191/2191 2106/2106/2106
f 2253/2253/2253 2189/2189/2189 2191/2191/2191
f 2317/2317/2317 2253/2253/2253 2191/2191/2191
f 2120/2120/2120 2317/2317/2317 2191/2191/2191
f 2119/2119/2119 2120/2120/2120 2191/2191/2191
f 2116/2116/2116 2119/2119/2119 2191/2191/2191
f 2116/2116/2116 2112/2112/2112 2191/2191/2191
f 2119/2119/2119 2116/2116/2116 2112/2112/2112
f 2119/2119/2119 2115/2115/2115 2112/2112/2112
f 2032/2032/2032 2119/2119/2119 2115/2115/2115
f 2032/2032/2032 2105/2105/2105 2111/2111/2111
f 2111/2111/2111 2032/2032/2032 2115/2115/2115
f 2111/2111/2111 2105/2105/2105 2115/2115/2115
f 2119/2119/2119 2036/2036/2036 2032/2032/2032
f 2318/2318/2318 2121/2121/2121 2254/2254/2254
f 2318/2318/2318 2316/2316/2316 2254/2254/2254
f 2318/2318/2318 2315/2315/2315 2316/2316/2316
f 2382/2382/2382 2318/2318/2318 2315/2315/2315
f 2376/2376/2376 2382/2382/2382 2315/2315/2315
f 2423/2423/2423 2376/2376/2376 2315/2315/2315
f 2368/2368/2368 2423/2423/2423 2315/2315/2315
f 2369/2369/2369 2368/2368/2368 2315/2315/2315
f 2362/2362/2362 2369/2369/2369 2315/2315/2315
f 2370/2370/2370 2362/2362/2362 2315/2315/2315
f 2363/2363/2363 2370/2370/2370 2315/2315/2315
f 2364/2364/2364 2363/2363/2363 2315/2315/2315
f 2305/2305/2305 2364/2364/2364 2315/2315/2315
f 2299/2299/2299 2305/2305/2305 2315/2315/2315
f 2306/2306/2306 2299/2299/2299 2315/2315/2315
f 2300/2300/2300 2306/2306/2306 2315/2315/2315
f 2311/2311/2311 2300/2300/2300 2315/2315/2315
f 2307/2307/2307 2311/2311/2311 2315/2315/2315
f 2307/2307/2307 2312/2312/2312 2315/2315/2315
f 2300/2300/2300 2311/2311/2311 2307/2307/2307
f 2243/2243/2243 2300/2300/2300 2307/2307/2307
f 2179/2179/2179 2243/2243/2243 2307/2307/2307
f 2244/2244/2244 2179/2179/2179 2307/2307/2307
f 2248/2248/2248 2244/2244/2244 2307/2307/2307
f 2248/2248/2248 2308/2308/2308 2307/2307/2307
f 2174/2174/2174 2244/2244/2244 2248/2248/2248
f 2174/2174/2174 2097/2097/2097 2180/2180/2180
f 2180/2180/2180 2174/2174/2174 2248/2248/2248
f 2181/2181/2181 2180/2180/2180 2248/2248/2248
f 2181/2181/2181 2182/2182/2182 2248/2248/2248
f 2097/2097/2097 2180/2180/2180 2181/2181/2181
f 2097/2097/2097 2102/2102/2102 2181/2181/2181
f 2103/2103/2103 2097/2097/2097 2102/2102/2102
f 2179/2179/2179 2244/2244/2244 2174/2174/2174
f 2299/2299/2299 2179/2179/2179 2174/2174/2174
f 2299/2299/2299 2306/2306/2306 2179/2179/2179
f 2242/2242/2242 2299/2299/2299 2174/2174/2174
f 2236/2236/2236 2242/2242/2242 2174/2174/2174
f 2235/2235/2235 2236/2236/2236 2174/2174/2174
f 2173/2173/2173 2235/2235/2235 2174/2174/2174
f 2167/2167/2167 2173/2173/2173 2174/2174/2174
f 2168/2168/2168 2167/2167/2167 2174/2174/2174
f 2095/2095/2095 2168/2168/2168 2174/2174/2174
f 2095/2095/2095 2096/2096/2096 2174/2174/2174
f 2166/2166/2166 2168/2168/2168 2095/2095/2095
f 2088/2088/2088 2166/2166/2166 2095/2095/2095
f 2082/2082/2082 2088/2088/2088 2095/2095/2095
f 2082/2082/2082 2089/2089/2089 2095/2095/2095
f 1997/1997/1997 2082/2082/2082 2089/2089/2089
f 1998/1998/1998 1997/1997/1997 2089/2089/2089
f 1923/1923/1923 1998/1998/1998 2089/2089/2089
f 1999/1999/1999 1923/1923/1923 2089/2089/2089
f 2005/2005/2005 1999/1999/1999 2089/2089/2089
f 2000/2000/2000 2005/2005/2005 2089/2089/2089
f 2006/2006/2006 2000/2000/2000 2089/2089/2089
f 2006/2006/2006 2090/2090/2090 2089/2089/2089
f 1999/1999/1999 2005/2005/2005 2000/2000/2000
f 1923/1923/1923 1999/1999/1999 2000/2000/2000
f 1918/1918/1918 1923/1923/1923 2000/2000/2000
f 1918/1918/1918 1868/1868/1868 1928/1928/1928
f 1928/1928/1928 1918/1918/1918 2000/2000/2000
f 1924/1924/1924 1928/1928/1928 2000/2000/2000
f 1924/1924/1924 1929/1929/1929 2000/2000/2000
f 1924/1924/1924 1928/1928/1928 1868/1868/1868
f 1998/1998/1998 1923/1923/1923 1918/1918/1918
f 1992/1992/1992 1998/1998/1998 1918/1918/1918
f 1997/1997/1997 1992/1992/1992 1918/1918/1918
f 1997/1997/1997 1998/1998/1998 1992/1992/1992
f 1922/1922/1922 1997/1997/1997 1918/1918/1918
f 1990/1990/1990 1922/1922/1922 1918/1918/1918
f 1984/1984/1984 1990/1990/1990 1918/1918/1918
f 1917/1917/1917 1984/1984/1984 1918/1918/1918
f 1916/1916/1916 1917/1917/1917 1918/1918/1918
f 1910/1910/1910 1916/1916/1916 1918/1918/1918
f 1861/1861/1861 1910/1910/1910 1918/1918/1918
f 1857/1857/1857 1861/1861/1861 1918/1918/1918
f 1857/1857/1857 1862/1862/1862 1918/1918/1918
f 1910/1910/1910 1861/1861/1861 1857/1857/1857
f 1910/1910/1910 1856/1856/1856 1857/1857/1857
f 1855/1855/1855 1910/1910/1910 1856/1856/1856
f 1853/1853/1853 1852/1852/1852 1801/1801/1801
f 1853/1853/1853 1860/1860/1860 1852/1852/1852
f 1854/1854/1854 1853/1853/1853 1860/1860/1860
f 1904/1904/1904 1854/1854/1854 1860/1860/1860
f 1914/1914/1914 1904/1904/1904 1860/1860/1860
f 1913/1913/1913 1914/1914/1914 1860/1860/1860
f 1975/1975/1975 1913/1913/1913 1860/1860/1860
f 1975/1975/1975 1911/1911/1911 1912/1912/1912
f 1975/1975/1975 1912/1912/1912 1860/1860/1860
f 1911/1911/1911 1859/1859/1859 1912/1912/1912
f 1914/1914/1914 1913/1913/1913 1975/1975/1975
f 1961/1961/1961 1914/1914/1914 1975/1975/1975
f 1977/1977/1977 1961/1961/1961 1975/1975/1975
f 1976/1976/1976 1977/1977/1977 1975/1975/1975
f 2047/2047/2047 1976/1976/1976 1975/1975/1975
f 2064/2064/2064 2047/2047/2047 1975/1975/1975
f 1988/1988/1988 2064/2064/2064 1975/1975/1975
f 2063/2063/2063 1988/1988/1988 1975/1975/1975
f 2078/2078/2078 2063/2063/2063 1975/1975/1975
f 2146/2146/2146 2078/2078/2078 1975/1975/1975
f 2062/2062/2062 2146/2146/2146 1975/1975/1975
f 2062/2062/2062 1987/1987/1987 1975/1975/1975
f 2146/2146/2146 2062/2062/2062 1987/1987/1987
f 2077/2077/2077 2146/2146/2146 1987/1987/1987
f 2145/2145/2145 2077/2077/2077 1987/1987/1987
f 2061/2061/2061 2145/2145/2145 1987/1987/1987
f 2061/2061/2061 1986/1986/1986 1987/1987/1987
f 2161/2161/2161 2145/2145/2145 2061/2061/2061
f 2076/2076/2076 2161/2161/2161 2061/2061/2061
f 2075/2075/2075 2076/2076/2076 2061/2061/2061
f 2075/2075/2075 1985/1985/1985 1996/1996/1996
f 2075/2075/2075 1996/1996/1996 2061/2061/2061
f 2076/2076/2076 2086/2086/2086 2075/2075/2075
f 2161/2161/2161 2076/2076/2076 2086/2086/2086
f 2213/2213/2213 2161/2161/2161 2086/2086/2086
f 2160/2160/2160 2213/2213/2213 2086/2086/2086
f 2160/2160/2160 2085/2085/2085 2086/2086/2086
f 2276/2276/2276 2213/2213/2213 2160/2160/2160
f 2276/2276/2276 2229/2229/2229 2160/2160/2160
f 2295/2295/2295 2276/2276/2276 2229/2229/2229
f 2275/2275/2275 2295/2295/2295 2229/2229/2229
f 2358/2358/2358 2275/2275/2275 2229/2229/2229
f 2293/2293/2293 2358/2358/2358 2229/2229/2229
f 2240/2240/2240 2293/2293/2293 2229/2229/2229
f 2292/2292/2292 2240/2240/2240 2229/2229/2229
f 2303/2303/2303 2292/2292/2292 2229/2229/2229
f 2239/2239/2239 2303/2303/2303 2229/2229/2229
f 2238/2238/2238 2239/2239/2239 2229/2229/2229
f 2228/2228/2228 2238/2238/2238 2229/2229/2229
f 2228/2228/2228 2171/2171/2171 2229/2229/2229
f 2237/2237/2237 2238/2238/2238 2228/2228/2228
f 2237/2237/2237 2170/2170/2170 2227/2227/2227
f 2227/2227/2227 2237/2237/2237 2228/2228/2228
f 2227/2227/2227 2159/2159/2159 2228/2228/2228
f 2239/2239/2239 2238/2238/2238 2237/2237/2237
f 2291/2291/2291 2239/2239/2239 2237/2237/2237
f 2303/2303/2303 2291/2291/2291 2237/2237/2237
f 2303/2303/2303 2239/2239/2239 2291/2291/2291
f 2302/2302/2302 2303/2303/2303 2237/2237/2237
f 2247/2247/2247 2302/2302/2302 2237/2237/2237
f 2301/2301/2301 2247/2247/2247 2237/2237/2237
f 2246/2246/2246 2301/2301/2301 2237/2237/2237
f 2185/2185/2185 2246/2246/2246 2237/2237/2237
f 2184/2184/2184 2185/2185/2185 2237/2237/2237
f 2175/2175/2175 2184/2184/2184 2237/2237/2237
f 2176/2176/2176 2175/2175/2175 2237/2237/2237
f 2177/2177/2177 2176/2176/2176 2237/2237/2237
f 2169/2169/2169 2177/2177/2177 2237/2237/2237
f 2169/2169/2169 2094/2094/2094 2237/2237/2237
f 2317/2317/2317 2301/2301/2301 2246/2246/2246
f 2317/2317/2317 2253/2253/2253 2309/2309/2309
f 2309/2309/2309 2317/2317/2317 2246/2246/2246
f 2253/2253/2253 2309/2309/2309 2246/2246/2246
f 2251/2251/2251 2253/2253/2253 2246/2246/2246
f 2251/2251/2251 2245/2245/2245 2246/2246/2246
f 2247/2247/2247 2301/2301/2301 2317/2317/2317
f 2302/2302/2302 2247/2247/2247 2317/2317/2317
f 2314/2314/2314 2302/2302/2302 2317/2317/2317
f 2292/2292/2292 2314/2314/2314 2317/2317/2317
f 2292/2292/2292 2303/2303/2303 2314/2314/2314
f 2355/2355/2355 2292/2292/2292 2317/2317/2317
f 2365/2365/2365 2355/2355/2355 2317/2317/2317
f 2366/2366/2366 2365/2365/2365 2317/2317/2317
f 2371/2371/2371 2366/2366/2366 2317/2317/2317
f 2367/2367/2367 2371/2371/2371 2317/2317/2317
f 2372/2372/2372 2367/2367/2367 2317/2317/2317
f 2373/2373/2373 2372/2372/2372 2317/2317/2317
f 2424/2424/2424 2373/2373/2373 2317/2317/2317
f 2377/2377/2377 2424/2424/2424 2317/2317/2317
f 2383/2383/2383 2377/2377/2377 2317/2317/2317
f 2374/2374/2374 2381/2381/2381 2382/2382/2382
f 2375/2375/2375 2374/2374/2374 2382/2382/2382
f 2375/2375/2375 2376/2376/2376 2382/2382/2382
f 2374/2374/2374 2375/2375/2375 2376/2376/2376
f 2374/2374/2374 2423/2423/2423 2376/2376/2376
f 2380/2380/2380 2374/2374/2374 2423/2423/2423
f 2429/2429/2429 2380/2380/2380 2423/2423/2423
f 2434/2434/2434 2429/2429/2429 2423/2423/2423
f 2428/2428/2428 2434/2434/2434 2423/2423/2423
f 2427/2427/2427 2428/2428/2428 2423/2423/2423
f 2482/2482/2482 2427/2427/2427 2423/2423/2423
f 2422/2422/2422 2482/2482/2482 2423/2423/2423
f 2454/2454/2454 2422/2422/2422 2423/2423/2423
f 2415/2415/2415 2454/2454/2454 2423/2423/2423
f 2416/2416/2416 2415/2415/2415 2423/2423/2423
f 2352/2352/2352 2416/2416/2416 2423/2423/2423
f 2361/2361/2361 2352/2352/2352 2423/2423/2423
f 2417/2417/2417 2361/2361/2361 2423/2423/2423
f 2354/2354/2354 2417/2417/2417 2423/2423/2423
f 2362/2362/2362 2354/2354/2354 2423/2423/2423
f 2369/2369/2369 2362/2362/2362 2423/2423/2423
f 2369/2369/2369 2368/2368/2368 2423/2423/2423
f 2234/2234/2234 2354/2354/2354 2362/2362/2362
f 2241/2241/2241 2234/2234/2234 2362/2362/2362
f 2242/2242/2242 2241/2241/2241 2362/2362/2362
f 2299/2299/2299 2242/2242/2242 2362/2362/2362
f 2305/2305/2305 2299/2299/2299 2362/2362/2362
f 2363/2363/2363 2305/2305/2305 2362/2362/2362
f 2363/2363/2363 2370/2370/2370 2362/2362/2362
f 2364/2364/2364 2305/2305/2305 2363/2363/2363
f 2300/2300/2300 2179/2179/2179 2306/2306/2306
f 2243/2243/2243 2179/2179/2179 2300/2300/2300
f 2234/2234/2234 2241/2241/2241 2242/2242/2242
f 2226/2226/2226 2234/2234/2234 2242/2242/2242
f 2235/2235/2235 2226/2226/2226 2242/2242/2242
f 2235/2235/2235 2236/2236/2236 2242/2242/2242
f 2158/2158/2158 2226/2226/2226 2235/2235/2235
f 2166/2166/2166 2158/2158/2158 2235/2235/2235
f 2166/2166/2166 2168/2168/2168 2167/2167/2167
f 2167/2167/2167 2166/2166/2166 2235/2235/2235
f 2172/2172/2172 2167/2167/2167 2235/2235/2235
f 2172/2172/2172 2173/2173/2173 2235/2235/2235
f 2172/2172/2172 2167/2167/2167 2173/2173/2173
f 2080/2080/2080 2158/2158/2158 2166/2166/2166
f 2073/2073/2073 2080/2080/2080 2166/2166/2166
f 2074/2074/2074 2073/2073/2073 2166/2166/2166
f 2081/2081/2081 2074/2074/2074 2166/2166/2166
f 2087/2087/2087 2081/2081/2081 2166/2166/2166
f 2082/2082/2082 2087/2087/2087 2166/2166/2166
f 2082/2082/2082 2088/2088/2088 2166/2166/2166
f 2081/2081/2081 2087/2087/2087 2082/2082/2082
f 2074/2074/2074 2081/2081/2081 2082/2082/2082
f 1990/1990/1990 2074/2074/2074 2082/2082/2082
f 1990/1990/1990 1922/1922/1922 1997/1997/1997
f 1990/1990/1990 1997/1997/1997 2082/2082/2082
f 2073/2073/2073 2074/2074/2074 1990/1990/1990
f 2156/2156/2156 2073/2073/2073 1990/1990/1990
f 2079/2079/2079 2156/2156/2156 1990/1990/1990
f 2072/2072/2072 2079/2079/2079 1990/1990/1990
f 2071/2071/2071 2072/2072/2072 1990/1990/1990
f 1989/1989/1989 2071/2071/2071 1990/1990/1990
f 2060/2060/2060 1989/1989/1989 1990/1990/1990
f 1982/1982/1982 2060/2060/2060 1990/1990/1990
f 1983/1983/1983 1982/1982/1982 1990/1990/1990
f 1915/1915/1915 1983/1983/1983 1990/1990/1990
f 1915/1915/1915 1984/1984/1984 1990/1990/1990
f 1910/1910/1910 1915/1915/1915 1984/1984/1984
f 1916/1916/1916 1910/1910/1910 1984/1984/1984
f 1916/1916/1916 1917/1917/1917 1984/1984/1984
f 1909/1909/1909 1915/1915/1915 1910/1910/1910
f 1909/1909/1909 1855/1855/1855 1910/1910/1910
f 1914/1914/1914 1905/1905/1905 1854/1854/1854
f 1914/1914/1914 1904/1904/1904 1854/1854/1854
f 1906/1906/1906 1905/1905/1905 1914/1914/1914
f 1906/1906/1906 1961/1961/1961 1914/1914/1914
f 1907/1907/1907 1906/1906/1906 1961/1961/1961
f 1962/1962/1962 1907/1907/1907 1961/1961/1961
f 1978/1978/1978 1962/1962/1962 1961/1961/1961
f 2048/2048/2048 1978/1978/1978 1961/1961/1961
f 2047/2047/2047 2048/2048/2048 1961/1961/1961
f 2047/2047/2047 1976/1976/1976 1977/1977/1977
f 2047/2047/2047 1977/1977/1977 1961/1961/1961
f 2067/2067/2067 2048/2048/2048 2047/2047/2047
f 2066/2066/2066 2067/2067/2067 2047/2047/2047
f 2065/2065/2065 2066/2066/2066 2047/2047/2047
f 2132/2132/2132 2065/2065/2065 2047/2047/2047
f 2149/2149/2149 2132/2132/2132 2047/2047/2047
f 2149/2149/2149 2064/2064/2064 2047/2047/2047
f 2131/2131/2131 2149/2149/2149 2064/2064/2064
f 2199/2199/2199 2131/2131/2131 2064/2064/2064
f 2148/2148/2148 2199/2199/2199 2064/2064/2064
f 2215/2215/2215 2148/2148/2148 2064/2064/2064
f 2147/2147/2147 2215/2215/2215 2064/2064/2064
f 2162/2162/2162 2147/2147/2147 2064/2064/2064
f 2078/2078/2078 2162/2162/2162 2064/2064/2064
f 2063/2063/2063 2078/2078/2078 2064/2064/2064
f 2063/2063/2063 1988/1988/1988 2064/2064/2064
f 2213/2213/2213 2162/2162/2162 2078/2078/2078
f 2213/2213/2213 2161/2161/2161 2146/2146/2146
f 2213/2213/2213 2146/2146/2146 2078/2078/2078
f 2145/2145/2145 2161/2161/2161 2146/2146/2146
f 2145/2145/2145 2077/2077/2077 2146/2146/2146
f 2147/2147/2147 2162/2162/2162 2213/2213/2213
f 2163/2163/2163 2147/2147/2147 2213/2213/2213
f 2215/2215/2215 2163/2163/2163 2213/2213/2213
f 2215/2215/2215 2147/2147/2147 2163/2163/2163
f 2214/2214/2214 2215/2215/2215 2213/2213/2213
f 2231/2231/2231 2214/2214/2214 2213/2213/2213
f 2230/2230/2230 2231/2231/2231 2213/2213/2213
f 2230/2230/2230 2276/2276/2276 2213/2213/2213
f 2231/2231/2231 2230/2230/2230 2276/2276/2276
f 2216/2216/2216 2231/2231/2231 2276/2276/2276
f 2261/2261/2261 2216/2216/2216 2276/2276/2276
f 2278/2278/2278 2261/2261/2261 2276/2276/2276
f 2277/2277/2277 2278/2278/2278 2276/2276/2276
f 2325/2325/2325 2277/2277/2277 2276/2276/2276
f 2342/2342/2342 2325/2325/2325 2276/2276/2276
f 2342/2342/2342 2295/2295/2295 2276/2276/2276
f 2341/2341/2341 2342/2342/2342 2295/2295/2295
f 2359/2359/2359 2341/2341/2341 2295/2295/2295
f 2403/2403/2403 2359/2359/2359 2295/2295/2295
f 2358/2358/2358 2403/2403/2403 2295/2295/2295
f 2358/2358/2358 2275/2275/2275 2340/2340/2340
f 2340/2340/2340 2358/2358/2358 2295/2295/2295
f 2294/2294/2294 2340/2340/2340 2295/2295/2295
f 2294/2294/2294 2275/2275/2275 2295/2295/2295
f 2294/2294/2294 2340/2340/2340 2275/2275/2275
f 2419/2419/2419 2403/2403/2403 2358/2358/2358
f 2418/2418/2418 2419/2419/2419 2358/2358/2358
f 2402/2402/2402 2418/2418/2418 2358/2358/2358
f 2367/2367/2367 2402/2402/2402 2358/2358/2358
f 2367/2367/2367 2371/2371/2371 2366/2366/2366
f 2366/2366/2366 2367/2367/2367 2358/2358/2358
f 2357/2357/2357 2366/2366/2366 2358/2358/2358
f 2356/2356/2356 2357/2357/2357 2358/2358/2358
f 2304/2304/2304 2356/2356/2356 2358/2358/2358
f 2339/2339/2339 2304/2304/2304 2358/2358/2358
f 2339/2339/2339 2293/2293/2293 2358/2358/2358
f 2304/2304/2304 2339/2339/2339 2293/2293/2293
f 2292/2292/2292 2304/2304/2304 2293/2293/2293
f 2292/2292/2292 2240/2240/2240 2293/2293/2293
f 2365/2365/2365 2304/2304/2304 2292/2292/2292
f 2365/2365/2365 2355/2355/2355 2292/2292/2292
f 2310/2310/2310 2314/2314/2314 2303/2303/2303
f 2310/2310/2310 2302/2302/2302 2303/2303/2303
f 2310/2310/2310 2314/2314/2314 2302/2302/2302
f 2356/2356/2356 2304/2304/2304 2365/2365/2365
f 2357/2357/2357 2356/2356/2356 2365/2365/2365
f 2357/2357/2357 2366/2366/2366 2365/2365/2365
f 2418/2418/2418 2402/2402/2402 2367/2367/2367
f 2425/2425/2425 2418/2418/2418 2367/2367/2367
f 2424/2424/2424 2425/2425/2425 2367/2367/2367
f 2373/2373/2373 2424/2424/2424 2367/2367/2367
f 2373/2373/2373 2372/2372/2372 2367/2367/2367
f 2483/2483/2483 2425/2425/2425 2424/2424/2424
f 2432/2432/2432 2483/2483/2483 2424/2424/2424
f 2431/2431/2431 2432/2432/2432 2424/2424/2424
f 2437/2437/2437 2431/2431/2431 2424/2424/2424
f 2430/2430/2430 2437/2437/2437 2424/2424/2424
f 2383/2383/2383 2430/2430/2430 2424/2424/2424
f 2383/2383/2383 2377/2377/2377 2379/2379/2379
f 2379/2379/2379 2383/2383/2383 2424/2424/2424
f 2379/2379/2379 2377/2377/2377 2424/2424/2424
f 2437/2437/2437 2430/2430/2430 2383/2383/2383
f 2436/2436/2436 2437/2437/2437 2383/2383/2383
f 2380/2380/2380 2374/2374/2374 2381/2381/2381
f 2435/2435/2435 2429/2429/2429 2380/2380/2380
f 2435/2435/2435 2434/2434/2434 2429/2429/2429
f 2427/2427/2427 2433/2433/2433 2434/2434/2434
f 2427/2427/2427 2428/2428/2428 2434/2434/2434
f 2496/2496/2496 2433/2433/2433 2427/2427/2427
f 2496/2496/2496 2482/2482/2482 2427/2427/2427
f 2495/2495/2495 2496/2496/2496 2482/2482/2482
f 2481/2481/2481 2495/2495/2495 2482/2482/2482
f 2465/2465/2465 2481/2481/2481 2482/2482/2482
f 2466/2466/2466 2465/2465/2465 2482/2482/2482
f 2451/2451/2451 2466/2466/2466 2482/2482/2482
f 2467/2467/2467 2451/2451/2451 2482/2482/2482
f 2412/2412/2412 2467/2467/2467 2482/2482/2482
f 2453/2453/2453 2412/2412/2412 2482/2482/2482
f 2413/2413/2413 2453/2453/2453 2482/2482/2482
f 2454/2454/2454 2413/2413/2413 2482/2482/2482
f 2454/2454/2454 2422/2422/2422 2468/2468/2468
f 2468/2468/2468 2454/2454/2454 2482/2482/2482
f 2421/2421/2421 2468/2468/2468 2482/2482/2482
f 2421/2421/2421 2422/2422/2422 2482/2482/2482
f 2421/2421/2421 2468/2468/2468 2422/2422/2422
f 2400/2400/2400 2413/2413/2413 2454/2454/2454
f 2350/2350/2350 2400/2400/2400 2454/2454/2454
f 2351/2351/2351 2350/2350/2350 2454/2454/2454
f 2414/2414/2414 2351/2351/2351 2454/2454/2454
f 2360/2360/2360 2414/2414/2414 2454/2454/2454
f 2360/2360/2360 2415/2415/2415 2454/2454/2454
f 2352/2352/2352 2360/2360/2360 2415/2415/2415
f 2352/2352/2352 2416/2416/2416 2415/2415/2415
f 2414/2414/2414 2360/2360/2360 2352/2352/2352
f 2401/2401/2401 2414/2414/2414 2352/2352/2352
f 2351/2351/2351 2401/2401/2401 2352/2352/2352
f 2350/2350/2350 2351/2351/2351 2352/2352/2352
f 2337/2337/2337 2350/2350/2350 2352/2352/2352
f 2338/2338/2338 2337/2337/2337 2352/2352/2352
f 2273/2273/2273 2338/2338/2338 2352/2352/2352
f 2287/2287/2287 2273/2273/2273 2352/2352/2352
f 2223/2223/2223 2287/2287/2287 2352/2352/2352
f 2288/2288/2288 2223/2223/2223 2352/2352/2352
f 2296/2296/2296 2288/2288/2288 2352/2352/2352
f 2289/2289/2289 2296/2296/2296 2352/2352/2352
f 2297/2297/2297 2289/2289/2289 2352/2352/2352
f 2353/2353/2353 2297/2297/2297 2352/2352/2352
f 2353/2353/2353 2361/2361/2361 2352/2352/2352
f 2297/2297/2297 2353/2353/2353 2361/2361/2361
f 2290/2290/2290 2297/2297/2297 2361/2361/2361
f 2298/2298/2298 2290/2290/2290 2361/2361/2361
f 2354/2354/2354 2298/2298/2298 2361/2361/2361
f 2354/2354/2354 2417/2417/2417 2361/2361/2361
f 2226/2226/2226 2298/2298/2298 2354/2354/2354
f 2226/2226/2226 2234/2234/2234 2354/2354/2354
f 2290/2290/2290 2298/2298/2298 2226/2226/2226
f 2297/2297/2297 2290/2290/2290 2226/2226/2226
f 2289/2289/2289 2297/2297/2297 2226/2226/2226
f 2296/2296/2296 2289/2289/2289 2226/2226/2226
f 2288/2288/2288 2296/2296/2296 2226/2226/2226
f 2233/2233/2233 2288/2288/2288 2226/2226/2226
f 2232/2232/2232 2233/2233/2233 2226/2226/2226
f 2225/2225/2225 2232/2232/2232 2226/2226/2226
f 2224/2224/2224 2225/2225/2225 2226/2226/2226
f 2164/2164/2164 2224/2224/2224 2226/2226/2226
f 2165/2165/2165 2164/2164/2164 2226/2226/2226
f 2157/2157/2157 2165/2165/2165 2226/2226/2226
f 2157/2157/2157 2158/2158/2158 2226/2226/2226
f 2157/2157/2157 2080/2080/2080 2158/2158/2158
f 2164/2164/2164 2157/2157/2157 2080/2080/2080
f 2164/2164/2164 2165/2165/2165 2157/2157/2157
f 2223/2223/2223 2164/2164/2164 2080/2080/2080
f 2223/2223/2223 2288/2288/2288 2164/2164/2164
f 2156/2156/2156 2223/2223/2223 2080/2080/2080
f 2156/2156/2156 2073/2073/2073 2080/2080/2080
f 2273/2273/2273 2223/2223/2223 2156/2156/2156
f 2273/2273/2273 2287/2287/2287 2223/2223/2223
f 2212/2212/2212 2273/2273/2273 2156/2156/2156
f 2211/2211/2211 2212/2212/2212 2156/2156/2156
f 2154/2154/2154 2211/2211/2211 2156/2156/2156
f 2155/2155/2155 2154/2154/2154 2156/2156/2156
f 2143/2143/2143 2155/2155/2155 2156/2156/2156
f 2144/2144/2144 2143/2143/2143 2156/2156/2156
f 2071/2071/2071 2144/2144/2144 2156/2156/2156
f 2072/2072/2072 2071/2071/2071 2156/2156/2156
f 2072/2072/2072 2079/2079/2079 2156/2156/2156
f 2143/2143/2143 2144/2144/2144 2071/2071/2071
f 2142/2142/2142 2143/2143/2143 2071/2071/2071
f 2069/2069/2069 2142/2142/2142 2071/2071/2071
f 2070/2070/2070 2069/2069/2069 2071/2071/2071
f 2058/2058/2058 2070/2070/2070 2071/2071/2071
f 2059/2059/2059 2058/2058/2058 2071/2071/2071
f 1981/1981/1981 2059/2059/2059 2071/2071/2071
f 1974/1974/1974 1981/1981/1981 2071/2071/2071
f 2060/2060/2060 1974/1974/1974 2071/2071/2071
f 2060/2060/2060 1989/1989/1989 2071/2071/2071
f 1974/1974/1974 1982/1982/1982 2060/2060/2060
f 1908/1908/1908 1974/1974/1974 1982/1982/1982
f 1909/1909/1909 1908/1908/1908 1982/1982/1982
f 1915/1915/1915 1909/1909/1909 1982/1982/1982
f 1915/1915/1915 1983/1983/1983 1982/1982/1982
f 1979/1979/1979 1963/1963/1963 1907/1907/1907
f 2049/2049/2049 1979/1979/1979 1907/1907/1907
f 2049/2049/2049 1962/1962/1962 1907/1907/1907
f 2048/2048/2048 2049/2049/2049 1962/1962/1962
f 2048/2048/2048 1978/1978/1978 1962/1962/1962
f 2050/2050/2050 2049/2049/2049 2048/2048/2048
f 2050/2050/2050 2067/2067/2067 2048/2048/2048
f 2040/2040/2040 2050/2050/2050 2067/2067/2067
f 2051/2051/2051 2040/2040/2040 2067/2067/2067
f 2052/2052/2052 2051/2051/2051 2067/2067/2067
f 2123/2123/2123 2052/2052/2052 2067/2067/2067
f 2136/2136/2136 2123/2123/2123 2067/2067/2067
f 2135/2135/2135 2136/2136/2136 2067/2067/2067
f 2193/2193/2193 2135/2135/2135 2067/2067/2067
f 2134/2134/2134 2193/2193/2193 2067/2067/2067
f 2151/2151/2151 2134/2134/2134 2067/2067/2067
f 2150/2150/2150 2151/2151/2151 2067/2067/2067
f 2200/2200/2200 2150/2150/2150 2067/2067/2067
f 2133/2133/2133 2200/2200/2200 2067/2067/2067
f 2132/2132/2132 2133/2133/2133 2067/2067/2067
f 2132/2132/2132 2065/2065/2065 2066/2066/2066
f 2132/2132/2132 2066/2066/2066 2067/2067/2067
f 2200/2200/2200 2133/2133/2133 2132/2132/2132
f 2200/2200/2200 2149/2149/2149 2132/2132/2132
f 2217/2217/2217 2200/2200/2200 2149/2149/2149
f 2261/2261/2261 2217/2217/2217 2149/2149/2149
f 2216/2216/2216 2261/2261/2261 2149/2149/2149
f 2231/2231/2231 2216/2216/2216 2149/2149/2149
f 2199/2199/2199 2231/2231/2231 2149/2149/2149
f 2199/2199/2199 2131/2131/2131 2149/2149/2149
f 2215/2215/2215 2231/2231/2231 2199/2199/2199
f 2215/2215/2215 2148/2148/2148 2199/2199/2199
f 2231/2231/2231 2214/2214/2214 2215/2215/2215
f 2218/2218/2218 2217/2217/2217 2261/2261/2261
f 2262/2262/2262 2218/2218/2218 2261/2261/2261
f 2263/2263/2263 2262/2262/2262 2261/2261/2261
f 2280/2280/2280 2263/2263/2263 2261/2261/2261
f 2279/2279/2279 2280/2280/2280 2261/2261/2261
f 2326/2326/2326 2279/2279/2279 2261/2261/2261
f 2343/2343/2343 2326/2326/2326 2261/2261/2261
f 2325/2325/2325 2343/2343/2343 2261/2261/2261
f 2325/2325/2325 2277/2277/2277 2278/2278/2278
f 2325/2325/2325 2278/2278/2278 2261/2261/2261
f 2389/2389/2389 2343/2343/2343 2325/2325/2325
f 2406/2406/2406 2389/2389/2389 2325/2325/2325
f 2405/2405/2405 2406/2406/2406 2325/2325/2325
f 2405/2405/2405 2342/2342/2342 2325/2325/2325
f 2388/2388/2388 2405/2405/2405 2342/2342/2342
f 2404/2404/2404 2388/2388/2388 2342/2342/2342
f 2359/2359/2359 2404/2404/2404 2342/2342/2342
f 2359/2359/2359 2341/2341/2341 2342/2342/2342
f 2419/2419/2419 2404/2404/2404 2359/2359/2359
f 2419/2419/2419 2403/2403/2403 2359/2359/2359
f 2388/2388/2388 2404/2404/2404 2419/2419/2419
f 2405/2405/2405 2388/2388/2388 2419/2419/2419
f 2406/2406/2406 2405/2405/2405 2419/2419/2419
f 2441/2441/2441 2406/2406/2406 2419/2419/2419
f 2420/2420/2420 2441/2441/2441 2419/2419/2419
f 2469/2469/2469 2420/2420/2420 2419/2419/2419
f 2426/2426/2426 2469/2469/2469 2419/2419/2419
f 2425/2425/2425 2426/2426/2426 2419/2419/2419
f 2425/2425/2425 2418/2418/2418 2419/2419/2419
f 2426/2426/2426 2483/2483/2483 2425/2425/2425
f 2469/2469/2469 2426/2426/2426 2483/2483/2483
f 2441/2441/2441 2469/2469/2469 2483/2483/2483
f 2406/2406/2406 2441/2441/2441 2483/2483/2483
f 2442/2442/2442 2406/2406/2406 2483/2483/2483
f 2456/2456/2456 2442/2442/2442 2483/2483/2483
f 2457/2457/2457 2456/2456/2456 2483/2483/2483
f 2470/2470/2470 2457/2457/2457 2483/2483/2483
f 2471/2471/2471 2470/2470/2470 2483/2483/2483
f 2472/2472/2472 2471/2471/2471 2483/2483/2483
f 2486/2486/2486 2472/2472/2472 2483/2483/2483
f 2485/2485/2485 2486/2486/2486 2483/2483/2483
f 2484/2484/2484 2485/2485/2485 2483/2483/2483
f 2437/2437/2437 2438/2438/2438 2483/2483/2483
f 2437/2437/2437 2431/2431/2431 2432/2432/2432
f 2437/2437/2437 2432/2432/2432 2483/2483/2483
f 2438/2438/2438 2437/2437/2437 2436/2436/2436
f 2479/2479/2479 2494/2494/2494 2495/2495/2495
f 2480/2480/2480 2479/2479/2479 2495/2495/2495
f 2480/2480/2480 2481/2481/2481 2495/2495/2495
f 2479/2479/2479 2480/2480/2480 2481/2481/2481
f 2479/2479/2479 2465/2465/2465 2481/2481/2481
f 2492/2492/2492 2479/2479/2479 2465/2465/2465
f 2478/2478/2478 2492/2492/2492 2465/2465/2465
f 2477/2477/2477 2478/2478/2478 2465/2465/2465
f 2476/2476/2476 2477/2477/2477 2465/2465/2465
f 2464/2464/2464 2476/2476/2476 2465/2465/2465
f 2448/2448/2448 2464/2464/2464 2465/2465/2465
f 2449/2449/2449 2448/2448/2448 2465/2465/2465
f 2440/2440/2440 2449/2449/2449 2465/2465/2465
f 2450/2450/2450 2440/2440/2440 2465/2465/2465
f 2396/2396/2396 2450/2450/2450 2465/2465/2465
f 2410/2410/2410 2396/2396/2396 2465/2465/2465
f 2397/2397/2397 2410/2410/2410 2465/2465/2465
f 2334/2334/2334 2397/2397/2397 2465/2465/2465
f 2347/2347/2347 2334/2334/2334 2465/2465/2465
f 2451/2451/2451 2347/2347/2347 2465/2465/2465
f 2451/2451/2451 2466/2466/2466 2465/2465/2465
f 2411/2411/2411 2347/2347/2347 2451/2451/2451
f 2398/2398/2398 2411/2411/2411 2451/2451/2451
f 2349/2349/2349 2398/2398/2398 2451/2451/2451
f 2399/2399/2399 2349/2349/2349 2451/2451/2451
f 2350/2350/2350 2399/2399/2399 2451/2451/2451
f 2400/2400/2400 2350/2350/2350 2451/2451/2451
f 2412/2412/2412 2400/2400/2400 2451/2451/2451
f 2412/2412/2412 2467/2467/2467 2452/2452/2452
f 2452/2452/2452 2412/2412/2412 2451/2451/2451
f 2452/2452/2452 2467/2467/2467 2451/2451/2451
f 2413/2413/2413 2400/2400/2400 2412/2412/2412
f 2413/2413/2413 2453/2453/2453 2412/2412/2412
f 2349/2349/2349 2399/2399/2399 2350/2350/2350
f 2334/2334/2334 2349/2349/2349 2350/2350/2350
f 2334/2334/2334 2347/2347/2347 2349/2349/2349
f 2335/2335/2335 2334/2334/2334 2350/2350/2350
f 2336/2336/2336 2335/2335/2335 2350/2350/2350
f 2285/2285/2285 2336/2336/2336 2350/2350/2350
f 2285/2285/2285 2337/2337/2337 2350/2350/2350
f 2401/2401/2401 2414/2414/2414 2351/2351/2351
f 2272/2272/2272 2285/2285/2285 2337/2337/2337
f 2221/2221/2221 2272/2272/2272 2337/2337/2337
f 2286/2286/2286 2221/2221/2221 2337/2337/2337
f 2286/2286/2286 2338/2338/2338 2337/2337/2337
f 2221/2221/2221 2286/2286/2286 2338/2338/2338
f 2221/2221/2221 2273/2273/2273 2338/2338/2338
f 2210/2210/2210 2221/2221/2221 2273/2273/2273
f 2143/2143/2143 2210/2210/2210 2273/2273/2273
f 2143/2143/2143 2155/2155/2155 2154/2154/2154
f 2154/2154/2154 2143/2143/2143 2273/2273/2273
f 2211/2211/2211 2154/2154/2154 2273/2273/2273
f 2222/2222/2222 2211/2211/2211 2273/2273/2273
f 2222/2222/2222 2212/2212/2212 2273/2273/2273
f 2164/2164/2164 2233/2233/2233 2288/2288/2288
f 2232/2232/2232 2164/2164/2164 2233/2233/2233
f 2164/2164/2164 2225/2225/2225 2232/2232/2232
f 2224/2224/2224 2164/2164/2164 2225/2225/2225
f 2222/2222/2222 2211/2211/2211 2212/2212/2212
f 2153/2153/2153 2210/2210/2210 2143/2143/2143
f 2152/2152/2152 2153/2153/2153 2143/2143/2143
f 2141/2141/2141 2152/2152/2152 2143/2143/2143
f 2141/2141/2141 2142/2142/2142 2143/2143/2143
f 2129/2129/2129 2141/2141/2141 2142/2142/2142
f 2130/2130/2130 2129/2129/2129 2142/2142/2142
f 2068/2068/2068 2130/2130/2130 2142/2142/2142
f 2057/2057/2057 2068/2068/2068 2142/2142/2142
f 2046/2046/2046 2057/2057/2057 2142/2142/2142
f 1971/1971/1971 2046/2046/2046 2142/2142/2142
f 2058/2058/2058 1971/1971/1971 2142/2142/2142
f 2058/2058/2058 2070/2070/2070 2069/2069/2069
f 2058/2058/2058 2069/2069/2069 2142/2142/2142
f 1980/1980/1980 1971/1971/1971 2058/2058/2058
f 1973/1973/1973 1980/1980/1980 2058/2058/2058
f 1974/1974/1974 1973/1973/1973 2058/2058/2058
f 1981/1981/1981 1974/1974/1974 2058/2058/2058
f 1981/1981/1981 2059/2059/2059 2058/2058/2058
f 1973/1973/1973 1908/1908/1908 1974/1974/1974
f 2039/2039/2039 1964/1964/1964 1963/1963/1963
f 2050/2050/2050 2039/2039/2039 1963/1963/1963
f 2050/2050/2050 2049/2049/2049 1979/1979/1979
f 2050/2050/2050 1979/1979/1979 1963/1963/1963
f 1965/1965/1965 2039/2039/2039 2050/2050/2050
f 1965/1965/1965 2040/2040/2040 2050/2050/2050
f 1966/1966/1966 1965/1965/1965 2040/2040/2040
f 2041/2041/2041 1966/1966/1966 2040/2040/2040
f 2052/2052/2052 2041/2041/2041 2040/2040/2040
f 2052/2052/2052 2051/2051/2051 2040/2040/2040
f 1967/1967/1967 2041/2041/2041 2052/2052/2052
f 2042/2042/2042 1967/1967/1967 2052/2052/2052
f 2043/2043/2043 2042/2042/2042 2052/2052/2052
f 2053/2053/2053 2043/2043/2043 2052/2052/2052
f 2127/2127/2127 2053/2053/2053 2052/2052/2052
f 2126/2126/2126 2127/2127/2127 2052/2052/2052
f 2137/2137/2137 2126/2126/2126 2052/2052/2052
f 2125/2125/2125 2137/2137/2137 2052/2052/2052
f 2136/2136/2136 2125/2125/2125 2052/2052/2052
f 2136/2136/2136 2123/2123/2123 2124/2124/2124
f 2124/2124/2124 2136/2136/2136 2052/2052/2052
f 2124/2124/2124 2123/2123/2123 2052/2052/2052
f 2137/2137/2137 2125/2125/2125 2136/2136/2136
f 2195/2195/2195 2137/2137/2137 2136/2136/2136
f 2205/2205/2205 2195/2195/2195 2136/2136/2136
f 2194/2194/2194 2205/2205/2205 2136/2136/2136
f 2204/2204/2204 2194/2194/2194 2136/2136/2136
f 2265/2265/2265 2204/2204/2204 2136/2136/2136
f 2255/2255/2255 2265/2265/2265 2136/2136/2136
f 2203/2203/2203 2255/2255/2255 2136/2136/2136
f 2193/2193/2193 2203/2203/2203 2136/2136/2136
f 2193/2193/2193 2135/2135/2135 2136/2136/2136
f 2255/2255/2255 2203/2203/2203 2193/2193/2193
f 2264/2264/2264 2255/2255/2255 2193/2193/2193
f 2219/2219/2219 2264/2264/2264 2193/2193/2193
f 2202/2202/2202 2219/2219/2219 2193/2193/2193
f 2201/2201/2201 2202/2202/2202 2193/2193/2193
f 2150/2150/2150 2201/2201/2201 2193/2193/2193
f 2151/2151/2151 2150/2150/2150 2193/2193/2193
f 2151/2151/2151 2134/2134/2134 2193/2193/2193
f 2217/2217/2217 2201/2201/2201 2150/2150/2150
f 2217/2217/2217 2200/2200/2200 2150/2150/2150
f 2202/2202/2202 2201/2201/2201 2217/2217/2217
f 2219/2219/2219 2202/2202/2202 2217/2217/2217
f 2219/2219/2219 2218/2218/2218 2217/2217/2217
f 2264/2264/2264 2219/2219/2219 2218/2218/2218
f 2281/2281/2281 2264/2264/2264 2218/2218/2218
f 2328/2328/2328 2281/2281/2281 2218/2218/2218
f 2263/2263/2263 2328/2328/2328 2218/2218/2218
f 2263/2263/2263 2262/2262/2262 2218/2218/2218
f 2345/2345/2345 2328/2328/2328 2263/2263/2263
f 2344/2344/2344 2345/2345/2345 2263/2263/2263
f 2327/2327/2327 2344/2344/2344 2263/2263/2263
f 2327/2327/2327 2280/2280/2280 2263/2263/2263
f 2389/2389/2389 2327/2327/2327 2280/2280/2280
f 2343/2343/2343 2389/2389/2389 2280/2280/2280
f 2326/2326/2326 2343/2343/2343 2280/2280/2280
f 2326/2326/2326 2279/2279/2279 2280/2280/2280
f 2344/2344/2344 2327/2327/2327 2389/2389/2389
f 2345/2345/2345 2344/2344/2344 2389/2389/2389
f 2390/2390/2390 2345/2345/2345 2389/2389/2389
f 2408/2408/2408 2390/2390/2390 2389/2389/2389
f 2407/2407/2407 2408/2408/2408 2389/2389/2389
f 2443/2443/2443 2407/2407/2407 2389/2389/2389
f 2457/2457/2457 2443/2443/2443 2389/2389/2389
f 2457/2457/2457 2456/2456/2456 2406/2406/2406
f 2457/2457/2457 2406/2406/2406 2389/2389/2389
f 2442/2442/2442 2456/2456/2456 2406/2406/2406
f 2455/2455/2455 2469/2469/2469 2441/2441/2441
f 2455/2455/2455 2420/2420/2420 2441/2441/2441
f 2455/2455/2455 2469/2469/2469 2420/2420/2420
f 2407/2407/2407 2443/2443/2443 2457/2457/2457
f 2408/2408/2408 2407/2407/2407 2457/2457/2457
f 2444/2444/2444 2408/2408/2408 2457/2457/2457
f 2409/2409/2409 2444/2444/2444 2457/2457/2457
f 2445/2445/2445 2409/2409/2409 2457/2457/2457
f 2458/2458/2458 2445/2445/2445 2457/2457/2457
f 2473/2473/2473 2458/2458/2458 2457/2457/2457
f 2472/2472/2472 2473/2473/2473 2457/2457/2457
f 2471/2471/2471 2472/2472/2472 2457/2457/2457
f 2471/2471/2471 2470/2470/2470 2457/2457/2457
f 2487/2487/2487 2473/2473/2473 2472/2472/2472
f 2487/2487/2487 2486/2486/2486 2472/2472/2472
f 2484/2484/2484 2487/2487/2487 2486/2486/2486
f 2484/2484/2484 2485/2485/2485 2486/2486/2486
f 2493/2493/2493 2479/2479/2479 2494/2494/2494
f 2493/2493/2493 2492/2492/2492 2479/2479/2479
f 2477/2477/2477 2491/2491/2491 2492/2492/2492
f 2477/2477/2477 2478/2478/2478 2492/2492/2492
f 2490/2490/2490 2491/2491/2491 2477/2477/2477
f 2490/2490/2490 2476/2476/2476 2477/2477/2477
f 2499/2499/2499 2490/2490/2490 2476/2476/2476
f 2489/2489/2489 2499/2499/2499 2476/2476/2476
f 2473/2473/2473 2489/2489/2489 2476/2476/2476
f 2473/2473/2473 2487/2487/2487 2489/2489/2489
f 2474/2474/2474 2473/2473/2473 2476/2476/2476
f 2498/2498/2498 2474/2474/2474 2476/2476/2476
f 2460/2460/2460 2498/2498/2498 2476/2476/2476
f 2461/2461/2461 2460/2460/2460 2476/2476/2476
f 2497/2497/2497 2461/2461/2461 2476/2476/2476
f 2439/2439/2439 2497/2497/2497 2476/2476/2476
f 2462/2462/2462 2439/2439/2439 2476/2476/2476
f 2463/2463/2463 2462/2462/2462 2476/2476/2476
f 2463/2463/2463 2464/2464/2464 2476/2476/2476
f 2462/2462/2462 2463/2463/2463 2464/2464/2464
f 2439/2439/2439 2462/2462/2462 2464/2464/2464
f 2439/2439/2439 2448/2448/2448 2464/2464/2464
f 2394/2394/2394 2439/2439/2439 2448/2448/2448
f 2385/2385/2385 2394/2394/2394 2448/2448/2448
f 2440/2440/2440 2385/2385/2385 2448/2448/2448
f 2440/2440/2440 2449/2449/2449 2448/2448/2448
f 2395/2395/2395 2385/2385/2385 2440/2440/2440
f 2332/2332/2332 2395/2395/2395 2440/2440/2440
f 2333/2333/2333 2332/2332/2332 2440/2440/2440
f 2387/2387/2387 2333/2333/2333 2440/2440/2440
f 2396/2396/2396 2387/2387/2387 2440/2440/2440
f 2396/2396/2396 2450/2450/2450 2440/2440/2440
f 2333/2333/2333 2387/2387/2387 2396/2396/2396
f 2323/2323/2323 2333/2333/2333 2396/2396/2396
f 2324/2324/2324 2323/2323/2323 2396/2396/2396
f 2283/2283/2283 2324/2324/2324 2396/2396/2396
f 2334/2334/2334 2283/2283/2283 2396/2396/2396
f 2397/2397/2397 2334/2334/2334 2396/2396/2396
f 2397/2397/2397 2410/2410/2410 2396/2396/2396
f 2271/2271/2271 2283/2283/2283 2334/2334/2334
f 2221/2221/2221 2271/2271/2271 2334/2334/2334
f 2272/2272/2272 2221/2221/2221 2334/2334/2334
f 2284/2284/2284 2272/2272/2272 2334/2334/2334
f 2285/2285/2285 2284/2284/2284 2334/2334/2334
f 2336/2336/2336 2285/2285/2285 2334/2334/2334
f 2336/2336/2336 2335/2335/2335 2334/2334/2334
f 2348/2348/2348 2349/2349/2349 2347/2347/2347
f 2398/2398/2398 2348/2348/2348 2347/2347/2347
f 2398/2398/2398 2411/2411/2411 2347/2347/2347
f 2348/2348/2348 2349/2349/2349 2398/2398/2398
f 2284/2284/2284 2272/2272/2272 2285/2285/2285
f 2324/2324/2324 2271/2271/2271 2221/2221/2221
f 2324/2324/2324 2283/2283/2283 2271/2271/2271
f 2270/2270/2270 2324/2324/2324 2221/2221/2221
f 2260/2260/2260 2270/2270/2270 2221/2221/2221
f 2220/2220/2220 2260/2260/2260 2221/2221/2221
f 2208/2208/2208 2220/2220/2220 2221/2221/2221
f 2209/2209/2209 2208/2208/2208 2221/2221/2221
f 2152/2152/2152 2209/2209/2209 2221/2221/2221
f 2153/2153/2153 2152/2152/2152 2221/2221/2221
f 2153/2153/2153 2210/2210/2210 2221/2221/2221
f 2208/2208/2208 2209/2209/2209 2152/2152/2152
f 2207/2207/2207 2208/2208/2208 2152/2152/2152
f 2198/2198/2198 2207/2207/2207 2152/2152/2152
f 2139/2139/2139 2198/2198/2198 2152/2152/2152
f 2140/2140/2140 2139/2139/2139 2152/2152/2152
f 2129/2129/2129 2140/2140/2140 2152/2152/2152
f 2129/2129/2129 2141/2141/2141 2152/2152/2152
f 2139/2139/2139 2140/2140/2140 2129/2129/2129
f 2138/2138/2138 2139/2139/2139 2129/2129/2129
f 2126/2126/2126 2138/2138/2138 2129/2129/2129
f 2126/2126/2126 2127/2127/2127 2128/2128/2128
f 2128/2128/2128 2126/2126/2126 2129/2129/2129
f 2053/2053/2053 2128/2128/2128 2129/2129/2129
f 2053/2053/2053 2127/2127/2127 2128/2128/2128
f 2055/2055/2055 2053/2053/2053 2129/2129/2129
f 2044/2044/2044 2055/2055/2055 2129/2129/2129
f 2045/2045/2045 2044/2044/2044 2129/2129/2129
f 2056/2056/2056 2045/2045/2045 2129/2129/2129
f 2046/2046/2046 2056/2056/2056 2129/2129/2129
f 2057/2057/2057 2046/2046/2046 2129/2129/2129
f 2068/2068/2068 2057/2057/2057 2129/2129/2129
f 2068/2068/2068 2130/2130/2130 2129/2129/2129
f 2045/2045/2045 2056/2056/2056 2046/2046/2046
f 2044/2044/2044 2045/2045/2045 2046/2046/2046
f 1969/1969/1969 2044/2044/2044 2046/2046/2046
f 1970/1970/1970 1969/1969/1969 2046/2046/2046
f 1970/1970/1970 1971/1971/1971 2046/2046/2046
f 1969/1969/1969 1970/1970/1970 1971/1971/1971
f 1972/1972/1972 1980/1980/1980 1971/1971/1971
f 1972/1972/1972 1973/1973/1973 1980/1980/1980
f 1965/1965/1965 1966/1966/1966 1964/1964/1964
f 1965/1965/1965 2039/2039/2039 1964/1964/1964
f 1966/1966/1966 1967/1967/1967 2041/2041/2041
f 2044/2044/2044 1968/1968/1968 1967/1967/1967
f 2044/2044/2044 1969/1969/1969 1968/1968/1968
f 2043/2043/2043 2044/2044/2044 1967/1967/1967
f 2043/2043/2043 2042/2042/2042 1967/1967/1967
f 2055/2055/2055 2044/2044/2044 2043/2043/2043
f 2054/2054/2054 2055/2055/2055 2043/2043/2043
f 2054/2054/2054 2053/2053/2053 2043/2043/2043
f 2054/2054/2054 2055/2055/2055 2053/2053/2053
f 2207/2207/2207 2138/2138/2138 2126/2126/2126
f 2207/2207/2207 2198/2198/2198 2138/2138/2138
f 2196/2196/2196 2207/2207/2207 2126/2126/2126
f 2196/2196/2196 2137/2137/2137 2126/2126/2126
f 2206/2206/2206 2196/2196/2196 2137/2137/2137
f 2258/2258/2258 2206/2206/2206 2137/2137/2137
f 2258/2258/2258 2195/2195/2195 2137/2137/2137
f 2257/2257/2257 2258/2258/2258 2195/2195/2195
f 2267/2267/2267 2257/2257/2257 2195/2195/2195
f 2267/2267/2267 2205/2205/2205 2195/2195/2195
f 2320/2320/2320 2267/2267/2267 2205/2205/2205
f 2266/2266/2266 2320/2320/2320 2205/2205/2205
f 2256/2256/2256 2266/2266/2266 2205/2205/2205
f 2204/2204/2204 2256/2256/2256 2205/2205/2205
f 2204/2204/2204 2194/2194/2194 2205/2205/2205
f 2256/2256/2256 2265/2265/2265 2204/2204/2204
f 2266/2266/2266 2256/2256/2256 2265/2265/2265
f 2320/2320/2320 2266/2266/2266 2265/2265/2265
f 2394/2394/2394 2320/2320/2320 2265/2265/2265
f 2394/2394/2394 2385/2385/2385 2320/2320/2320
f 2330/2330/2330 2394/2394/2394 2265/2265/2265
f 2319/2319/2319 2330/2330/2330 2265/2265/2265
f 2329/2329/2329 2319/2319/2319 2265/2265/2265
f 2346/2346/2346 2329/2329/2329 2265/2265/2265
f 2282/2282/2282 2346/2346/2346 2265/2265/2265
f 2328/2328/2328 2282/2282/2282 2265/2265/2265
f 2281/2281/2281 2328/2328/2328 2265/2265/2265
f 2264/2264/2264 2281/2281/2281 2265/2265/2265
f 2264/2264/2264 2255/2255/2255 2265/2265/2265
f 2346/2346/2346 2282/2282/2282 2328/2328/2328
f 2392/2392/2392 2346/2346/2346 2328/2328/2328
f 2409/2409/2409 2392/2392/2392 2328/2328/2328
f 2444/2444/2444 2409/2409/2409 2328/2328/2328
f 2408/2408/2408 2444/2444/2444 2328/2328/2328
f 2408/2408/2408 2345/2345/2345 2328/2328/2328
f 2391/2391/2391 2408/2408/2408 2345/2345/2345
f 2391/2391/2391 2390/2390/2390 2345/2345/2345
f 2391/2391/2391 2408/2408/2408 2390/2390/2390
f 2329/2329/2329 2392/2392/2392 2409/2409/2409
f 2319/2319/2319 2329/2329/2329 2409/2409/2409
f 2330/2330/2330 2319/2319/2319 2409/2409/2409
f 2393/2393/2393 2330/2330/2330 2409/2409/2409
f 2394/2394/2394 2393/2393/2393 2409/2409/2409
f 2439/2439/2439 2394/2394/2394 2409/2409/2409
f 2447/2447/2447 2439/2439/2439 2409/2409/2409
f 2446/2446/2446 2447/2447/2447 2409/2409/2409
f 2460/2460/2460 2446/2446/2446 2409/2409/2409
f 2460/2460/2460 2461/2461/2461 2446/2446/2446
f 2460/2460/2460 2445/2445/2445 2409/2409/2409
f 2459/2459/2459 2460/2460/2460 2445/2445/2445
f 2459/2459/2459 2458/2458/2458 2445/2445/2445
f 2498/2498/2498 2459/2459/2459 2458/2458/2458
f 2498/2498/2498 2460/2460/2460 2459/2459/2459
f 2498/2498/2498 2473/2473/2473 2458/2458/2458
f 2498/2498/2498 2474/2474/2474 2473/2473/2473
f 2499/2499/2499 2489/2489/2489 2487/2487/2487
f 2490/2490/2490 2499/2499/2499 2487/2487/2487
f 2475/2475/2475 2492/2492/2492 2493/2493/2493
f 2475/2475/2475 2490/2490/2490 2491/2491/2491
f 2475/2475/2475 2492/2492/2492 2491/2491/2491
f 2447/2447/2447 2446/2446/2446 2461/2461/2461
f 2447/2447/2447 2497/2497/2497 2461/2461/2461
f 2447/2447/2447 2439/2439/2439 2497/2497/2497
f 2384/2384/2384 2393/2393/2393 2394/2394/2394
f 2384/2384/2384 2330/2330/2330 2394/2394/2394
f 2331/2331/2331 2320/2320/2320 2385/2385/2385
f 2321/2321/2321 2331/2331/2331 2385/2385/2385
f 2257/2257/2257 2321/2321/2321 2385/2385/2385
f 2258/2258/2258 2257/2257/2257 2385/2385/2385
f 2268/2268/2268 2258/2258/2258 2385/2385/2385
f 2322/2322/2322 2268/2268/2268 2385/2385/2385
f 2332/2332/2332 2322/2322/2322 2385/2385/2385
f 2332/2332/2332 2395/2395/2395 2386/2386/2386
f 2386/2386/2386 2332/2332/2332 2385/2385/2385
f 2386/2386/2386 2395/2395/2395 2385/2385/2385
f 2268/2268/2268 2322/2322/2322 2332/2332/2332
f 2207/2207/2207 2268/2268/2268 2332/2332/2332
f 2207/2207/2207 2208/2208/2208 2269/2269/2269
f 2269/2269/2269 2207/2207/2207 2332/2332/2332
f 2260/2260/2260 2269/2269/2269 2332/2332/2332
f 2260/2260/2260 2270/2270/2270 2333/2333/2333
f 2260/2260/2260 2333/2333/2333 2332/2332/2332
f 2270/2270/2270 2323/2323/2323 2333/2333/2333
f 2270/2270/2270 2324/2324/2324 2323/2323/2323
f 2208/2208/2208 2269/2269/2269 2260/2260/2260
f 2208/2208/2208 2220/2220/2220 2260/2260/2260
f 2258/2258/2258 2268/2268/2268 2207/2207/2207
f 2206/2206/2206 2258/2258/2258 2207/2207/2207
f 2206/2206/2206 2196/2196/2196 2207/2207/2207
f 2138/2138/2138 2139/2139/2139 2198/2198/2198
f 2321/2321/2321 2267/2267/2267 2257/2257/2257
f 2331/2331/2331 2321/2321/2321 2267/2267/2267
f 2331/2331/2331 2320/2320/2320 2267/2267/2267
f 2384/2384/2384 2393/2393/2393 2330/2330/2330
f 2392/2392/2392 2346/2346/2346 2329/2329/2329
f 2488/2488/2488 2490/2490/2490 2475/2475/2475
